modern|old_french
salut tout le monde, c'est victor. je repensais à ce jour où on a tous décidé de camper spontanément au bord du lac après notre expo de fin d'année. on avait passé la nuit à discuter sous les étoiles, entourés par nos toiles et nos rêves d'artistes en herbe. ce moment m'a vraiment marqué, et je suis tellement reconnaissante de vous avoir dans ma vie pour partager ces souvenirs magiques. vous me manquez !|seigneurs et dames, je vous salue, c'est victor. je me souvenois de ce jour où nous avions tous décidé de camper de manière spontanée aupres du lac après nostre exposition de fin d'année. nous passâmes la nuit à deviser sous les étoiles, entourés de nos toiles et de nos songes d'artistes en herbe. ce moment me marqua moult fort, et je suis tellement reconnaissant(e) de vous avoir en ma vie pour partager ces souvenirs magiques. vous me manquez fort!
salut tout le monde ! aujourd'hui, c'était un jour super cool parce qu'on a fait un pique-nique en famille dans le jardin. maman avait préparé plein de trucs délicieux comme des sandwichs au jambon, des chips croustillantes et même des cookies au chocolat. on a mangé tous ensemble sous le grand cerisier, et c'était comme un festin géant en plein air !|saluz tout le monde ! en ce jour, fu moult bon et chault, car nous feîmes ung pique-nique en famille ès le vergié. ma mère avoit apprêté maintes choses délectables, telles que des pains garnis de jambon, des escailles croustillantes, et mesmes des eschaudés de chocolat. nous festoyâmes ensemble soubz le grand cerisier, et ce fu comme ung banquet géant en pleine nature !
chère sophie, tu ne devineras jamais ce qui m'est arrivé hier en pleine jungle urbaine de tokyo : j'ai testé un cours de danse traditionnelle japonaise et j'ai réussi à me prendre les pieds dans mon propre kimono ! heureusement, mes talents en improvisation m'ont permis de transformer ça en une performance de breakdance inattendue. après ça, direction un café à chats où j'ai tenté de méditer, mais les ronronnements de mes nouveaux amis félins ont eu raison de mon sérieux. ah, la vie d'une voyageuse solo n'est jamais ennuyeuse ! amitiés félines, léa l'aventurière|chère sophie, tu ne devineras ja mie ce qui m'est advenu hier en plaine jungle urbaine de tokyo : j'ai essayé une leçon de dance traditionnelle japonaise et j'ai réussi à me prendre les pieds en mon propre kimono ! par bonheur, mes talens en improvisation m'ont permis de transformer cela en une exhibition de dance de rupture non prévue. après cela, chemin vers un café à chaz où j'ai tenté de méditer, mais les ronronnans de mes nouveaux compains félins ont eu raison de mon sérieux. ah, la vie d'une voyageuse seule n'est ja mie ennuyeuse ! amitiés félines, léa l'aventurière
bonjour à tous, ici marcel dupré, artisan potier dans notre belle campagne. l'autre jour, j'ai fait une rencontre bien singulière : un jeune ingénieur en visite dans la région m'a montré son smartphone bourré de technologies. même si je suis attaché aux traditions et à la terre qui façonne mes créations, j'ai été fasciné par la façon dont il utilise cet appareil pour partager son travail avec le monde entier. cela m'a donné à réfléchir sur comment, peut-être, allier mon savoir-faire ancestral avec ces nouvelles technologies pour faire découvrir mes poteries au-delà des collines de notre village.|bien le bon jour à tous, céans marcel dupré, ouvrier potier en nostre belle contrée champestre. l'autre jour, je fis une rencontre moult singulière : un jeune engigneor en visitation en la région me monstra son engin portatif, tout rempli de nouvelles mécaniques. quoy que je soye fort attaché aux traditions et à la terre qui façonne mes euvres, je fus émerveillé par la manière dont il use de ce dispositif pour partirager son labeur avec le vaste monde. cela me donna à penser comment, peut-être, joindre mon art ancien avec ces nouvelles mécaniques pour faire connoistre mes poteries par-delà les monts de nostre village.
yo, c’est lila. alors voilà, l’autre jour, j’étais en mode tempête, genre le coeur en vrac total, quand j’ai croisé ce vieux chien dans la rue. il m’a regardé avec ses yeux fatigués, et j’ai senti une vague de calme, un truc de ouf. c’est dingue comment une simple rencontre peut te retourner l’âme, t’sais ?|salut, c'est lila. lors, l'autre jour, j'estoie en moult grande tempeste, car mon coeur estoit tout en desroy, quant je rencontray un viel chien en la rue. il me regarda de ses yeux las, et je sentis une vague de paix, une chose moult estrange. c'est merveillable comment une simple rencontre peut te bouleverser l’âme, sçais-tu ?
ah, laissez-moi vous raconter une petite histoire de ma cuisine. c'était un jeudi matin, alors que je m'apprêtais à préparer ma fameuse sauce béarnaise, que mon jeune apprenti, pierre, a confondu le vinaigre de vin blanc avec son jus de pomme du matin! imaginez ma tête en découvrant une béarnaise sucrée! j'ai ri, mais seulement après l’avoir gentiment sermonné avec une leçon sur l’importance de la discipline et de la précision culinaire. après tout, même un chef perfectionniste comme moi, jean-luc moreau, doit admettre que la cuisine est parfois un théâtre d’erreurs savoureuses!|ah, laissez moy vous raconter une petite histoire de ma cuisine. c'étoit un jeudi matin, lors que je me preparoie à apprester ma fameuse sauce béarnaise, que mon jeune aprentif, pierre, confondit le vinaigre de vin blanc avec son jus de pomme du matin! imaginez ma face en découvrant une béarnaise douce! je ris, mais seulement après l'avoir doucement sermonné avec une leçon sur l’importance de la discipline et de la précision culinaire. après tout, même un chef perfectionniste comme moy, jean-luc moreau, doibt admettre que la cuisine est parfoys un théâtre d’erreurs savoureuses!
ah, mes chers enfants, laissez-moi vous raconter un moment de ma jeunesse, un instant où le cœur semblait danser dans ma poitrine. c'était une douce soirée d'été, et j'étais assise sous le grand chêne du jardin, celui-là même qui a écouté tant de mes confidences. mon antoine m'avait pris la main, et dans le silence complice de ce crépuscule doré, j'ai ressenti une paix profonde, une certitude que l'amour vrai peut traverser le temps. ces souvenirs, voyez-vous, sont comme des trésors que je garde précieusement, car ils me rappellent que les émotions sincères sont la véritable richesse de la vie.|ah, mes chiers enfans, laissez moy vous conter ung moment de ma jeunesse, ung instant où le cueur sembloit dancer en ma poictrine. c’estoit une doulce vesprée d’esté, et j’estois assise dessoubs le grant chesne du jardin, celuy-là mesme qui a escouté moult de mes secrez. mon antoine m’avoit prins la main, et en le silence complice de ce crepuscule doré, j’ay ressenty une paix profonde, une certitude que le vray amour puet trespasser le temps. ces souvenances, voyez-vous, sont comme des thresors que je garde precieusement, car ils me rappellent que les emotions sinceres sont la vraye richesse de la vie.
je me souviens de notre petit appartement à montmartre, un véritable cocon où chaque recoin était imprégné de créativité et de rêves. mes pinceaux trouvaient toujours leur place parmi les livres d'art empilés sur le parquet grinçant, et la lumière douce du matin traversait les grandes fenêtres, caressant les toiles inachevées. c'était là, entre ces murs tapissés d'affiches dépareillées, que je me suis découvert une passion inaltérable pour la peinture, et même si l'espace était minuscule, il contenait tout un univers d'inspiration.|je me souviegne de nostre petit logis à montmartre, ung véritable cocon où chascun recoin estoit empreint de créativité et de songes. mes pinceaulx trouvoient tousjours leur place parmi les livres d'art empilés sur le parquiez grinçant, et la doulce lumière du matin traversoit les grandes fenestres, carressant les toiles inachevées. c'estoit là, entre ces murs tapissés de placards dépareillés, que je me suis descouvert une passion inaltérable pour la painture, et mesmes si l'espace estoit exigu, il contenoit tout ung univers d'inspiration.
bonjour mon petit lucien, c'est papi gérard. je voulais te raconter que, dimanche dernier, on a eu une belle fête au club des anciens. on a même fait un petit tournoi de pétanque, tu sais, ça m'a rappelé mes jeunes années sur la place du village. bon, j'ai pas gagné, mais l'important c'était de s'amuser et de partager un bon moment entre amis. prends bien soin de toi, mon grand, et passe me voir quand tu pourras.|bonjour mon petit lucien, c’est papi gérard. je te vouloye raconter que, dimanche dernier, nous eûmes une belle fête au club des anciens. nous fîmes mesmes un petit tournoi de pétanque, sçais-tu, cela me ramentevoit mes jeunes années en la place du village. ma foy, je ne gagnay point, mais l’important estoit de nous esbattre et de partager un bon moment entre amis. prens bien soin de toy, mon grant, et passe me veoir quand tu pourras.
salut mes chéris ! c'est jade, votre influenceuse lifestyle préférée. aujourd'hui, on va parler de la famille, cette joyeuse bande d'individus qui pense que votre temps leur appartient. vous savez, ces gens merveilleux qui peuvent transformer un brunch paisible en débat sur votre futur mariage inexistant. alors, levons nos verres à ces êtres fantastiques qui nous rappellent que la sérénité est surcotée !  #famillegoals #ironiemondiale|salutz, mes tres cherz ! c'est jade, vostre influenceuse de vie mondaine préférée. en ce jour, nous deviserons de la famille, ceste joyeuse troupe d'ames qui cuident que vostre temps leur appartient. vous sçavez, ces gens mervaillables qui pevent tourner ung brunch paisible en débat de vostre futur mariage inexistant. doncques, levons nos couppes à ces créatures fantastiques qui nous remembrent que la sérénité est bien souvent surcotée !  #butzfamille #ironieuniverselle
cher antoine, j'espère que tout va bien de ton côté. ici, entre les révisions pour mes cours du soir et les préparatifs pour notre prochain voyage en italie, le temps file à une vitesse folle. j'essaie de jongler au mieux avec mon emploi du temps pour concilier études et moments précieux avec toi. hâte de partager de nouvelles aventures ensemble ! amicalement, marc|cher antoine, espoir ai que tout soit bien de vostre costé. ici, entre les revisions pour mes leçons du soir et les preparatifs pour nostre prochain voyage en italie, le temps s'enfuit à une vitesse moult grande. m'efforce de jongler au mieulx avec mon emploi du temps pour accorder estudes et moments précieux avec toy. suis en haste de partager nouvelles aventures ensemble! amicalement, marc
chère confidente pixel, aujourd'hui, mon cœur bat la chamade après une discussion orageuse avec élise, ma fille, au sujet de notre voyage à lisbonne. elle veut tout planifier sur son fichu smartphone, alors que j'ai envie de flâner au gré de mes envies, le nez au vent et le sourire aux lèvres. mais bon, on finira bien par se retrouver autour d'un bon pastel de nata, et tout ça ne sera qu'un doux souvenir. allez, je file, mes baskets m'appellent pour une balade digitale dans le parc ! avec amour, mamie lola |chère confidente pixel, en ceste jour, mon cueur bat la chamade après une parolle orageuse avec élise, ma fille, touchant nostre voyage à lisbonne. elle veult tout ordonner sur son maudict esmartphone, tandis que j'ay envie de flâner au gré de mes désirz, le nez au vent et la risée aux lèvres. mais bon, nous nous retrouverons bien auprès d'un bon pastel de nata, et tout cela ne sera qu’un doulx souvenir. or sus, je m'en vais, mes chausses me appellent pour une balade digitale en la parc ! avec amour, mamie lola 
oh, ma petite margaux, laisse-moi te raconter une petite histoire qui remonte à quelques années. je me souviens de m'être assise chaque matin avec une tasse de thé fumant et mon journal papier, prête à découvrir les nouvelles du monde. puis un jour, ton oncle marcel m'a offert une petite tablette, une de ces machines modernes, et je te promets, j'ai bien ri en pensant que je ne saurais jamais m'en servir. eh bien, ma chérie, aujourd'hui, c'est avec cette tablette que je lis les nouvelles, et je me sens toujours connectée au monde, sans avoir à me tacher les doigts d'encre!|ô, ma petite margaux, laisse-moi te conter une menue histoire qui s'en retourne à quelques années passées. je me rappelle de m'estre assise chascun matin avec une tasse de thé fumante et mon journal de papier, toute prête à descouvrir les nouvelles du monde. puis, un jour, ton oncle marcel me donna une petite tablette, une de ces machines modernes, et je te promets, je me gaussai bien en pensant que jamais ne saurai-je m'en servir. hé bien, ma chérie, aujourd'hui, c'est avec ceste tablette que je lis les nouvelles, et je me sens toujours connectée au monde, sans avoir à me souiller les doigts d'encre !
bonjour, c'est gérard, le retraité qui se prend pour un jeune en surfant sur cette toile mondiale ! figurez-vous que j'ai enfin rencontré quelqu'un, oh oui, pas sur un banc au parc mais sur cet internet magique. et tenez-vous bien, elle me propose déjà de m'installer chez elle, comme si changer de logement était aussi simple que de cliquer sur un bouton ! ah, vraiment, la modernité, c'est fascinant... et un brin effrayant !|bon jour, c'est gérard, le retraité qui se pense estre ung jeune en naviguant sur ceste toile universelle ! or, sachez que j'ay enfin rencontré quelqu'un, oïl, non pas sur ung banc au parc mais par cest internet merveilleux. et tenez-vous bien, elle me propose desjà de m'installer chez elle, comme si mue de logement estoit aussi aisé que de apuyer sur ung bouton ! ah, véraiment, la modernité, c'est fort fascinante... et un peu effrayante !
 ah, les jours où mes cahiers de médecine partageaient la place avec des cartes postales! entre deux dissections et trois examens, je rêve encore du café italien bu à la hâte, des rues animées de lisbonne, ou des nuits étoilées à tokyo. parfois, je me demande si je ne suis pas en train d’échanger mes voyages contre des nuits blanches en bibliothèque... mais bon, chaque page tournée me rapproche un peu plus du monde que je veux explorer en blouse blanche. — paul, étudiant en médecine et voyageur dans l'âme. ‍🩺|ah, les jours où mes cahiers de médecine se partageoient la place avecques des cartes postales! entre deux dissections et trois espreuves, je rêve encore du café italien beu hastivement, des rues bruyantes de lisbonne, ou des nuictz étoilées à tokyo. parfois, je me demande si je n'échange point mes voyages contre des nuictz blanches en librairie... mais bon, chascune page tournée me raproche un petit peu plus du monde que je desire explorer en robe blanche. — paul, estudiant en médecine et voyageur en l'âme.
chers amis, c'est emma, votre guide à travers les petites merveilles du quotidien.  aujourd'hui, alors que la pluie tambourine doucement contre ma fenêtre, je me surprends à réfléchir à quel point la technologie a transformé notre façon de vivre ces instants. elle nous connecte aux autres, peu importe la tempête qui gronde dehors, et nous permet de partager ensemble ces moments de poésie météorologique. n'oublions pas de savourer ces moments simples que la vie et la technologie nous offrent.  avec tout mon amour, emma|chiers amys, c'est emma, vostre guide à travers les petites merveilles du quotidien. en ceste journée, lors que la pluye tambourine doucement contre ma fenestre, je me surprens à penser combien la technologie a transformé nostre manière de vivre ces instants. elle nous connecte aux aultres, quel que soit l'assault de la tempeste dehors, et nous permet de partager ensemble ces moments de poësie météorologique. n'oublions mie de savourer ces simples moments que la vie et la technologie nous offrent. avec tout mon amour, emma
"yo, c’est luna, 16 ans, et franchement, les loisirs, c’est un concept inventé par les adultes pour nous empêcher de dormir jusqu’à midi, j’vous jure. genre, pourquoi s’épuiser à faire du sport quand on peut s’entraîner à zapper entre netflix et tiktok sans bouger du canapé ? franchement, mon plus grand hobby, c’est de débattre avec maman sur le fait que ""scrolling"" c’est aussi productif que ses cours de yoga bizarre ! bref, vive la liberté... et les snacks !"|"oyé, c'est luna, de seize ans, et par ma foy, les passe-temps, c’est une invention des gens de grand' âge pour nous empêcher de dormir jusques à midi, je vous jure. pourquoy se fatiguier à faire des exploits physiques quand on peut s’exercer à passer d’un divertissement à un autre entre le netflux et le tiktok sans bouger de nostre couche ? par ma foy, ma plus grand' occupation, c’est de débattre avec ma mère sur le faict que ""scrolling"" est aussi productif que ses estranges leçons de yoga ! bref, vive la liberté... et les friandises !"
cher journal, aujourd'hui, je suis submergée par une vague de nostalgie en repensant à mon premier studio à paris. c'était petit, certes, mais c'était à moi et chaque recoin racontait une histoire que je partageais avec vous, mes chers abonnés. je me souviens des soirées passées à réarranger les quelques meubles pour capturer la lumière parfaite pour mes photos instagram. ah, ces moments où tout semblait possible, où chaque détail de mon petit cocon était source d'inspiration infinie. avec amour, lila |chier journal, hui, me suis trouvée toute envaïe d'une vague de nostalgie, en me remembrant de mon premier estude à paris. petit il estoit, certes, mais il estoit mien et chascun recoin contoit une histoire que je partaigeoye avec vous, mes chiers abonnés. me resouviens des vesprées passées à remanier les quelques meubles pour saisir la lumière parfaicte pour mes ymages sur l'instagram. ah, ces moments où tout sembloit possible, où chascun détail de mon petit cocon estoit source d'inspiration infinie. avec amour, lila 
"alors, c'était chez tarek, on avait tous décidé de se faire un ptit barbecue dans son jardin. tout le monde était là, et ça partait en cacahuète quand sa sœur a commencé à crier parce que son frère avait cramé les merguez. franchement, j'étais plié de rire, surtout quand tarek a dit : ""c'est pas ma faute, c'est le barbecue qui a confondu cuisson et incinération !"" sa mère est sortie, elle a pris les pinces et l'a regardé comme si c'était la fin du monde, mais on a tous fini par bouffer des chips et des salades, tranquille."|"lors, ce feust chez tarek, et nous avions tous délibéré de faire un petit grill en son verger. toute la compagnie y estoit, et cela partoit en désordre quant sa sœur commença à crier pour ce que son frère avoit eschauffé les saucisses. par ma foi, j’estois courbé de rire, principalement quant tarek dist : ""ce n’est mie ma coulpe, c’est le grill qui a meslé cuisson et incinération !"" sa mère issit, elle prit les fers et le regarda comme si c’eust esté la fin du monde, mais nous finîmes par manger des échaudés et des salades, en paix."
salut, c'est jacques, ton père préféré, enfin... ton seul père, mais ça compte quand même, hein ? alors, imagine un peu la scène : on est tous à table, et ta sœur a décidé que c'était le moment idéal pour défendre l'ananas sur la pizza. j'ai tenté de garder mon calme, mais quand ton frère a proposé de mettre des cornichons dessus, j'ai su que j'avais perdu le contrôle de cette famille ! bref, j'espère que ta journée est moins mouvementée que la nôtre, bisous !|salutz, c'est jacque, ton père prééminent, voire... ton soul père, mais ce conte tout de mesme, n'est-ce pas ? lors, imagine un petit la scène : nous sommes tous à table, et ta sœur a jugé que c'était l'instant opportun pour défendre l'ananaz sur la tarte de pain. j'ay tenté de garder mon calme, mais quant ton frère a proposé de mettre des cornichons dessus, sçay que j'avoye perdu le contrôle de ceste famille ! bref, espère que ta journée soit moins mouvementée que la nostre, baisers !
"salut, c'est maxime ""la machine"" duval, le roi du cardio et des abdos en béton! hier soir, j'ai été invité à une fête, et je dois vous avouer que jongler entre les squats et les spots de dance, c'était tout un sport! entre deux morceaux de pizza, je me suis dit que soulever des haltères et soulever la foule, c'est finalement pas si différent : dans les deux cas, il faut de l'endurance, de la persévérance, et un bon sens du rythme. mais attention, après minuit, comme cendrillon, je me transforme... en coach de sommeil, car demain, à l'aube, c'est retour sur le terrain pour un marathon de pompes!"|"salut, c'est maxime ""la machine"" duval, le roy du cardio et des abdos de pierre! hier au soir, je fus invité à une feste, et je vous doy confesser que mesler entre les squats et les lieux de dance, ce estoit tout ung esbatement! entre deux morceaux de pizza, je me suis dit que lever des haltères et lever la foule, n'est point si divers : en chascun cas, il fault de l'endurance, de la persévérance, et ung bon sens du rythme. mais prenez garde, après minuit, comme à cendrillon, je me transforme... en maistre de sommeil, car demain, à l'aube, il sera temps de retourner au champ pour ung marathon de pompes!"
"bon, c'est encore moi, mélanie, et franchement, ce matin c'était l'enfer pour aller au skatepark. il pleuvait comme si le ciel était en mode ""trop déprime"", mais j'ai pas laissé ça me stopper. j'ai sorti mes vieux vans, même s'ils prennent l'eau, et j'ai tenté le nouveau trick sous la flotte. les autres disaient que j'étais folle, mais j'aime bien quand le skate glisse plus que d'hab."|"bien, c'est encore moy, mélanie, et par ma foy, ce matin fut enfer pour mener mieulx au parc de skatz. il plovoit comme si le ciel fust en manière de ""forte tristesse"", mais je n'ai point laissé cela moy arrester. j'ay mis mes vieilz solers vans, combien qu'ils prenent l'eaue, et j'ay tenté la nouvele figure soubz la pluye. les aultres disoient que j'estoye folle, mais il me plaist quant le skate glisse plus que d'ordinaire."
je m'appelle léa, et je me souviens de cette journée en indonésie où l'océan en furie reflétait l'orage qui grondait entre moi et un vieil ami voyageur. nous nous disputions passionnément sur la direction à prendre, lui, prônant la voie sûre, et moi, attirée par l'appel des sentiers inconnus. au cœur de notre querelle, entre deux éclats de voix, j'ai compris que notre véritable divergence n'était pas sur la route, mais sur la façon de vivre l'aventure. c'est ce jour-là que j'ai appris que parfois, il faut savoir se perdre soi-même pour mieux se retrouver.|je me nomme léa, et je me souviens de ceste journée en indonésie où l'océan en furie renvoyoit l'orage qui grondoit entre moy et un ancien amy voyageur. nous nous querellions ardemment sur la voye à prendre, luy, prônant la voye sûre, et moy, attirée par l'appel des sentiers incogneus. au cœur de nostre débat, entre deux éclats de voix, je compris que nostre véritable dissension n'estoit mie sur la route, mais sur la manière de vivre l'aventure. c'est cé jour-là que j'appris que parfoys, il convient de sçavoir se perdre soy-mesme pour mieulx se retrouver.
cher journal, aujourd'hui, avec mes copains, on a passé l'après-midi à jouer au foot dans le parc. j'adore ces moments, car le foot, c'est vraiment ma passion, et en plus, on rigole tellement ensemble ! axel a marqué un but incroyable, et on a tous crié de joie. j'aime tellement mes amis, ils rendent chaque jour spécial. à demain pour de nouvelles aventures !|chier journal, hui, avec mes compains, nous avons passé l'après-midis à jouër au jeu de paulme en la place. j'ay moult amour pour ces moments, car le jeu de paulme est vraiment ma passion, et de surcroist, nous esbaudissons moult ensemble ! axel a marqué un point extraordenair, et nous avons tous crié de liesse. j'ay moult amour pour mes amis, ils rendent chascun jour especiaul. à demain pour nouvelles aventures !
yo mehdi, j'espère que tu vas bien, gros. hier, c'était chaud avec ma sœur, on s'est encore embrouillés pour des conneries. mais bon, ce soir y'a la teuf chez samir, t'es chaud de venir ? ça serait cool qu'on se tape des barres ensemble et qu'on oublie ces histoires. à plus tard, yassine|chier mehdi, espoir que tu te portes bien, grant. hièr, ce fut chal avec ma sœur, nous nous querellâmes encore pour des fadaises. mais bon, cé soir il y a feste chez samir, seras-tu enclin à venir ? çou seroit bel se nous riions ensemble et oubliassions ces contes. à tantost, yassine
ah, mes chers petits, laissez-moi vous raconter l'histoire de ma rencontre avec votre grand-père, le vieux léon. imaginez-vous qu'un jour, en allant au marché pour acheter une livre de pommes de terre, je suis tombée nez à nez avec lui, en train de se battre avec un sac de carottes récalcitrant. ironique, n'est-ce pas, que notre amour ait commencé au milieu des légumes? et dire que cette première rencontre a donné naissance à une famille où chacun semble avoir hérité de son adresse légendaire avec les carottes!|ah, mes chers petiz, laissez-moy vous raconter l'histoire de ma rencontre avec vostre grant-père, le vieil léon. imaginez-vous qu'un jour, en alant au marché pour achater une livre de pomes de terre, je me trouvay nez à nez avec luy, en train de se combatre avec un sac de carottes récalcitrant. ironique, n'est-ce pas, que nostre amour ait commencé au milieu des légumes? et dire que ceste première rencontre a donné naissance à une famille où chascun semble avoir hérité de son adresse légendaire avec les carottes!
chère sophie, je voulais te parler de la dispute que j'ai eue avec paul hier soir. la technologie nous facilite beaucoup la vie, certes, mais quand je vois paul passer des heures devant son écran, ça me rend folle. avec tout ce que j'ai à gérer à la maison, je n'arrive pas à comprendre comment il peut s'absorber à ce point, comme si rien d'autre n'existait. j'espère vraiment qu'on trouvera un moyen de s'en sortir sans que la technologie ne devienne un obstacle entre nous. avec tout mon amour, marie|chère sophie, je vous vouloye parler de la dispute que j'eus avec paul hier au soir. la technologie moult nous aide en la vie, certes, mais quant je voy paul passer maintes heures devant son escrain, cela me fait de venir folle. avec tout ce que j'ay à gérer en la maison, ne puis comprendre comment il se puet absorber à tel point, comme si rien d'autre n'estoit. espère vraiment que nous trouverons manière de nous en sortir sans que la technologie ne devienne obstacle entre nous. avec tout mon amour, marie
objet : mes émotions en pagaille salut, c'est samir. j'voulais juste partager un truc qui me tourne dans la tête. en ce moment, j'me sens un peu perdu, y'a une tempête d'émotions en moi et j'sais pas trop comment gérer tout ça. parfois, j'ai l'impression que personne comprend vraiment ce que je ressens, et ça me pèse. à plus, samir|objet : mes esmotions en desroy saluz, c'est samir. je vouloye seulement partager une chose qui me tourne en la teste. en ceste heure, je me sens ung peu esgaré, il y a une tempeste d'esmotions en moy et ne sçay mie comment faire pour tout ce gouverner. parfois, j'ay l'impression que personne ne congnoit vraiment ce que je ressens, et ce me pèse moult. adieu, samir
"salut tout le monde ! ici maxou, 12 ans, futur détective privé des mystères familiaux . j'ai découvert que mon père a une super-pouvoir : il peut trouver la télécommande du téléviseur juste en criant ""elle est où, cette satanée télécommande ?!"" . ma mère, elle, a le don incroyable de savoir quand je mens, même quand je suis sûr d'avoir préparé mon coup comme un pro ! 🤯 famille 1 - maxou 0 !  #viedefamille #superpouvoirs"|"salutations à tous ceulx qui m'oyent ! cy est maxou, âgé de douze ans, futur enquêteur privé des mystères familiaux. j’ay descouvert que mon père a ung superpouvoir : il peult retrouver la télécommande du téléviseur en criant seulement ""où est-elle, ceste maudicte télécommande ?!"" ma mère, quant à elle, a le don merveilleux de cognoistre quand je mens, mesmes lors que je croy avoir préparé mon fait comme ung mestre ! famille 1 - maxou 0 ! #viedefamille #superpouvoirs"
salut tout le monde, ici clara, votre étudiante en art un peu bohème.  ce matin, alors que je sirotais mon café en contemplant les rues pavées de barcelone, j'ai réalisé que les voyages sont comme des coups de pinceau sur la toile de ma vie quotidienne : imprévisibles mais passionnément colorés. chaque nouvelle ville visitée est une nuance ajoutée à mon âme, me rappelant que l'art de vivre consiste à s'émerveiller des petites choses, ici comme ailleurs. à bientôt pour de nouvelles aventures créatives ! |salut à touz ceulx qui orent ceste escripture, cy est clara, vostre escoliere en art ung peu bohème.  cest matin, lors que je beuvois mon café en regardant les rues pavées de barcelone, ay pensé que les voyages sont comme les traits de pinceau sur la toile de ma vie quotidienne : incertains mais ardemment colorés. chascune nouvelle cité visitée est une teinte adjoustée à mon ame, me remembrant que l'art de vivre est d'estre esmerveillé des petites choses, cy et ailleurs. a tantost pour nouvelles aventures créatives ! 
salut tout le monde !  c'est léa, votre aventurière solo préférée, en direct de mon dernier périple incroyable ! aujourd'hui, j'ai dégusté un curry thaï au beau milieu d'un marché vibrant à bangkok, et laissez-moi vous dire que mes papilles voyagent autant que moi !  chaque bouchée est une nouvelle histoire, chaque plat un souvenir inoubliable. qui d'autre est prêt à embarquer pour ce tour du monde culinaire ?  #voyagerpourmanger #aventuresgourmandes|saluz à tous ceulx du monde !  c'est léa, vostre aventurière solo préférée, en direct de mon dernier merveilleux périple ! en ce jour, j'ay tasté un curry de thaïlande au bel milieu d'un marché vibrant en la cité de bangkok, et sachez que mes papilles voyagent tout autant que moy !  chascune bouchée est une novelle histoire, chascun plat est un souvenir inoubliable. qui d'autre est prest à s'embarquer pour ce tour du monde culinaire ?  #voyagerpourmanger #aventuresgourmandes
salut max, j'espère que tu vas bien. franchement, le taf c'est galère en ce moment, surtout avec les transports qui font n'importe quoi. entre les retards de train et les bus qui passent quand ça leur chante, j'arrive jamais à l'heure. ça me fout grave les nerfs ! à plus, lucas|saluz max, espoir ai que tu te portes bien. vraiment, le labeur est moult malaisé en ceste heure, surtout avec les charroys qui font à leur guise. entre les tardemens des chariots de fer et les bussons qui passent quant il leur plaît, je ne puis oncques arriver à point nommé. cela me met moult en ire ! a tantôt, lucas
yo, c'est lola. sérieux, parfois je repense à ce job d'été à la librairie, tu sais, celui où je me planquais entre les rayons pour lire au lieu de bosser. les vieux bouquins avaient une odeur magique, un peu comme une fuite vers un autre monde. franchement, même si je râlais, ça me manque un peu, cette époque où je pouvais m'évader sans limite.|oy, c’est lola. par ma foy, parfoys je repense à ce mestier d’esté en la librairie, tu sçais, celuy où je me cachois entre les rayons pour lire au lieu de besongner. les vieux livres avoient une odeur magique, un peu comme une fuite vers un aultre monde. vrayement, mesme si je me complaignoye, cela me faut quelque peu, ceste époque où je pouvois m’évader sans limite.
cher antoine, en tant que professeur passionné de français, je me surprends souvent à contempler les liens subtils entre la famille et le sport, deux piliers qui, à mon sens, façonnent notre caractère et enrichissent notre existence. les dimanches passés à encourager nos enfants sur le terrain de football me rappellent combien le sport unit et fortifie les liens familiaux, créant des souvenirs impérissables. ces moments partagés, remplis de rires et de complicité, sont les véritables victoires de la vie. avec toute mon amitié, monsieur dupont|cher antoine, en tant que maistre fervent de la langue françoise, moult me surprends à songer ès liens subtils entre la lignage et l'esbattement, deux pilliers qui, à mon avis, forment nostre nature et enrichissent nostre vie. les jours de dimanche passés à encourager noz enfans sur le champ de jeu de fustebol me remémorent combien l’esbattement unit et fortifie les liens de la famille, créant des souvenances impérissables. ces moments partagés, emplis de ris et de compaignie, sont les véritables victoires de la vie. avec toute mon amitié, sire dupont
bonjour, je suis marcel, un vieux bonhomme de 75 ans. quand je repense à mes loisirs d'antan, je me dis que le jardinage était bien plus qu'une simple activité pour moi; c'était un moyen de donner vie à mon petit coin de paradis. aujourd'hui, avec mon modeste appartement en ville, je me contente de quelques plantes en pots sur le balcon, mais ces moments passés à soigner mes géraniums me rappellent les doux souvenirs de notre maison de campagne. ah, le logement change, mais le plaisir de s'occuper de ses petites fleurs reste intact!|bien le bon jour, je suis marcel, ung vieil bonhomme de 75 ans. quant je resouviens à mes plaisirs d'antan, je me dy que le jardinage estoit moult plus qu'une simple activité pour moy; c'estoit une manière de donner vie à mon petit coing de paradis. auiourd'hui, en mon petit logis en la cité, je me contente de quelques plantes en pots sur le balcon, mais ces momentz passés à soigner mes géraniums me rappellent les doulx souvenirs de nostre maison de campagne. ah, le logis change, mais le plaisir de s'occuper de ses petites fleurs demeure sans faille!
chers élèves et amis, ici monsieur lemoine, votre prof de français passionné. je me rappelle avec une douce nostalgie de ces dimanches à la campagne chez ma grand-mère, où l'odeur du poulet rôti chatouillait nos narines et remplissait la maison de chaleur et de bien-être. chaque bouchée était un voyage dans le passé, une leçon de simplicité et d'amour, bien plus enrichissante que n'importe quel cours. ces repas, véritables poésies culinaires, ont éveillé en moi non seulement le goût des bonnes choses, mais aussi celui des mots. |chiers escoliers et amis, cy messire lemoine, vostre maistre en françois, tout emprains de sa science. je me ressouviens avec doulce nostalgie de ces dimenches à la campagne en l'ostel de ma bonne aïeule, où l'odeur du poullet rosté esmeut nos nés et emplissoit la maison de challeur et de bien-estre. chascune bouchée estoit un veyage en temps jadis, une leçon de simplicité et d'amour, moult plus riche que nul cours. ces repas, vraies poésies culinaires, esveillèrent en moy non mie seullement le goût des bonnes choses, mais aussi cellui des mots. 
objet : une rencontre inoubliable chère marguerite, l'autre jour, au détour d'un chemin bordé de champs dorés par le soleil couchant, j'ai eu le bonheur de croiser ton regard, et ce moment a réchauffé mon cœur tel un feu de bois en hiver. en tant qu'artisan du bois ici à saint-clair, je suis habitué à façonner la matière avec patience et amour, mais je n'aurais jamais imaginé que la vie me sculpterait une rencontre aussi précieuse. sache que dans chaque copeau qui tombe de mon rabot, il y a désormais une pensée pour toi. avec toute la sincérité d'un artisan amoureux de son art et de la vie, baptiste dupont|objet : une rencontre inoubliable chère marguerite, l'aultre jour, au détour d'un chemin bordé de champs dorés par le soleil couchant, j'eus le bonheur de croiser ton regard, et ce moment réchauffa mon cœur tel un feu de bois en yver. comme artisan du bois céans à saint-clair, suis accoustumé à façonner la matière avec patience et amour, mais ne cuidoye oncques que la vie me sculpteroit une rencontre si précieuse. saches que en chascun copeau qui chet de mon rabot, il y a désormais une pensée pour toi. avec toute la sincérité d'un artisan amoureux de son art et de la vie, baptiste dupont
eh bien, mes chers amis virtuels, ici votre ami raymond, 75 printemps au compteur, prêt à partager un souvenir qui me fait encore vibrer ! je me souviens de la première fois où j'ai vu un ordinateur de près, c'était en 1985, une véritable révolution, presque magique. aujourd'hui, voir mes petits-enfants naviguer sur leurs tablettes et téléphones me fascine tout autant. la technologie, c'est comme une fenêtre ouverte sur l'avenir, et moi, je suis prêt à y plonger avec émerveillement ! |eh bien, mes très chers amis virtuels, ici vostre amy raymond, de soixante et quinze printemps chargé, prest à partager un souvenir qui me fait encor vibrer ! je me souviens de la première fois que je vis de près un engin nommé ordinateur, c’estoit en l’an de grâce mil neuf cent quatre-vingt-cinq, une véritable révolution, quasi magique. or, voir mes petits-enfants naviguer sur leurs tablettes et téléphones me fascine tout autant. la technologie est comme une fenestre ouverte sur le futur, et moy, je suis prest à y plonger avec émerveillement ! 
salut mes petits choux ! c’est mamie béa au rapport, la grand-mère globe-trotteuse ! l’autre jour, je me suis retrouvée sur un petit marché à lisbonne, et laissez-moi vous dire, c'était un festival de couleurs et de saveurs ! j'ai goûté une pasteis de nata qui était tout simplement à tomber par terre, et j'ai dansé le fado avec un jeune homme qui avait l'énergie de trois tornades ! ah, mes voyages me donnent toujours des ailes, et je suis déjà en train de planifier la prochaine escapade ! bisous volants à vous tous ! |saluz, mes petiz chous ! c'est mamie béa au rapport, la grand-mère qui par tout le monde chemine ! l'autre jour, je me trouvay en ung petit marché à lisbonne, et laissez moy vous dire, c'estoit ung festival de couleurs et de saveurs ! je goûtay une pasté de nata qui estoit à faire cheoir à terre, et je dansay le fado avec ung jeune homme qui avoit l'ardeur de trois tornades ! ah, mes voyages me donnent tousjours des ailes, et je suis desjà en train de ordonner la prochaine escapade ! baisers volants à vous tous ! 
"salut l'équipe, c'est maxime ""le tank"" dupont ! alors écoutez bien, hier soir à la fête, j'ai fait un marathon... mais pas celui que vous pensez. j'ai jonglé entre études et dancefloor comme un pro : une page de maths, un pas de danse, et hop, un squat pour pas perdre le rythme ! résultat des courses, j'ai révisé mon cours et perfectionné mon moonwalk. allez, à la prochaine séance, et n'oubliez pas, rigueur et fiesta, même combat !"|"saluz à la compagnie, c'est maxime ""le tank"" dupont ! or escoutez bien, hièr au soir à la feste, j'ay fait ung marathon... mais non pas celluy que vous cuydez. j'ay jonglé entre estudes et dancefloor comme ung mestre : une page de mathematiques, ung pas de dance, et hop, ung squat affin de ne point perdre le ritme ! et pour le résultat, j'ay revisé mon leçon et parfaicté mon moonwalk. allez, à la prochaine assemblée, et n'oubliez mie, rigueur et feste, mesme bataille !"
je m'appelle camille, et il y a ce souvenir qui reste gravé en moi comme une étoile brillante dans une nuit d'été. c'était le jour où ma grand-mère m'a appris à faire son fameux gâteau au chocolat, celui que toute la famille adore. j'observais ses gestes avec attention, chaque mouvement racontant une histoire de patience et d'amour. ce moment partagé, dans la chaleur de sa petite cuisine, m'a fait réaliser à quel point les petits détails peuvent tisser des liens profonds entre nous.|je me nomme camille, et il y a ce souvenir qui demeure empreint en moi tel une estoile reluisante en une nuit d'été. ce fut le jour où ma grand-mère m'apprit à faire son fameux gâteau de chocolat, celui que toute la famille aime. j'observais ses gestes avec attention, chaque mouvement contant une histoire de patience et d'amour. ce moment partagé, en la chaleur de sa petite cuisine, me fit apercevoir combien les petits détails peuvent tisser des liens profonds entre nous.
"je me souviens comme si c'était hier de cette soirée inoubliable que nous avons baptisée ""la nuit des saveurs."" c'était lors de l'anniversaire de mon restaurant, ""le gourmet étoilé"", entouré de collègues passionnés et de convives fidèles. j'avais concocté un menu où chaque plat était une symphonie de goûts, harmonisant la délicatesse d'un carpaccio de truffe d'été avec l'audace d'un soufflé au chocolat épicé. en voyant les sourires émerveillés et les éclats de rire de mes invités, j'ai su que la magie culinaire opérait, et cette réussite collective m'a rappelé pourquoi je consacre ma vie à cet art exigeant mais ô combien gratifiant."|"je me souviens comme se ce feust hier de ceste vesprée inoubliable que nous avons nommée ""la nuyt des saveurs."" ce feust lors de l'anniversaire de mon hostel, ""le gourmet étoilé"", entouré de compaignons passionnés et de convives loyaulx. j'avoye composé un menu où chascun plat estoit une symphonie de gousters, harmonisant la déliquescence d'un carpaccio de truffe d'esté avec l'audace d'un soufflé au chocolat épicé. en veoyent les rires et les sourires émerveillés de mes hostes, je sçeu que la magie culinaire opéroit, et ceste réussite collective me rappella pourquoy je consacre ma vie à ceste art exigeante mais ô combien gratifiant."
bien le bonjour à vous, c'est marcel, le forgeron du village. ah, que serais-je sans ma passion dévorante pour le métal brûlant et les repas frugaux à base de pain rassis et de soupe tiède ! chaque coup de marteau sur l'enclume me rappelle la douce mélodie des casseroles vides qui tintent gaiement dans ma cuisine. après tout, n'est-il pas merveilleux de se donner corps et âme à un métier qui nourrit l'esprit bien plus que l'estomac ?|bien le bon jour à vous, c'est marcel, le forgeron du village. ah, que seroie-je sans ma passion dévorante pour le metal ardent et les repas frugaux à base de pain rassit et de soupe tiede ! chascun coup de marteau sur l'enclume me rappele la doulce melodie des chaudière vuides qui tintent gayement en ma cuisine. après tout, n'est-il pas merveilleux de se donner corps et ame à un mestier qui nourrist l'esprit bien plus que l'estomac ?
"chère sophie, alors, ma petite chérie, comment va la vie de bureau ? j'espère que tu ne passes pas trop de temps à ""swiper"" sur ton téléphone entre deux réunions zoom, hein ! ici, je m'amuse comme une folle avec mes cours de zumba en ligne, et je te promets que j'ai plus de followers sur instagram que mon chat ! allez, courage au boulot, et n'oublie pas de mettre des post-its partout pour te rappeler de sourire ! bisous scintillants, mamie josie "|"chère sophie, or çà, ma petite chère, comment se porte la vie de bureaulx ? espère que ne dépenses mie trop de temps à ""swiper"" sur ton téléphon entre deux assemblées zoom, n'est-ce pas ! par ici, m'esbahi comme une folle avec mes leçons de zumba en lignaige, et te promets que j'ay plus de suiveurs sur l'instagram que mon chat ! allons, courage au labeur, et ne oublie point de mettre des post-its partout pour te souvenir de sourier ! baisers scintillans, mamie josie "
chère page blanche, ah, les études, ce doux cauchemar déguisé en promesse de lendemain meilleur ! je me souviens comme si c'était hier de ce jour où j'ai confondu l'examen de maths avec un concours de poésie. quelle ne fut pas ma surprise quand le professeur, stoïque, m'a rendu ma copie avec un sourire en coin, me conseillant de garder mes alexandrins pour les prochaines soirées littéraires. ah, la jeunesse, quelle merveilleuse école de l'improvisation ! avec tendresse, mamie jeanne|chère page blanche, ah, les études, ce doulx cauchemar desguisé en promesse de lendemain meilleur ! je me souviens comme si c’estoit hier de ce jour où je confondis l'examen de mathematiques avec un concours de poësie. quelle ne fut mie ma surprise quand le maistre, stoïque, me rendit ma copie avec un sourire en coin, me conseillant de garder mes alexandrins pour les prochaines soirées littéraires. ah, la jeunesse, quelle merveilleuse escole de l'improvisation ! avec tendresse, mamye jeanne
salut tout le monde, c'est léo !  je voulais vous parler de ma passion pour le dessin.  quand je prends mes crayons et que je laisse mon imagination s'envoler, je ressens tellement de joie et de liberté, c'est comme si je pouvais créer des mondes entiers sur du papier !  et vous, quelle est votre passion qui vous fait vibrer ? |saluz à tous, c'est léo !  je vouldroye vous deviser de ma passion pour le portraicture.  quant je prengz mes crayons et que je laisse mon ymagination s'eslever, je ressens moult joye et liberté, si est ce que il me semble que je puyssiez forger des mondes entiers sur papier !  et vous, quelle est vostre passion qui vous fait vibrer ? 
je m'appelle karim et je me souviens encore de cette journée comme si c'était hier. j'étais posé au parc avec mes potes, quand j'ai croisé sofia pour la première fois. elle avait ce sourire qui te donne envie de tout plaquer pour mieux la connaître. depuis, chaque fois que je passe par là, je repense à cette rencontre qui a tout changé.|je me nomme karim et me souvient encore de ceste journée comme si c'eût esté hier. j'estois assis au parc avec mes compaignons, quant je rencontray sofia pour la première fois. elle avoit ce sourire qui te donne envie de tout quitter pour mieulx la congnoistre. depuis, chascune fois que je passe par là, je repense à ceste rencontre qui a tout changé.
chers petits pissenlits de mon cœur, aujourd'hui, j'ai eu une petite querelle avec mon voisin, monsieur dupont, à propos de l'orientation de ses géraniums. figurez-vous qu'il prétendait que ses fleurs avaient besoin de plus de soleil que mes bégonias, alors que le ciel n'a pas montré un seul rayon depuis trois jours ! ah, si seulement la météo pouvait s'occuper de nos petites chamailleries plutôt que de nous noyer sous cette pluie interminable. mais ne vous inquiétez pas, une bonne tasse de tisane et un sourire ont suffi pour éclaircir l'atmosphère. avec tout mon amour pétillant, mamie berthe|chiers petiz pissenlitz de mon cueur, en ce jour, j'ay eu une petite querele avec mon voisin, messire dupont, touchant l'orientation de ses geraniums. vous figureriez qu'il soutenoit que ses fleurs avoyent mestier de plus de soleil que mes bégonias, alors que le ciel n'a montré nul rayon despuis trois jours ! ah, se seulement la meteo se pouvoit de noz petites debatoires entremettre plustost que de nous noier soubz ceste pluie infinie. mais ne vous enfroissez mie, une bonne coupe de tisane et ung sourire ont assez esté pour esclaircyr l'atmosphère. avec tout mon amour pétillant, mamye berthe
je suis jean-pierre delacroix, et ma passion pour la cuisine est née dans la chaleur de la petite cuisine de ma grand-mère. chaque dimanche, elle m'enseignait l'art délicat de la pâtisserie, sa tarte aux pommes devenant le symbole de notre lien familial. avec chaque pâte que je pétrissais, je cherchais la perfection, cherchant à honorer cet héritage culinaire. aujourd'hui, chaque plat que je crée porte en lui un morceau de cette histoire, un hommage à l'amour et à la perfection que ma famille m'a transmis.|je suis jehan-pierre delacroix, et ma passion pour la cuisine est née en la chalour de la petite cuisine de ma grand-mère. chascun dimanche, elle m'enseignoit l'art délicat de la pastisserie, sa tarte aux pommes devenant le symbole de nostre lien familial. avesques chascune paste que je pétrissoye, je quérois la perfection, cherchant à honnorer cest héritage culinaire. aujourd'hui, chascun plat que je crée porte en lui un morceau de ceste histoire, ung hommage à l'amour et à la perfection que ma famille m'a transmis.
salut mes beautés, c’est camilleluxe, votre guide spirituelle à travers l’univers des avocado toasts et des couchers de soleil instagrammables!  alors, parlons de cette habitude complètement banale mais tellement essentielle : partir en voyage chaque fois que la moindre routine pointe le bout de son nez. parce que franchement, qui a besoin de stabilité quand on peut juste sauter dans un avion à la recherche du wi-fi parfait pour poster une photo de smoothie bowl dans un pays exotique?  parce qu’au fond, le vrai voyage, c’est surtout l’accumulation de miles et de likes, n’est-ce pas?  #jetsetlife #routinebreakers #traveladdict|salut mes beles, c’est camilleluxe, vostre guide spirituelle à travers l’univers des toasts d’avocat et des couchers de soleil instagrammables!  or sus, parlons de ceste costume toute commune mais tant essentielle : partir en pelerinage chascune fois que la moindre routine pointe l’ongle de son nez. car, par ma foy, qui a mestier de stabilité quant on puet sauter en un avyon à la queeste du wi-fi parfait pour poser une painture de bol de smoothie en un pays exotique?  car, en verité, le vray voyage, c’est surtout l’accumulation de miles et de likes, n’est-ce pas?  #viedejetset #briseursderoutine #accroauvoyage
objet : un petit mot de sagesse mon cher paul, j'ai appris avec tristesse que toi et ton ami jean avez eu une petite dispute au sujet de votre partie de tennis. tu sais, le sport est un merveilleux moyen de se rapprocher, mais il peut aussi réveiller de vieilles rivalités. souviens-toi que l'essentiel n'est pas de gagner, mais de partager de bons moments ensemble. pardonne et tourne la page, la vie est trop courte pour s'attarder sur des querelles. avec toute ma tendresse, mamie jeanne|objet : un petit mot de sapience mon chier paul, j'ay sceu avec tristesse que toy et ton amy jehan avez eu une petite debate sur vostre partie de tennys. tu sçais, le jeu est un merveilleux moyen de se rappointer, mais il peut aussi esveiller de vieilles rivalitez. souviens-toy que l'essentiel n'est pas de vaincre, mais de partager de bons moments ensemble. pardonne et tourne la page, la vie est trop briefve pour s'arrester sur des querelles. avec toute ma tendresse, mamye jeanne
je m'appelle clara, et je me souviens d'un jour pluvieux qui a changé ma vie. la pluie tambourinait contre les fenêtres de mon petit atelier, et chaque goutte semblait danser au rythme de mes coups de pinceau. cet après-midi-là, emportée par la symphonie des averses, j'ai peint ma première toile qui capturait vraiment l'essence de mon âme. c'était comme si la météo elle-même, avec toute sa mélancolie, m'avait inspirée à révéler ma passion pour l'art.|je me nomme clara, et je me souviens d'un jour pluvieux qui changea ma vie. la pluie tambourinait contre les fenêtres de mon petit atelier, et chascune goutte sembloit dancer au rythme de mes coups de pinceau. en cet après-midy, emportée par la symphonie des averses, je peignis ma première toile qui capturoit vraiment l'essence de mon âme. c'estoit comme si le temps lui-mesme, avec toute sa mélancolie, m'avoit inspirée à révéler ma passion pour l'art.
ah, le sport et moi, une relation pour le moins... compliquée. je me souviens encore de ce jour glorieux où, en pleine crise existentielle post-réunion, j'ai décidé de m'inscrire à un cours de yoga, pensant naïvement que quelques postures zen pourraient me libérer de mes courbatures mentales. c'est ainsi que, dans un élan de motivation éphémère, j'ai réussi l'exploit de m'endormir en pleine posture du chien tête en bas, provoquant l'hilarité générale et une réflexion profonde sur l'ironie de vouloir fuir le stress en se pliant, littéralement, en quatre. finalement, je me suis dit que le meilleur sport reste encore celui de courir après le temps, un marathon quotidien dans lequel, hélas, je suis passé maître.|ah, le desport et moy, une relacion pour le moins... compliquée. je me souvient encore de ce jour glorieux où, en plaine crise existentielle post-réunion, j’ay décidé de moy inscrire à ung cours de yoga, pensant naivement que quelques postures zen me porroient délivrer de mes courbatures mentales. c'est ainsy que, en ung eslan de motivation éphémère, j'ay réüssi l'exploit de m'endormir en plaine posture du chien teste en bas, provoquant l'hilarité générale et une réflexion profonde sur l'ironie de vouloir fuir le stress en me pliant, littéralement, en quatre. finalement, je me suis dit que le meilleur desport reste encor celluy de courir après le temps, ung marathon quotidien en lequel, helas, je suis passé maistre.
je m'appelle camille et j'ai toujours eu cette habitude de m'asseoir près de la fenêtre en classe, là où les rayons du soleil caressent doucement mon cahier. aujourd'hui, en regardant les feuilles tourbillonner dans le vent, j'ai senti une drôle de chaleur dans ma poitrine, un mélange de mélancolie et de bonheur simple. c'est comme si, pendant un instant, le monde s'arrêtait juste pour me rappeler que même dans ma timidité, il y a de la beauté à observer autour de moi.|je me nomme camille et ay toujours eu ceste coustume de me séoir près de la fenestre en la clesse, là où les rayons du soleil caressent doulcement mon cahier. en ce jour, en regardant les fueilles tourbillonner en la vente, j'ay senti une estrange chaleur en ma poictrine, un mélange de mélancolie et de simple félicité. c'est comme se, pendant un instant, le monde s'arrestast pour me rappeler que mesme en ma timidité, il y a de la beauté à observer entour de moy.
chers amis imaginaires, ah, quelle joie d'avoir des amis aussi présents et dévoués que vous ! entre les couches à changer, les repas à préparer et les montagnes de linge à plier, c’est un vrai bonheur de constater votre soutien inébranlable... en pensées. si seulement vous pouviez aussi venir pour un café réel, que je pourrais siroter en votre compagnie, entre deux crises de nerfs. mais ne vous inquiétez pas, je gère tout avec brio – ou du moins avec une bonne dose de chocolat. affectueusement vôtre, sophie la surmenée|chiers amys imaginaires, ah, quelle liesse d'avoir tels amys si présents et dévoués que vous ! entre les couches à muer, les repas à appareiller et les monceaux de linge à plier, c’est vrayement un bien grand heur de veoir vostre soutien ferme... en pensées. se seulement pouviez-vous aussi venir pour ung vray café, que je pourroye boire en vostre compaignie, entre deux cris de nerfs. mais ne vous en chaille poinct, je tout manie avec habilité – ou du moins avec une bonne dose de chocolat. affectueusement vostre, sophie la surmenée.
objet : souvenir précieux chère marianne, je me remémore souvent cette douce journée d'été passée dans notre petite bibliothèque de campagne, lorsque le parfum des vieux livres semblait se mêler à celui des fleurs sauvages. ce jour-là, en découvrant un manuscrit rare de colette, j'ai ressenti une connexion profonde avec l'histoire littéraire, comme si les mots dansaient délicatement autour de nous. c'est un souvenir que je chéris tendrement, où la magie des mots et la chaleur de notre amitié se sont harmonieusement entremêlées. avec toute mon affection, élise|objet : souvenir précieux chère marianne, je me souvienne souvent de ceste douce journée d'esté passée en nostre petite librairie de campagne, quand le parfum des anciens livres sembloit se mesler à ciluy des fleurs sauvages. ce jour-là, en découvrant un manuscrit rare de colette, j'eus une connexion profonde avec l'histoire littéraire, comme si les mots dansoient doucement autour de nous. c'est un souvenir que je chéris tendrement, où la magie des mots et la chaleur de nostre amitié se sont harmonieusement entremêlées. avec toute mon affection, élise
chère marguerite, chaque matin, lorsque je façonne l'argile de mes mains, je me sens vivre d'une manière que les mots peinent à décrire. c'est comme si chaque pot, chaque vase, devenait le reflet silencieux de mes émotions enfouies. cette habitude de créer, loin des tumultes de la ville, est devenue mon ancre et ma fierté, un écho de notre terre que je chéris profondément. avec toute mon affection, baptiste, potier de notre humble village|chère marguerite, chascun matin, quand je façonne l'argille de mes mains, je me sens vivre d'une manière que les mots ont peine à décrire. c'est comme si chascun pot, chascun vase, devenoit le reflet silencieux de mes émotions enfouies. cette costume de créer, loing des tumultes de la ville, est devenue mon ancre et ma fierté, un écho de nostre terre que je chéris profondement. avec toute mon affection, baptiste, potier de nostre humble village.
yo, c'est samir. depuis tout p'tit, j'suis à fond dans le foot. c'est pas juste un sport, c'est comme une échappatoire, tu vois ? quand j'suis sur le terrain, j'oublie tout, y'a plus qu'le ballon, mes potes et moi.|oy, c'est samir. dès ma petite enfance, je suis fort adonné au jeu de la balle pied. ce n'est pas seulement un esbatement, c'est comme une échappatoire, vois-tu ? quand je suis sur le champ, j'oublie tout, il n'y a plus que la balle, mes compaignons et moy.
bonjour, c'est marcel. ah, la technologie, c'est incroyable, mais je préfère encore le bon vieux téléphone! tu sais, je repensais à notre vieille querelle de 1978, celle à propos de la machine à café... quelle histoire! à nos âges, on se rend compte que ces petites disputes ne valent pas grand-chose face à tous ces souvenirs partagés. j'espère qu'on pourra bientôt se retrouver pour en rire ensemble, autour d'un bon café.|bon jour, c'est marcel. ah, la technologie, c'est moult incroyable, mais je préfère encore le bon vieil téléphone! tu sçais, je repensoye à nostre vieille querelle de mil neuf cent soixante-dix-huit, celle à propos de la machine à café... quelle histoire! à noz âges, on se rende compte que ces petites disputes ne valent pas grand-chose face à tous ces souveinrs partagés. j'espère qu'on pourra bientôt se retrouver pour en rire ensemble, autour d'un bon café.
je suis marcel, menuisier de père en fils dans notre petit village niché entre les collines. chaque matin, avant que le soleil ne se hisse au sommet des arbres, je prends mon vieux vélo rouillé pour me rendre à l'atelier. c'est une habitude que j'ai gardée de mon grand-père, qui disait toujours que le vent du matin portait l'odeur du bois fraîchement coupé. pédaler à travers les champs et sentir la terre sous mes roues me rappelle pourquoi j'aime tant mon métier.|je suis marcel, menuisier de père en fils en nostre petit village niché entre les colines. chascun matin, avant que le soleil ne se hausse au sommet des arbres, je prens mon vieil vélocipède rouillé pour me rendre à l'atelier. c'est une coustume que j'ay gardée de mon aïeul, qui disoit adoncques que le vent du matin portoit l'odeur du bois nouvellement coupé. pédaler à travers les champs et sentir la terre dessoubz mes roues me ressouvenance pourquoy j'ayme tant mon mestier.
je me souviens encore de l'anniversaire de léa l'année dernière, cette journée où j'ai dû jongler entre les ballons et les cupcakes faits maison. en la voyant souffler ses huit bougies avec ce sourire radieux, j'ai su que chaque effort en valait la peine. c'était un chaos organisé, certes, mais entendre ses amis crier de joie dans le jardin m'a rappelé pourquoi j'aime tant ces moments. malgré les défis du quotidien, ces souvenirs sont ce qui fait battre mon cœur de père célibataire.|je me souviens encore de l'anniversaire de léa l'an passé, cette journée où je dus jongler entre les ballons et les cupcakes faits maison. en la veoyant souffler ses huit cierges avec ce sourire radieux, je sçay que chascun effort en valoit la peine. c'estoit un chaos ordonné, certes, mais oïr ses amis crier de joye en la jardrin me rappella pourquoy j'ayme tant ces moments. malgrè les défis du quotidien, ces souvenirs sont ce qui fait battre mon cœur de père célibataire.
cher ami, je t'écris depuis mon atelier, entouré de l'odeur familière du bois fraîchement taillé et du doux murmure des outils qui façonnent mes journées. être ébéniste ici, à la campagne, c'est une véritable passion, chaque pièce raconte une histoire et renferme un peu de mon âme. mes études m'ont donné les bases, mais c'est la terre, le temps et la pratique qui m'ont appris à écouter et à comprendre ce que le bois a à dire. j'espère que, de ton côté, tes études te mènent aussi vers une passion aussi vivifiante. amicalement, jean-baptiste|chier amy, je te escript de mon atelier, à l'entouré de l'odeur familiere du boys freschement taillé et du doulx murmure des outils qui forment mes journées. estre ébéniste icy, en la campaigne, c'est une véritable passion, chascune pièce raconte une histoire et renferme ung peu de mon ame. mes estudes m'ont donné les fondemens, mais c'est la terre, le temps et la pratique qui m'ont aprins à escouter et à entendre ce que le boys veult dire. j'espère que, de ton costé, tes estudes te mènent aussy vers une passion si vivifiante. amicalement, jehan-baptiste
cher antoine, ah, quelle joie ineffable de retrouver nos chers amis ce week-end, coincés entre deux réunions zoom et trois rendez-vous chez le dentiste ! j'avoue, jongler entre l'agenda surchargé d'un cadre parisien et ces moments d'une convivialité presque nostalgique relève d'une prouesse olympique. mais bon, rien de tel qu'une conversation sur le cours de la bourse pour pimenter un dîner déjà si palpitant, n'est-ce pas ? bien à toi, ludovic|certes, voici une tentative de traduction en vieux français du xve siècle : --- chier antoine, ah, quelle joie ineffable de retrouver noz chiers amis ce week-end, enclavés entre deux assemblées zoom et trois rendez-vous chez le mestre des dents ! j'avoue, jongler entre l'agenda surcharge d'un maître parisien et ces moments d'une cordialité presque nostalgique est prouesse olympique. mais bon, rien tel qu'une parolle sur le cours de la bourse pour pimenter un souper ja si palpitant, n'est-ce pas ? bien à toy, ludovic --- notez que le lexique et les tournures de phrases peuvent varier considérablement selon les régions et les époques.
ah, la recette parfaite de mes années d'études, une symphonie de saveurs et de textures! je m'appelle chef marcel, et je me souviens de ces jours comme d'un plat mijoté doucement, où chaque livre ouvert et chaque note prise ajoutait une pincée de savoir à mon bouillon intellectuel. assis à la table en bois massif de la bibliothèque, entouré de l'arôme réconfortant du papier jauni, je savourais chaque instant, chaque découverte, comme on déguste une réduction de sauce réalisée à la perfection. ces années, mes amis, étaient le velouté de ma jeunesse, où l'ingrédient secret n'était autre que la curiosité insatiable.|ah, la recette parfaicte de mes ans d'estude, une symphonie de saveurs et de textures ! je me nomme chef marcel, et je me ressouviens de ces jours comme d'un plat longuement cuit, où chascun livre ouvert et chascune note prise adjoustoit une pincée de sçavoir à mon brouet intellectuel. assis à la table de bois massif de la librairie, entouré de l'odeur récomfortante du papier jauni, je savourois chascun instant, chascune découverte, ainsi qu'on goûte une réduction de saulce faite à la perfection. ces ans, mes amis, estoient le vellouté de ma jeunesse, où l'ingredien secret n'estoit autre que la curiosité insatiable.
objet : un regard en arrière salut camille, en triant mes vieux cahiers de cours, je suis tombé sur nos notes de la première année — que de souvenirs ! entre les nuits blanches à la bibliothèque et les moments de doute, je me rends compte à quel point ces années étaient intenses, mais aussi incroyablement formatrices. malgré la fatigue qui ne me quitte jamais vraiment, la camaraderie et les rêves partagés me manquent parfois terriblement. amitiés, julien|objet : regard en arrière salutations camille, en ordonnant mes anciens cahiers de leçons, suis tombé sur nos escriptures de la première année — combien de souvenances ! entre les nuicts blanches à la librairie et les moments de doute, je m'aperçois à quel point ces années furent intenses, mais aussi merveilleusement formatrices. quoique la lassitude ne me quitte jamais entièrement, la camaraderie et les songes partagés me manquent parfois moult fort. amistiez, julien
salut, je m'appelle lucas et j'ai 12 ans. hier, mon grand frère maxime m'a dit qu'il passait tout son temps à étudier pour devenir médecin. il a passé la nuit à réviser et ce matin, il s'est endormi pendant son examen de maths. comme quoi, des fois, étudier trop peut te faire échouer!|saluz, je me nomme lucas et ay douze ans. hiér, mon grant frère maxime me dist qu'il pasoït tout son temps à estudier pour devenir mire. il a passé la nuit à reviser et ce matin, il s'est endormi durant son espreuve de mathematiques. comme quoi, par fois, trop estudier te peut faire faillir!
"cher journal, ah, la merveilleuse toile d'araignée mondiale! moi, gustave, à l'âge vénérable de 72 ans, je découvre enfin les joies du ""clic-clic"" et des ""google-machins"". entre deux siestes et mes études approfondies sur l'art de réussir un sudoku, je m'aventure dans l'univers des recettes interminables et des vidéos de chats pianistes. qui aurait cru qu’après des décennies à peaufiner l’art de lire le journal en papier, je me retrouverais à parler à un écran lumineux pour m'instruire sur l’art du pain grillé?"|"cher journel, ah, la merveilleuse toile d’araignée mondiale! moy, gustave, en l’aage vénérable de soixante-douze ans, descouvrois enfin les joyes du ""clic-clic"" et des ""google-machins"". entre deux siestes et mes études profondes sur l’art de réussir un sudoku, m’aventure en l’univers des recettes interminables et des vidéos de chaz pianistes. qui eust creu qu’après décades à polir l’art de lire le journel en papier, me retrouveroie à parler à un escran lumineux pour m’instruire sur l’art du pain grillé? faict ce jour."
cher antoine, je me surprends souvent à penser avec tendresse à nos trajets en métro chaotiques mais pleins de rires étouffés, où l'odeur du café renversé se mêlait à celle des croissants tout juste sortis du four. ces souvenirs, bien qu'empreints de fatigue, éclairent mes longues nuits de révision, rappelant ces repas partagés sur le pouce et ces discussions passionnées qui, malgré l'épuisement, nourrissaient notre esprit bien plus que n'importe quel festin. amitiés, lucas|certes, antoine, me souviens souvent avec tendresse de noz voyages en métro tumultueux mais pleins de risées étouffées, où l'odeur du café espandu se mesloit à celle des croissans tout justement tirés du four. ces souvenances, bien que pleines de lassitude, éclairent mes longues nuiz de révision, rapellant ces repas partagés à la haste et ces discours passionnés qui, malgré la fatigue, nourrissoient nostre esprit plus que nul festin. amitiez, lucas
cher journal, aujourd'hui, en tant que laurent, chef cuisinier perfectionniste, mon cœur a été touché par la beauté de l'amitié autour de ma table. les plats, que je peaufine avec tant de rigueur, ne sont que le prétexte pour rassembler ceux qui comptent. ce soir, entre les éclats de rire et les regards complices, j'ai compris que chaque assiette, bien plus qu'une œuvre culinaire, est un lien tissé entre âmes sœurs. à chaque repas partagé, je redécouvre que l'ingrédient secret n'est autre que l'amour que l'on met dans chaque geste.|chier journal, hui, en tant que laurent, maistre queux perfectionniste, mon cuer a esté touché par la beauté de l'amitiet entour de ma table. les plats, que je affine avec moult rigueur, ne sont fors que le prétexte pour assembler ceulx qui comptent. ce soir, entre les esclats de rire et les regars complices, j'ai entendu que chascune assiette, bien plus qu'une œuvre culinaire, est un lien tissu entre ames soeurs. à chascun repas partagé, je redécouvre que l'ingrédient secret n'est autre que l'amour que l'on met en chascun geste.
ah, mes chers petits-enfants, laissez-moi vous raconter un souvenir de quand j'étais jeune et que je vibrais au rythme des vinyles. c'était le bon vieux temps des années soixante, quand je passais mes soirées à danser sous la lumière tamisée de ma chambre, une tasse de thé à la main et janis joplin chantant à plein volume. vous savez, cette passion pour la musique ne m'a jamais quittée; elle me tient toujours compagnie, comme un vieux copain qui comprend mon âme. et même aujourd'hui, avec mes écouteurs sans fil et mon abonnement spotify, je me sens aussi libre qu'à l'époque, prête à vivre chaque jour avec enthousiasme et un soupçon de rock 'n' roll!|ah, mes très chiers petiz enfanz, laissez moy vous recountre ung souvenance de quant j’estoie jeune et que je vibroie au rythme des viniles. ce fust le bon vieil temps des années soixante, quant je passoye mes soirées à dancer soubz la lumiere tamisée de ma chambre, une tasse de thé en la main et janis joplin chantant à plain volume. vous sçavez, ceste passion pour la musique ne m’a oncques quittée ; elle me tient tousjours compaignie, comme ung vieil compain qui entend mon âme. et mesmes aujourd’uy, avec mes écouteurs sans fil et mon abonnement spotify, je me sens aussy libre qu’alors, prest à vivre chascun jour avec enthousiasme et ung soupçon de rock 'n' roll!
ah, bonjour à tous ceux qui lisent ceci sur cet internet magique. moi, c'est albert, et aujourd'hui, je souhaite partager un petit bout de mon cœur. vous savez, la famille, c'est comme un bon vieux vin, cela se bonifie avec le temps. chaque dimanche, autour de la grande table en chêne, voir les sourires de mes petits-enfants me rappelle combien la vie est précieuse et combien il est important de chérir chaque instant passé ensemble. voilà, je ne suis pas un expert en technologie, mais si cette histoire peut voyager dans le monde virtuel, alors je suis heureux.|ah, bien le bon jour à tous ceulx qui lisent ce sur cet ensorcelé réseau. moy, suis-je albert, et céant, je vueil partager ung petit morceau de mon cueur. vous sçavez, la famille, c'est comme vin vieil et bon, qui se parfait au long du temps. chascun dimanche, autour de la grande table de chesne, veoir les risettes de mes petits-enfans me souvient combien la vie est précieuse et combien il est de grant importance de chérir chascun moment passé ensemble. voilà, je ne suis mie un expert en technologia, mais si ceste histoire peut voguer en le monde virtuel, lors suis-je joyeux.
salut, c'est léa, l'aventurière au grand cœur et au sac à dos toujours prêt ! hier soir, j'ai découvert un petit joyau caché au cœur de lisbonne : une auberge pleine de couleurs et de rires, où chaque chambre raconte une histoire différente. en une soirée, j'ai partagé des histoires avec des voyageurs du monde entier, et on aurait dit que les murs se transformaient en pages d'un livre d'aventures. je me réveille ce matin, le cœur léger et l'esprit rempli de nouvelles amitiés, impatiente de voir ce que la journée me réserve dans cette ville enchanteresse.|saluz, c'est léa, l'aventurière au grant cueur et au sac à dos tousjours prest ! hièresoir, je découvris un petit joyau caché au cueur de lisbone : une auberge toute de couleurs et de ris, où chascune chambre raconte une histoire diverse. en une soirée, je partaigeay des histoires avec des voyageurs du monde entier, et il sembloit que les murs se transforment en feuilz d'un livre d'aventures. je me réveille ce matin, le cueur léger et l'esprit empli de nouvelles amitiés, en haste de veoir ce que la journée me réserve en ceste cité enchanteresse.
"je me souviens de cette fameuse soirée d'anniversaire où, fidèle à ma légendaire habitude, j'ai passé plus de temps à critiquer les installations artistiques douteuses de la fête qu'à socialiser. c'est bien moi, camille, toujours à traquer la moindre incohérence esthétique même lorsque je suis censée m'amuser. ironiquement, c'est en renversant un verre de vin sur une ""œuvre"" en carton-pâte que j'ai fini par devenir moi-même l'attraction de la soirée. mais bon, au moins, j'ai ajouté ma touche personnelle à l'art de cette fête, non ?"|"je me remembre de ceste fameuse soirée d’anniversaire où, selon ma légendaire coutume, j'ay passé plus de temps à critiquer les installations artistiques douteuses de la feste qu'à faire compaignie. c’est bien moy, camille, tousjours à chasser la moindre incohérence esthétique mesmes quand je doy m'éjouir. par ironie, c’est en renversant ung verre de vin sur une ""œuvre"" en carton-paste que je suis devenue moy-mesme l’attraction de la soirée. mais bon, au moins, ay-je adjousté ma touche personnelle à l’art de ceste feste, n’est-ce pas ?"
yo les gars, c'est mehdi ! j'vous jure, j'ai trop hâte de partir en road trip cet été, ça va être la folie ! on va traverser l'europe en caisse, visiter plein de villes stylées et faire des rencontres de ouf ! préparez-vous à voir des stories de dingue, ça va envoyer du lourd ! |oy, mes compaignons, c’est mehdi ! je vous jure, moult suis en haste de partir en pérégrinage ceste été, ce sera moult fol ! nous traverserons l’europe en chariot, visiter maintes cités stylées et ferons moult rencontres merveillables ! préparez-vous à veoir maintes histoires de merveilles, ce sera de grand arroi ! 
"chers amis amateurs de la toile, ici marguerite dupont, votre bibliothécaire préférée qui ose s'aventurer hors des rayonnages poussiéreux ! quelle époque fascinante où l'on peut désormais brûler des calories en agitant frénétiquement le doigt sur un écran tactile pour faire défiler des vidéos de sportifs en action. il semblerait que notre bon vieux jogging ait trouvé un digne rival en termes d'effort physique : le ""scrolling"" intensif ! à quand les jeux olympiques du pouce lesté ? ‍"|"chiers amis amateurs de la toile, icy marguerite dupont, vostre bibliothécaire préférée qui ose s'aventurer hors des rayonnages poussiéreux ! quelle époque fascinante où l'on puet désormais eschauffer les calorïes en agitant frénétiquement le doigt sur un écran tactile pour faire dessouler des vidées de sporteurs en action. il sembleroit que nostre bon vieil jogging ait trouvé un digne rival en termes d'effort physique : le ""scrolling"" intensif ! à quand les jeux olympiques du pouce lesté ? ‍"
je m'appelle lucas moreau, et je me souviens de ce matin glacial à davos, en suisse, où je me suis levé avant l'aube pour un entraînement en altitude. la neige crissait sous mes pas, et chaque inspiration était une bouffée d'air pur qui me rappelait pourquoi je faisais tout cela. c'est dans ces moments-là que je me sens vivant, convaincu que chaque voyage est une étape de plus vers la meilleure version de moi-même. ces souvenirs me motivent chaque jour à repousser mes limites et à honorer le privilège de voir le monde à travers le prisme du sport.|je me nomme lucas moreau, et je me recorde de ce matin glacial à davos, en suisse, où je m'eslevay avant l'aube pour un exercice en altitude. la neige crissoit sous mes pas, et chascune inspiration estoit une bouffée d'air pur qui me rappelloit pourquoy je fesoie tout ce là. c'est en ces moments que je me sens vif, convaincu que chascun voyage est une étape de plus vers la meilleure version de moy-mesme. ces souvenances me motivent chascun jour à repousser mes limites et à honorer le privilège de veoir le monde à travers le prisme du sport.
je m'appelle léa, et ce matin, dans le bus qui m'emmène au lycée, j'ai croisé un garçon que je n'avais jamais vu avant. il était assis près de la fenêtre, les écouteurs dans les oreilles, et il avait l'air plongé dans ses pensées. je me suis demandé ce qu'il écoutait et ce qui pouvait bien le préoccuper. peut-être que demain, je trouverai le courage de lui dire bonjour... ou peut-être que je l'observerai encore un peu, cachée derrière mon livre.|je me nomme léa, et cé matin, en l'char qui me maine au collége, j'ai rencontré ung jouvenceau que je n'avoye oncques veu auparavant. il estoit assis prez de la fenestre, les écouteurs ès oreilles, et il sembloit plongé en ses pensées. je me demanday ce qu'il écoutoit et ce qui le pouvoit bien préoccuper. peut-estre que demain, je trouveray le courage de luy dire bonjour... ou peut-estre que je l'observeray encore un peu, cachée derriere mon livre.
"ah, tu sais, ma petite, je me souviens encore de l'époque où j'ai appris à utiliser ce fameux ""streaming"". c'était tellement futuriste, je me prenais pour une véritable geek à la pointe de la technologie, alors que je passais juste de la cassette vhs à netflix ! et dire que maintenant je joue à candy crush en attendant que mes vidéos de yoga se chargent, tout ça sur mon téléphone portable... que je surnomme affectueusement ""mon petit bijou"". ah, quelle époque fascinante !"|"ah, tu sçais, ma petite, je me souviens encor du temps où j'appris à user de ce fameux ""streaming"". cestoit si futuriste, je me tenoie pour une véritable geek à la pointe de la technologie, lors que je passois seulement de la cassette vhs à netflix ! et dire qu'ore je jouë à candy crush en attendant que mes vidéos de yoga se chargent, tout cecy sur mon téléfon portable... que je surnommoie affectueusement ""mon petit bijou"". ah, quelle époque fascinante !"
je m'appelle claire, et je me souviens encore de ce voyage scolaire en italie pour un tournoi de basketball. c'était la première fois que je quittais la france, et même si j'étais nerveuse, j'observais tout avec fascination : les paysages qui défilaient par la fenêtre du bus, les discussions animées de mes camarades, et la sensation unique de dribbler sur un sol étranger. ces moments m'ont montré que le sport est une langue sans barrière, et même si je suis encore cette fille timide, j'ai compris que le monde est vaste et plein de nuances à découvrir.|je me nomme claire, et je me souviens encore de cestui voyage escolaire en italie pour un tournois de jeu de paume. c’estoit la première fois que je quitoie la france, et mesmement se j’estoie nerveuse, j’observoie tout avec fascination : les paysages qui défiloient par la fenestre du chariot, les discussions animées de mes compaignons, et la sensation singulière de dribbler sur un sol étranger. ces moments me montrèrent que le jeu est une langue sans barrière, et mesmement se je suis encore ceste damoiselle timide, j'ai comprins que le monde est vaste et plain de nuances à descouvrir.
salut, moi c'est léa, et aujourd'hui, j'ai vécu une de ces journées qui te rappellent pourquoi tu te lances dans l'inconnu en solo. imagine-toi déambulant dans les ruelles colorées d'un petit village italien, avec l'odeur du café fraîchement moulu chatouillant tes narines. je suis tombée par hasard sur une trattoria locale où j'ai partagé des éclats de rire avec des inconnus autour d'un plat de pasta al dente. c'est dans ces moments simples mais magiques que je trouve la vraie beauté de l'aventure quotidienne.|salut, moy est léa, et en ce jour, ay vescu une de ces journees qui te remembrent pourquoy tu te lances en l'inconnu en seul. imagine-toy errant par les venelles colorées d'un petit village d'italie, avec l'odeur du café freschement moulu chatouillant tes narines. je suis par casche eschue sus une taverne locale où j'ay partagé des risées avec des incogneuz entour d'un plat de pasta bien cuite. c'est en ces moments simples mais merveilleux que je treuve la vraye beauté de l'aventure quotidienne.
yo les gars !  c'est karim d'la banlieue, et j'vous jure, l'automne c'est trop la vibe pour voyager !  entre deux averses, y'a des couchers de soleil de ouf, et ça fait grave plaisir de découvrir des nouveaux spots avec ce temps chelou mais stylé. qui est chaud pour bouger et chiller sous les nuages ?  #voyageenmodebanlieue #aventuresdautomne|oy, mes compaignons !  c'est karim de la banlieue, et je vous jure, l'aultomne est moult bien pour chevaucher oultre mer !  entre deux pluyes, y'a des couchers de soleil moult beaux, et il fait moult plaisir de découvrir de nouveaux lieux en ceste saison estrange mais agréeable. qui est ardant pour se mouvoir et se délasser soubz les nuees ?  #chevauchéebanlieue #aventuresdaultomne
objet : un mélange savoureux de famille et de sport chers amis, ici michel garnier, le chef qui ne laisse jamais une sauce mijoter sans attention. ce week-end, entre deux recettes audacieuses, j'ai eu l'occasion de savourer la compagnie de ma famille tout en partageant la passion du sport. la joie de voir mes enfants courir sur le terrain avec la même ardeur que je mets à préparer un plat est comparable à celle d'une sauce parfaite qui nappe délicatement chaque recoin de l'assiette. un véritable festin pour l'âme ! cordialement, michel garnier|objet : ung mélange savoureux de famille et de sport chers amis, ici michel garnier, le maistre-queux qui ne laisse jamais une sausse cuire sans soing. ce week-end, entre deux recettes hardies, j'ay eu l'occasion de savourer la compaignie de ma famille tout en partageant la passion du jeu. la joye de veoir mes enfans courir sur le champ avec la mesme ardeur que je mets à apprester un mets est comparable à celle d'une sausse parfaicte qui nappe doucement chascun recoin de l'escuëlle. ung véritable festin pour l'âme ! cordialement, michel garnier
je m'appelle lucas martin, et je me souviens encore de ces matins d'hiver où je prenais la route avant le lever du soleil pour mes entraînements de course à pied. le froid mordant sur ma peau me réveillait bien plus efficacement qu'un café, et le bruit rythmé de mes baskets sur le pavé gelé était ma musique. c'était le moment où je me sentais vivant, en parfaite harmonie avec mon corps et ma détermination. ces heures volées à la nuit me manquent parfois, car elles ont forgé la discipline qui me pousse aujourd'hui à toujours dépasser mes limites.|je me nomme lucas martin, et je me souviens encore de ces matins d'hiver où je prenois la voie avant le lever du soleil pour mes exercices de course à pied. le froid mordant sur ma chair me réveilloit bien plus efficacement qu'un café, et le bruit rythmé de mes soliers sur le pavé gelé estoit ma musique. c'estoit l'instant où je me sentois vif, en parfaite harmonie avec mon corps et ma détermination. ces heures dérobées à la nuit me manquent parfois, car elles ont forgé la discipline qui me presse aujourd'hui à toujours surpasser mes limites.
yo, c'est samir. l'autre jour, ma mère a préparé son couscous légendaire, tu vois. on était tous autour de la table, même mon p'tit frère qui d'habitude préfère son téléphone. c'est marrant comment un bon repas peut nous rassembler et faire oublier les galères du quotidien, ne serait-ce qu'un instant.|"""or çou est samir. l'autre jour, ma mère prépara son couscous légendaire, vois-tu. nous estions tous autour de la table, mesme mon petit frère qui d'ordinaire préfère son tel. c'est merveille comment un bon repas peut nous assembler et faire oublier les travaulx du quotidien, fust-ce pour un instant."""
je m'appelle lucas martin, et pour moi, le travail c'est comme un marathon, pas un sprint. chaque matin, je lace mes chaussures de sport avec la détermination de celui qui sait que chaque entraînement compte. la sueur sur mon front est le témoin silencieux de mon engagement, et je sais que chaque goutte me rapproche un peu plus de mon objectif ultime. peu importe les obstacles, je garde les yeux fixés sur la ligne d'arrivée, conscient que la discipline d'aujourd'hui forge les victoires de demain.|je me nomme lucas martin, et pour moy, le labeur est comme un marathon, non pas une course legiere. chascun matin, je chausse mes souliers de courir avec la détermination de celuy qui sçait que chascun exercice compte. la sueur sur mon front est le tesmoing silencieux de mon engagement, et je sçay que chascune goutte me raproche un peu plus de mon but ultime. qu'importe les obstacles, je garde les yeulx fixés sur la ligne d'arrivée, sçachant que la discipline d'aujourd'uy forge les victoires de demain.
objet : la magie des liens d'amitié chers élèves, aujourd'hui, j'aimerais partager avec vous une réflexion sur la beauté et l'importance des amis dans nos vies. l'amitié, c'est ce fil invisible qui nous relie, qui embellit nos jours de rires partagés et de soutien indéfectible. n'oublions jamais que chaque rencontre est une opportunité de tisser ces précieux liens qui rendent notre existence plus lumineuse. cultivez, avec soin et sincérité, ces relations qui vous enrichissent et vous transforment. avec toute mon amitié, m. laurent dubois professeur de français passionné|**objet : la magie des lïens d’amistié** chiers escolliers, en ceste journée, je désire partager avec vous une réflexion sur la beauté et l’importänce des amis en nos vies. l’amistié est ce fil invisible qui nous relie, qui embellist nos jours de ris partaigés et de soutien indéfectible. n'oublions ja que chascune rencontre est une opportunité de tistre ces précieux lïens qui rendent nostre existence plus lumineuse. cultivez, avec soing et sinçérité, ces relations qui vous enrichissent et vous transforment. avec toute mon amistié, messire laurent dubois maistre de françois passionné
salut à tous, c'est chloé glamlife, votre gourou préférée du tout et du rien ! alors, parlons de la dernière tendance révolutionnaire en matière de repas : le dîner micro-ondes au délicat parfum de plastique fondu. oui, mes chers, oubliez la cuisine raffinée ; le chic, c'est désormais d'apprécier l'art culinaire instantané, où l'on savoure chaque bouchée en se demandant si c'est vraiment du poulet ou juste un concept ! bon appétit, ou pas ! |saluz à touz, cest chloé glamlife, vostre gourou prisée du tout et du néant ! or, devisons de la dernière mode révolutionnaire en matière de repas : le disner à l'estrain au délicat fumet de plastiques fondus. oïl, mes chers, oubliez la cuisine raffiné ; le chic, c'est ores d'apprécier l'art culinaire instantané, où l'on savoure chascune bouchée en se demandant s'il s'agit vraiment de poulaille ou seulement d'un concept ! bon apétit, ou non ! 
je m'appelle lucas durand, et je n'oublierai jamais ce matin glacial de janvier où je me suis réveillé avant l'aube pour m'entraîner. le vent cinglant me fouettait le visage, et chaque foulée sur le bitume gelé résonnait comme un rappel de mon engagement inébranlable. la neige tombait doucement, transformant le parc en un tableau silencieux et immaculé, mais dans ma tête, c'était le bruit sourd de la détermination qui dominait. malgré le froid mordant, ce jour-là, j'ai senti une chaleur intérieure, celle de la passion qui ne faiblit jamais.|me nomme lucas durand, et ne oubliray oncques cest matin froidureux de janvier où je me suis esveillé avant l’aube pour moy exercer. le vent glacial me fouettoit le visaige, et chascune foulée sur le pavé gelé résonnoit comme un rappel de mon ferme vouloir. la neige chée doucement, transformant le parc en un tableau silencieux et immaculé, mais en ma teste, c'estoit le bruit sourd de la détermination qui dominait. malgré le froid mordant, ce jour-là, sentis une chaleur interieure, celle de la passion qui ne faiblit oncques.
ah, la joie des repas en semaine pour un cadre comme moi, arnaud dupin, 35 ans, jonglant entre réunions interminables et dossiers à boucler. tous les midis, c’est le même rituel : je m'attable devant un bol de quinoa bio, persuadé que manger sain me préservera du stress ambiant. ironie du sort, c'est en avalant ces graines insipides que je rêve de croissants beurrés et de plats mijotés, ces saveurs d'antan que le temps semble m'avoir dérobées. mais bon, soyons réalistes : entre mes ambitions et mon assiette, je sais bien lequel des deux finira par me croquer en premier.|ah, la liesse des repas en sepmaine pour ung traveillant comme moy, arnaud dupin, de trente-cinq ans, qui bransle entre assemblées sans fin et cartulaires à clorre. chascun midi, c'est le mesme cérémonial : je m'assieds devant ung escuellon de quinoa biologique, certain que menger sain me gardera du stress environnant. ironie du sort, c'est en devorant ces semences fades que je songe aux croissants beurrés et aux pottages mitonnez, ces saveurs de jadis que le temps semble m'avoir ostées. mais vray est, soyons réalistes : entre mes ambitions et mon escuelle, je sçay bien lequel des deux me devorera le premier.
cher journal, aujourd'hui, j'ai eu la chance incroyable de rencontrer une flaque d'eau géante sur le chemin de l'école. franchement, quelle rencontre mémorable ! je suis sûr que madame la pluie a décidé de faire pleuvoir juste pour que je puisse tester mes nouvelles chaussures qui, apparemment, ne sont pas du tout waterproof. au moins, mes chaussettes ont eu un bain gratuit ! à demain pour de nouvelles aventures, théo|chier journal, hui, j'ay eu la fortune incroyable de rencontrer une grant flaque d'iaue sur le chemin de l'eschole. par ma foy, quelle rencontre mémorable ! je suis seur que dame pluye a décidé de faire pleuvoir seulement pour que je puisse éprouver mes nouvelles soliers qui, apparemment, ne sont point du tout imperméables. au moins, mes chausses ont eu un bain gratuit ! à demain pour de nouvelles aventures, théo
salut, c'est marc, le papa organisé ! la semaine dernière, j'ai emmené mes deux enfants, emma et lucas, dans un petit village italien où nous avons découvert une trattoria locale. ce qui aurait dû être un simple déjeuner s'est transformé en un festin de pâtes fraîches, de pizzas croustillantes et de gelato maison, le tout partagé autour d'une table en bois sous un ciel bleu éclatant. voir les yeux de mes enfants s'illuminer à chaque bouchée était un voyage en soi, et ça m'a rappelé que les meilleurs souvenirs se créent souvent autour d'un bon repas.|salut, c'est marc, le père bien ordonné ! la sepmaine passée, ay mené mes deux enfans, emma et lucas, en ung petit village d'italie où nous avismes descouvert une trattoria locale. ce qui devoit estre ung simple disner se mua en ung festin de pastes fresches, de pizzas croustillantes et de gelato maison, tout ce partagé entour d'une table de boys soubz un ciel bleu éclatant. veoir les yeux de mes enfans s'illuminer à chascune bouchée estoit ung voyage en soy, et cela me remembra que les meilleurs souvenirs souvent se forment entour d'un bon repas.
salut max, j’espère que tu vas bien, mon vieux ! t’imagines pas à quel point j’ai rigolé hier en prenant le bus pour aller au skatepark. le chauffeur a fait un freinage tellement brutal que j’ai failli faire un ollie direct dans l’allée, sans planche ni rien ! la prochaine fois, je prendrai peut-être mon vélo, au moins lui, il ne fait pas de freinages surprise. à plus, ton pote, lucas|salut max, espoir ay-je que tu te portes bien, mon vieil amy ! ne t’imagines point combien je riais hier en prenant le chariot pour aler au parc des escrochets. le cocher fit un arrest si soudain que presque fis-je un saut dedans l’allée sans planche ni rien ! la prochaine fois, prendrai-je peut-être ma biciclette, car au moins elle ne fait point de freinages surprises. adieu, ton compère, lucas
"cher journal, aujourd'hui, j'ai pris un café virtuel avec mes copines de toujours, les ""golden girls 2.0"", comme on aime s'appeler. qu'il est bon de papoter et de rire ensemble, même si nos écrans nous séparent ! ces moments me rappellent combien l'amitié, tout comme une bonne recette de tarte aux pommes, se savoure mieux avec les années. avec tendresse, mimi 🧶"|"chier journal, en ce jour, ay prins un café virtuel avec mes compaingnes de tousjours, les ""golden girls 2.0"", ainsi que nous plaisons à nous nommer. qu'il est bon de deviser et de rire ensemble, mesmement si nos escrans nous séparent ! ces instants me remembrent combien l'amitié, tout ainsi qu'une bonne recette de tourte aux pommes, se savoure mieulx avec les années. avec tendresse, mimi 🧶"
salut à tous, ici jean-marc, papa solo et jongleur professionnel entre les devoirs des enfants et les chaussettes orphelines. hier, ma fille m'a demandé si « brocoli » était un gros mot parce que je fais toujours une drôle de tête en le disant. pour vous donner une idée, mon fils pense que le lave-vaisselle est une machine à voyager dans le temps parce que ses chaussettes disparaissent dedans. allez, je vous laisse, le mont everest de linge m'attend !|salut à tous, céans jean-marc, père seul et jongleur de mestier entre les devoirs des enfans et les chaussettes orphelines. hier, ma fille me demanda si « brocoli » fût un vilain mot car je fais tousjours une estrange mine en le disant. pour vous donner avis, mon filz cuide que le lave-vaisselle soit une machine à chevaucher le temps pource que ses chaussettes s’y évanoissent. or sus, je vous laisse, le mont everest de linge m'attend !
cher journal, aujourd'hui, j'ai découvert ce qu'on appelle l'internet, une merveille qui me ramène aux souvenirs lointains de mes études où je passais des heures à feuilleter des encyclopédies poussiéreuses. ah, le plaisir simple des après-midis passés à jouer aux échecs au parc du coin, loin des écrans et des bips incessants... je me demande si les jeunes d'aujourd'hui prennent encore le temps d'apprécier ces petits bonheurs. signé, émile durand.|chier journal, en ce jour, ay descouvert ce que l'on nomme l'internet, une merveillouse chose qui me ramène aux souvenances lointaines de mes estudes, où je passoye de longues heures à feuilleter des encyclopédies poussiéreuses. ah, le plaisant déduit des après-midi passées à joüer es eschecs au parc du coi, loing des escrans et des bips incessants... me demand si les jeunes d'orendroit prennent encores le temps d'apprécier ces petiz bonheurs. escripsit, émile durand.
yo, c'est mehdi. l'autre jour, après les cours, on a traîné au terrain avec les gars. on a joué au foot jusqu'à ce que le soleil se couche, et franchement, c'était l'une de ces soirées où t'oublies les galères et t'es juste là, à kiffer l'instant. c'est dans ces moments-là que je me dis que peu importe les embrouilles, tant que t'as tes potes autour, t'as tout ce qu'il te faut.|certes, je suis mehdi. l'autre jour, après les leçons, nous avons flâné en la place avec les compaignons. nous jouâmes au jeu de la balle jusques à ce que le soleil s'abaissât, et en vérité, ce fut l'une de ces soirées où l'on oublie les tribulations et l'on se trouve simplement là, à jouir de l'instant. en ces moments, je me dis que quelle que soit la discorde, tant que tu as tes amis autour de toi, tu as tout ce qu'il te faut.
yo, c’est mehdi. j’me rappelle d’un jour où j’bossais sur le chantier avec mon oncle, il faisait une chaleur de ouf, genre t’hallucines tellement c’est chaud. le ciel était bleu sans un nuage, et chaque goutte de sueur qui coulait sur mon front c’était comme un défi de plus à affronter. mais quand j’ai vu l’ombre s’allonger, et que le vent s’est levé en fin d’aprèm, ça m’a rappelé qu’après l’effort, y’a toujours un moment de répit.|oyé, c'est mehdi. je me ressouviens d'un jour où je travailloye sur le chantier avec mon oncle, il faisoit une chaleur moult grande, tel que tu hallucines tant c'est ardent. le ciel estoit bleu sans nul nuage, et chascune goutte de sueur qui couloit sur mon front estoit comme un défi de plus à affronter. mais quand je vis l'ombre s'allonger, et que le vent se leva en fin d'après-midis, cela me rappella qu'après labeur, il y a tousjours ung moment de répit.
ah, ma chère, laisse-moi te raconter une petite histoire. lorsque j'étais jeune, comme notre chère louise, j'avais une passion dévorante pour le jardinage. chaque matin, le simple fait de plonger mes mains dans la terre fraîche remplissait mon cœur d'une joie indescriptible. ces moments de communion avec la nature m'ont appris la patience et la tendresse, des leçons précieuses que je chéris encore aujourd'hui.|ah, ma très chière, souffre que je te conte une petite hystoire. quant j'estoye jeune, tout ainsi que nostre chière louise, j'avoie une passion dévorante pour le jardinage. chascun matin, le simple faict de plonger mes mains en la terre fresche emplissoit mon cueur d'une joye ineffable. ces moments de communion avec la nature m'ont apris la pacience et la tendresse, leçons précieuses que je chéris encores aujourd'huy.
salut, c'est maxime durand, et aujourd'hui, je veux partager une petite tranche de vie avec vous. ce matin, le ciel était gris et la pluie s'annonçait, mais ça ne m'a pas découragé. avec ma famille, on a décidé de transformer cette journée maussade en une occasion d'entraînement intérieur. ensemble, on a installé un parcours d'agilité dans le salon, et à chaque éclat de rire, je me suis rappelé que la vraie force, c'est d'être capable de s'adapter et de profiter des moments passés avec ceux qu'on aime, peu importe la météo.|saluz, c'est maxime durand, et en cest jour, je vueil partager une petite tranche de vie avec vous. cest matin, le ciel estoit gris et la pluye s'annonçoit, mais ce ne m'a pas descouragé. avec ma famille, avons décidé de transformer ceste journée maussade en une occasion d'entraînement dedens. ensemble, avons dressé un parcours d'agilité en la salle, et à chascun esclat de rire, je me recordai que la vraye force est d'estre capable de s'adapter et de jouir des moments passés avec ceulx qu'on aime, quelque soit l'oraison du ciel.
"ah, mes chers amis virtuels ! je m'appelle maurice, retraité de la vieille école, et je viens de découvrir cet incroyable ""internet"". laissez-moi vous raconter une anecdote : l'autre jour, nous avons fêté l'anniversaire de ma belle-sœur gertrude, et toute la famille était réunie pour l'occasion. ironie du sort, nous étions tous dans la même pièce, mais chacun était rivé à son téléphone, partageant l'instant sur ""facebook"" – une vraie fête moderne où l'on se parle plus à travers des écrans qu'en face à face ! c'est fou comme on peut être ensemble, tout en étant si éloignés..."|"ah, mes très chiers amis virtuels ! je me nomme maurice, retraité de la vielle escole, et je viens de descouvrir ceste incroyable ""internet"". laissez-moy vous compter une anecdote : l'autre jour, nous festoyâmes l'anniversaire de ma belle-sœur gertrude, et toute la famille estoit assemblée pour l'occasion. ironie du sort, nous estions tous en la mesme chambre, mais chacun estoit rivé à son téléfon, partageant l'instant sur ""facebook"" – une vraie feste moderne où l'on se parle plus à travers des escripts qu'en face à face ! c'est folie comme on peut estre ensemble, tout en estant si eslongnés..."
je me souviens de ces longues nuits à réviser dans mon minuscule studio, un espace à peine plus grand qu'un placard, au cœur de paris. la lumière vacillante de mon unique lampe de bureau projetait des ombres dansantes sur les murs fatigués, et le silence était parfois brisé par le cliquetis des vieilles conduites. malgré l'épuisement qui alourdissait mes paupières, il y avait une chaleur réconfortante dans ce petit refuge, comme si ces murs témoins de mes doutes et de mes aspirations m'encourageaient silencieusement. c'était un cocon imparfait mais précieux, où chaque succès semblait résonner plus fort.|je me souviens de ces longues nuictz à réviser en mon petit estude, un lieu à peine plus grant qu’un coffre, au cueur de paris. la lumière tremblotante de ma seule lampe de bureau jetoit des ombres dansantes sur les murs las, et le silence estoit parfoys rompu par le cliquetis des vieilles conduites. malgré l’épuisement qui pesoit sur mes paupières, il y avoit une chaleur réconfortante en ce petit refuge, comme si ces murs, tesmoins de mes doutes et de mes aspirations, m’encourageoient en silence. c’estoit un cocon imparfait mais précieux, où chascun succès sembloit résonner plus fort.
chère camille, me voilà sous un ciel capricieux, où le soleil et la pluie jouent à cache-cache à chaque coin de rue. la météo ici est aussi imprévisible que les notifications de mon smartphone, qui me guide à travers cette aventure en solo avec une précision presque déconcertante. la technologie a beau être mon alliée, rien ne vaut la sensation du vent sur mon visage et l'odeur de l'air après la pluie. à bientôt, amandine|très chiere camille, me voici dessoubz ung ciel capricieux, où le soleil et la pluye jouent à cache-cache à chascun coing de rue. le temps icy est aussi incertain que les messages de mon escriptorial portatif, qui me guide à travers ceste aventure en solitairement avec une precision presque estonnante. quoy que la technologie soit mon aliée, rien ne vault la sensation du vent sur mon visaige et l'odeur de l'air après la pluye. a tantost, amandine
je m'appelle julien, étudiant en quatrième année de médecine, et je me souviens de cette nuit interminable à la bibliothèque, où les pages de mon manuel d'anatomie se mêlaient aux taches de café sur la table. chaque mot semblait peser une tonne, mais l'idée de comprendre enfin le fonctionnement complexe du corps humain me poussait à continuer, malgré mes paupières lourdes et une fatigue accablante.|je me nomme julien, estudiant en quatriesme année de médécine, et me ressouviens de ceste nuit interminable en la librairie, où les fueilles de mon manuel d'anatomie se mêloient aux taches de café sur la table. chascun mot sembloit peser une tonne, mais l'idee de comprendre enfin le fonctionement complexe du corps humain me poussoit à continuer, malgré mes paupières pesantes et une fatigue accablante.
je m'appelle camille, et je chéris chaque instant de mes aventures solitaires. un soir, perdue dans les ruelles vibrantes de barcelone, une dispute éclata entre deux musiciens de rue, chacun défendant avec passion son interprétation du flamenco. leur querelle, teintée de notes ardentes et de gestes fougueux, m'a rappelé pourquoi j'aime tant voyager : c'est dans ces moments de tension brute que l'âme d'un lieu se révèle. en me laissant emporter par leurs mélodies discordantes, j'ai réalisé que, parfois, la beauté naît du chaos.|je me nomme camille, et j'ayme chascun moment de mes aventures solitaires. une vesprée, esgarée ès ruelles vibrantes de barcelone, une noise esmeut entre deux menestriers de rue, chascun deffendant avec passion son interprétation du flamenco. leur querelle, teintée de notes ardentes et de gestes fougueux, me remembra pourquoy j'ayme tant à voyager : c'est en ces moments de tension crue que l'âme d'un lieu se desvoile. en me laissant emporter par leurs mélodies discordantes, je m'avisai que, parfois, la beauté naist du chaos.
yo, c’est lola, et laissez-moi vous raconter un truc. donc, hier, j’ai décidé d’essayer le yoga, parce que tu sais, tout le monde dit que c’est super chill. j’installe mon tapis, je me lance dans une pose genre “chien tête en bas” et là bam ! mon chat décide que c’est le moment parfait pour s’étaler sur mon dos. conclusion : le yoga, c’est peut-être pas mon truc, mais au moins, j’ai fait une nouvelle amie à quatre pattes ! |"oy, c'est loyse, et souffrez que je vous conte une chose. doncques, hier, je me délibérai d'essayer le yoga, car, savez-vous, chascun dit que c'est moult paisible. j'apareille ma natte, m'engage en une posture semblable à ""chien tête en bas"" et là, bam ! mon chat se prend à penser que c'est l'instant parfait pour s'étendre sur mon dos. conclusion : le yoga n'est peut-estre mie mon affaire, mais au moins, j'ay fait une nouvelle amie à quatre pattes ! "
salut, c'est marc, papa de deux merveilleuses petites tornades et jongleur entre boulot, études et fêtes d'enfants. aujourd'hui, on a organisé l'anniversaire de léo à la maison, et c'était tout simplement magique de le voir s'émerveiller devant son gâteau spiderman. malgré le chaos scintillant de ballons et de rires, je n'ai pas oublié de planifier mes révisions pour ce soir, car même avec une journée bien remplie comme celle-ci, l'équilibre entre les études et les moments précieux avec les enfants reste ma priorité. voir leur bonheur me motive encore plus à réussir et leur offrir un avenir radieux.|salut, c'est marc, père de deux merveilleuses petites tornades et jongleur entre labeur, estude et festes d'enfans. en ce jour, avons ordonné la feste d'anniversaire de léo en nostre demeure, et ce fut moult merveilleux de le veoir s'esmerveiller devant son gâteau spiderman. malgré le chaos resplendissant de ballons et de ris, je n'ai point oublié de deviser mes révisions pour ce soir, car mesmes avec une journée bien plaine comme celle-ci, l'équilibre entre les estudes et les moments précieux avec les enfans demeure ma priorité. veoir leur liesse me meut encore plus à bien faire et leur octroyer un avenir radieux.
cher journal, aujourd'hui, j'ai jonglé entre réunions interminables et goûters d'anniversaire, tout en me demandant si j'avais laissé le poisson dans le four. le sourire de lucas en découvrant son gâteau a effacé, ne serait-ce qu'un instant, l'épuisement qui s'accumule inévitablement. être à la fois papa et pilier professionnel est un numéro d'équilibriste épuisant, mais le rire de mon fils à la fin de la journée rend chaque effort terriblement précieux. avec tendresse, marc|chier journal, en ce jour, ay jonglé entre assemblées sans fin et collation d'anniversaire, tout en me demandant se j'avoie laissé le poisson en le four. le ris de lucas en sçavant son gâteau a effacé, ne fust-ce qu'un moment, l'extenuation qui s'amasse inevitablement. estre à la fois père et pilier en mestier est ung labeur de balance bien lassant, mais le rire de mon filz à la fin de la journée rend chascun effort moult précieux. avec tendresse, marc
objet : mes premiers pas sur internet ! bonjour mes chers amis, c’est marcel qui vous écrit depuis mon petit coin de paradis connecté ! quelle merveille ce monde numérique : ce matin, j’ai commandé mon pain en ligne et regardé des vidéos de jardinage sans bouger de mon fauteuil. je me sens comme un explorateur des temps modernes ! amitiés, marcel|objet : mes premiers pas sur l'internet ! biau jour mes chers amis, c’est marcel qui vous escript depuis mon petit coin de paradis lié ! quelle mervoille ce monde numérique : ce matin, ay commandé mon pain en ligne et regardé des vidéos de jardinage sans bouger de mon fauteuil. me sens comme un explorateur des temps modernes ! amitiés, marcel
objet : quelques nouvelles et réflexions artistiques salut, j'espère que tu vas bien ! en ce moment, je suis profondément inspirée par ma famille, dont les histoires et les souvenirs se transforment en couleurs vives et formes audacieuses sur mes toiles. chacun d'eux est comme un coup de pinceau unique dans ma vie, et j'ai hâte de voir comment ces émotions s'épanouissent dans mes prochaines créations. à bientôt, clara|objet : aucunes nouvelles et méditacions artistiques salut, espoir que tu te portes bien ! en ceste heure, suis-je moultement inspirée par ma lignée, dont les histoires et souvenances se muent en couleurs vives et formes hardies sur mes toiles. chascun d’eux est comme une touche de pinceau unique en ma vie, et j’ai grand désir de veoir comment ces émotions s’épanouiront en mes prochaines créations. à tantost, clara
salut tout le monde, c'est clara de  !  hier, j'ai passé l'après-midi avec ma petite tribu et sérieux, c'était un shoot d'émotions pures ! on s'est retrouvés à cuisiner ensemble une recette de grand-mère, et voir les sourires de mes frères et sœurs pendant qu'on mélangeait les ingrédients m'a rappelé à quel point ces moments simples sont précieux. parfois, c'est dans les éclats de rire et les petites maladresses en cuisine qu'on trouve le vrai bonheur. #famillefirst #momentssimples #bonheurauthentique|salutations à touz, c'est clara de  !  hièr, ay passé l'aprèmidy en la compaignie de ma petite tribu et par ma foy, ce fut ung trait d'émotions pures ! nous nous assemblâmes pour cuysinier ensemble une recette de grant-mère, et veoir les souresmes de mes frères et sœurs en mêlant les ingrédients me remembra combien ces simples moments sont précieux. parfois, c'est ès éclats de rire et ès petites maladresses en la cuysine qu'on treuve le vrai bonheur. #famillepremiere #momentssimples #bonheurauthentique
chère camille, je me souviens de ce jour ensoleillé où nous avons peint ensemble au parc, nos toiles s'imprégnant de lumière dorée, tout comme nos esprits créatifs. après avoir rangé nos pinceaux, nous nous sommes assises sur l'herbe fraîche pour savourer un repas simple et délicieux, composé de baguettes croustillantes, de fromage crémeux et de raisins juteux. ce moment de partage, entre art et gastronomie, reste gravé dans ma mémoire comme une toile vivante de notre amitié. avec toute mon affection, élise|chère camille, je me remembre de ce jour ensoleillé où nous peignîmes ensemble au parc, nos toiles s'empreignant de clarté dorée, tout ainsi que nos esprits créatifs. après avoir rangé nos pinceaux, nous nous assîmes sur l'herbe fraîche pour savourer un repas simple et délicieux, composé de pain croustillant, de fromaige crémant et de raisins juteux. ce moment de partaige, entre art et gastronomie, demeure gravé en ma mémoire comme une toile vive de nostre amitié. avec toute mon affection, élise
salut tout le monde, ici clara ! je repensais à cet hiver où la chaudière a lâché, et on a dû camper dans le salon avec ma famille autour du vieux poêle à bois . c'était bizarrement magique, on a raconté des histoires et ri comme jamais, emmitouflés dans nos couvertures. comme quoi, même quand le logement joue des tours, on peut créer des souvenirs doux et chaleureux .|saluz à tous, céans est clara ! je me remémore l'hiver où la chaudière défaillit, et nous fûmes contraints de camper en la grand'salle avec ma famille environ du vieil poêle de bois . ce fut étrangement magique, nous contâmes des histoires et rîmes comme oncques, enveloppés en nos couvertures. comme quoi, mesmement quand la demeure fait ses tours, on peut forger des souvenirs doux et chaleureux .
chère sophie, en cette veille de fête, alors que je cours après le temps avec mes listes interminables, je prends un instant pour te confier à quel point la technologie est devenue à la fois ma meilleure alliée et mon pire cauchemar. entre les appels vidéo pour vérifier les devoirs de paul et les recettes en ligne pour préparer ton gâteau préféré, je suis reconnaissante, mais aussi épuisée. pourtant, en fin de journée, lorsque nous nous retrouvons tous ensemble autour de la table, ces petits écrans s'effacent, et je me souviens que la vraie magie réside dans nos éclats de rire partagés. avec tout mon amour, claire|chère sophie, en ceste veille de feste, tandis que je cours aprés le temps avec mes listes sans fin, je prins ung moment pour te confier combien la technologie est devenue à la fois ma meilleure aliée et mon pire cauchemar. entre les appels de viz pour vériffier les devoirs de paul et les recettes en ligne pour apprester ton gâteau préféré, je suis reconnaissante, mais aussi fort épuisée. néantmoins, à la fin du jour, lorsque nous nous trouvons tous ensemble autour de la table, ces petiz escrans s'effacent, et je me souviens que la vraye magie réside en nos éclats de rire partagés. avec tout mon amour, claire
salut mes amours, c’est léa ici !  juste un petit partage de cœur à cœur : récemment, j'ai découvert l'incroyable pouvoir du yoga pour apaiser l'esprit et renforcer le corps. 🧘‍ qu'il s'agisse d'une séance matinale ou d'un moment de relaxation après une longue journée, intégrer le sport dans ma routine a vraiment transformé mon quotidien. et vous, quel est votre rituel sportif préféré ? dites-moi tout ! |saluz, mes amours, cést léa icy !  juste ung petit partage de cueur à cueur : naguères, j'ay descouvert l'incroyable pouvoir du yoga pour appaiser l'espirit et fortifier le corps. 🧘‍ que ce soit une séance matinale ou ung moment de relasciation après une longue journée, introduyre le sport en ma routine a moult transformé mon quotidien. et vous, quel est vostre rituel de sport préféré ? dites-moi tout ! 
je me souviens de ces matins brumeux à kyoto, quand, armée de mon carnet de croquis, je déambulais dans les ruelles silencieuses avant que la ville ne s'éveille. les cerisiers en fleurs dansaient doucement au rythme du vent, et je me perdais avec délice dans cette symphonie de couleurs et de parfums. ces voyages en solitaire, à la fois introspectifs et exaltants, ont nourri mon âme d'une liberté inégalée, me rappelant à chaque instant la beauté de l'instant présent.|je me ressouviens de ces matins brumeux à kyoto, quand, munie de mon livre de croquis, je errays ès ruelles silencieuses avant que la cité ne s'esveille. les cerisiers en fleurs dancoient doucement au rythme du vent, et je me perdoie avec délice ès ceste symphonie de couleurs et de parfums. ces voyages en solitarie, à la fois introspectifs et esbahissants, ont nourri mon âme d'une liberté inégalée, me remembrant à chascun instant la beauté de l'instant présent.
bonjour à toutes et à tous ! ici, c'est monsieur dupont, votre prof de français préféré (du moins, je l'espère ). je prends un instant pour partager ma passion pour les loisirs créatifs : rien de tel qu'un bon livre ou un atelier de peinture pour s'évader et stimuler son esprit. et vous, quel est votre loisir préféré pour vous détendre après une longue journée ? partagez vos idées, j'ai hâte de les découvrir !  #passionloisirs #profdefrançais|bien le bon jour à toutes et à tous ! cy est messire dupont, vostre maistre de françois que vous aymés tant (du moins, je l'espere ). je prens ung moment pour partager ma passion pour les esbattements créatifs : nulle chose n'est meilleure qu'un bon livre ou un atelier de painture pour s'évader et esveiller son esprit. et vous, quel est vostre esbattement préferé pour vous délasser après une longue journée ? partagez voz idées, j'ay grand desir de les cognoistre !  #passionesbattements #maistredefrançois
yo tout le monde, c’est nassim . sérieux, les vrais amis c’est ceux qui sont là même quand t’es dans la galère. toujours là pour te faire rire quand le moral est en bas, c’est ça la vraie équipe . jamais oublier d’être reconnaissant pour ces moments .|oy, tout le monde, c'est nassim . par ma foy, les vrais amis sont cilz qui demeurent là, mesmes quant tu es en la male fortune. tousjours prestz à te faire rire quant le courage est affaibli, c'est cela la vraye compaignie . jamais n'oublier d'estre reconnaissant pour ces moments .
chère élise, te souviens-tu de cette soirée magique à lisbonne ? j'errais seule dans les ruelles éclairées par la douce lueur des lampadaires, quand je suis tombée sur ce petit café caché où la fado résonnait avec une intensité envoûtante. c'est là que nos regards se sont croisés, et bien que nous venions de mondes si différents, il semblait que nos âmes se connaissaient déjà. cette rencontre a été un phare dans mes aventures solitaires, un souvenir que je chéris tendrement à chaque nouveau départ. avec affection, sophie|chère élise, te souvient-il de ceste vesprée magique à lisbonne ? j'erroy seule par les ruelles éclairées de la douce lueur des lampadaires, quand je me trouvay en ce petit café caché où le fado résonnoit d'une intensité envoûtante. là nos regards se rencontrèrent, et bien que nous venissions de mondes tant divers, il sembloit que nos âmes se connoissoient déjà. cette rencontre fut un fanal en mes aventures solitaires, un souvenir que je chéris tendrement à chascun nouveau départ. avec affection, sophie
"cher journal, aujourd'hui, j'ai encore eu l'immense joie de passer ma journée avec mon meilleur ami, le café brûlant, sans lequel il semblerait que ma vie d'étudiant en médecine serait tout simplement impossible. quelle chance de rentrer à minuit d'une garde exténuante pour découvrir que mes camarades ont organisé une fête surprise en mon honneur, surnommée ""la nuit blanche de julien"", en hommage à mes nuits sans sommeil. comme d'habitude, la seule chose qui a dansé, c'est mon cycle circadien. ah, quelle vie palpitante que j'ai choisie ! à demain, peut-être, si je survis à la prochaine garde, julien"|"chier journal, en ce jour, ay eu moult grande liesse de passer ma journée avec mon mieulx amy, le café ardent, sans lequel il sembleroie que ma vie d'estudiant en médecine seroie touteffoiz impossible. quelle aubaine de rentrer à minuit d'une garde exténuante pour découvrir que mes compaignons ont ordonné une feste surprise en mon honneur, nommée ""la nuit blanche de julien"", en hommage à mes veillées sans sommeil. comme à l'accoutumée, la seule chose qui ait dansé, c'est mon cycle circadien. ah, quelle vie palpitante ay-je choisie ! à demain, peut-être, se je survis à la prochaine garde, julien"
je me souviens encore de ces dimanches matin où je me précipitais dans la cuisine, jonglant entre les pancakes et le café encore bouillant, tandis que les rires des enfants résonnaient dans la maison. à table, malgré le chaos ambiant et le lait renversé, il y avait toujours ce moment suspendu où nous étions ensemble, où chaque bouchée partagée me rappelait pourquoi je fais tout ça, pourquoi ce désordre vaut la peine.|je me souvien encore de ces dimenches matin où je me hastois en la cuisine, jonglant entre les oublies et le café encor bouillant, tandiz que les ris des enfans resonnoient en la maison. à table, malgré le chaos embatant et le laict espandu, il y avoit tousjours ce moment suspendu où nous estions ensemble, où chascune bouchée partagée me rappeloit pourquoy je fais tout ce, pourquoy ce desordre vault la peine.
je m'appelle marc, et chaque matin, je me souviens des trajets en bus avec ma petite élodie, bien calée contre moi. on avait cette habitude de partager un croissant en écoutant sa playlist préférée, un rituel qui transformait notre routine en un moment précieux. en la regardant sourire à travers la fenêtre, j'oubliais que j'étais en retard au travail, car rien n'était plus important que ces instants volés, suspendus dans le temps. c'était notre manière à nous de commencer la journée, un simple trajet devenu une ode à notre complicité.|je me nomme marc, et chascun matin, je me ressouviens des voyages en charriot avec ma petite élodie, bien appuyée contre moy. nous avions ceste coustume de départir ung croissant en écoutant sa lyste de chansons bien-aimee, ung rituel qui transformoit nostre routine en ung moment précieux. en la regardant sourire par la fenestre, j'oubliois que j'estoie en retard au labeur, car rien n'estoit plus important que ces instants dérobés, suspendus en le temps. c'estoit nostre manière à nous de commencer la journée, ung simple voyage devenu une ode à nostre complicité.
salut, c'est léa... alors, euh, je voulais te raconter la fête d'hier chez julie... c'était genre un zoo, mais avec plus de chips et de musique trop forte ! à un moment, j'ai cru que le chien de julie allait devenir dj, vu qu'il était sur le point de marcher sur la platine. bref, je me suis cachée près des plantes avec ma boisson, et j'ai pris des notes mentales sur toutes les catastrophes fashion de la soirée. voilà, c'était... mémorable !|salutz, c'est léa... adoncques, euh, je vouloie te narrer la feste d'hier chez julie... cestoit comme un menagerie, mais avec plus de cipps et de musique trop forte ! à ung moment, je cuidoie que le chien de julie alloit devenir menestrel, veu qu'il estoit tout prest de fouler la platine. bref, je me suis cachée près des plantes avec ma boisson, et j'ay prins des notes mentales sur toutes les catastrophes de la mode de la soirée. voilà, cestoit... memorable !
cher antoine, j'espère que cette lettre te trouve en pleine forme. ici, à la ferme, le ciel est d'un bleu éclatant, ce qui rend mes matinées de travail dans les champs plus agréables, même si le soleil tape fort ces jours-ci. après une longue journée à façonner le bois et à m'occuper des bêtes, je trouve un immense plaisir à rejoindre les gars pour une partie de pétanque sous les tilleuls. c'est dans ces moments-là que je réalise à quel point la vie à la campagne, avec ses saisons capricieuses et ses plaisirs simples, est une véritable bénédiction. amitiés sincères, jean dupuis|chier antoine, espoir ay-je que ceste lettre te trouve en belle et bonne disposicion. ci, à la ferme, le ciel est d’un bleu esclatant, ce qui rend mes matinées de labeur ès champs plus agéables, encor que le soleil fiert fort ces jours-ci. après longue journée à façonner le bois et à m’occuper des bestes, moult plaisir prent-je à rejoindre les compaignons pour jouer à la pétenque dessoubz les tilleuls. en ces moments-là, m’apperçois-je combien la vie à la campagne, avec ses saisons capricieuses et ses plaisirs simples, est une vraye bénédiction. amistiés sincères, jehan dupuis
"objet : une rencontre inattendue grâce à la technologie  coucou mes étoiles, c'est clara du blog ""vivre avec clara"" ! aujourd'hui, je voulais partager avec vous une histoire qui m'a profondément touchée : grâce à une simple notification instagram, j'ai rencontré une âme sœur lors d'un événement tech à paris. nos vies, connectées par des fils invisibles, se sont croisées au moment parfait, me rappelant que la magie de la technologie réside dans sa capacité à nous rapprocher les uns des autres.  restez connectés et n'oubliez jamais que derrière chaque écran se cache une opportunité de créer des liens uniques.  avec tout mon amour, clara "|"objet : une rencontre inopinee par vertu de la technologie  salutations, mes esteles, c'est clara du blog ""vivre avec clara"" ! en ce jour, je desire partager avec vous une histoire qui moultement m'a esmeue : par une simple notification d'instagram, je feiz rencontre d'une ame soeur a un evenement de technologie a paris. nos vies, liees par des fils invisibles, se sont croisees au moment parfait, me rememorant que la magie de la technologie gist en sa puissance de nous rapprocher l'un l'autre.  demeurez connectez et n'oubliez jamais que derriere chascun escreen se dissimule une opportunite de forger des liens singuliers.  avec tout mon amour, clara "
chère camille, je repense souvent à cette soirée chez claire, où la musique résonnait autant que nos rires, et où je me tenais un peu en retrait, observant les éclats de joie et les danseurs improvisés. c'était juste avant nos examens, et je me souviens de la façon dont l'angoisse des études s'effaçait l'espace d'une nuit, remplacée par la chaleur d'une amitié partagée. ces moments de complicité, doux et éphémères, me manquent parfois. avec tendresse, élise|chère camille, je me ramentoive souvent de ceste vesprée chez claire, où la musique resonnoit autant que nos ris, et où je me tenoie un peu à l'écart, observant les éclats de joie et les danseurs improvisés. cestoit juste avant noz eschiez, et je me souvien de la façon dont l'angoisse des estudes s'effaçoit l'espasse d'une nuit, remplacée par la chaleur d'une amitié partagée. ces moments de complicitée, doulx et éphémères, me manquent par fois. avec tendresse, élise
hello la tribu digitale  ! c'est mamie jeanne qui vous parle, prête à partager un moment inoubliable ! hier soir, j'ai enfilé mes baskets à paillettes et direction la fête surprise pour les 30 ans de mon petit-fils jules . entre les rires, la musique et les selfies avec les amis, c'était une soirée magique pleine de beaux souvenirs. vive la vie, vive la famille et vive les moments de pure joie ! #mamiecool #famillefirst #fêteinoubliable|saluz à la compaignie digitale  ! c'est mamye jeanne qui vous parle, preste à partager ung moment inoubliable ! hières vespre, j'ay chaussé mes escarpins à paillettes et m'en allay à la feste surprise pour les trente ans de mon petit-fiz jules . entre les ris, la musique et les portraits avec les amis, ce fut une vesprée magique plaine de beaulx souvenirs. vive la vie, vive la famille et vive les moments de pure joye ! #mamyecool #familleprimum #festeinoubliable
yo max, t’as vu comment c’est trop ouf, maintenant avec la techno on peut faire du sport sans bouger de notre canapé ! entre les applis qui te disent comment faire des pompes et les casques vr pour courir dans ton salon, j’te jure, bientôt on sera tous des athlètes olympiques sans transpirer une goutte. vive le progrès, hein ?  a+ frérot, sam|salut maximien, n’as-tu point veu combien c’est moult estrange ? ore avec la technologique, nous povons faire des exercices sans bouger de nostre couche ! entre les applications qui t’enseignent à faire des pousses et les heaumes de réalité virtuelle pour courir en ta chambre, je te jure, tantost nous serons tous athlètes olympiques sans verser une seule goutte de sueur. vive le progrès, n’est-ce pas ?  adieu, mon frère, samson
je m'appelle marcel, et dans mon petit atelier niché au cœur de notre village, je travaille le bois comme mon père le faisait avant moi. chaque dimanche, après la messe, la famille se réunit pour tailler des morceaux de hêtre en jouets et objets du quotidien, une tradition qui nous lie et nous détend. les enfants rient en sculptant des figurines, et nous, les anciens, partageons nos savoirs tout en savourant ces moments simples et précieux. le soir venu, tandis que le soleil décline, nous admirons ensemble nos œuvres, fiers de perpétuer cet art ancestral.|je me nomme marcel, et en mon petit atelier blotti au cueur de nostre village, je besongne sur le bois ainsi que mon père le faisoit avant moy. chascun dimanche, après la messe, la famille se assemble pour tailler pieces de hestre en jouetz et objets du quotidien, une tradicion qui nous lie et nous délasse. les enfans rient en sculptant figurines, et nous, les anciens, partageons noz savoirs tout en savourant ces moments simples et précieux. le soir venu, lors que le soleil décline, nous contemplons ensemble noz œuvres, fiers de perpétuer ceste art ancien.
objet : ma nouvelle aventure ! bonjour mes chers amis, je suis tout excité de vous écrire ce message depuis ma toute nouvelle découverte : l’internet ! chaque matin, je me lève avec un café à la main, prêt à explorer ce monde incroyable depuis le confort de mon fauteuil. les photos des petits-enfants arrivent en un clic, et je peux même suivre des cours de jardinage en ligne. quelle époque merveilleuse pour être retraité ! amicalement, marcel|**subject : mon nouvel adventur !** bien le bon jour, mes chers compaignons, je suys tout esmeu de vous escripre ce message d'avance ma toute nouvelle trouvaille : l'internet ! chascun matin, je me leve avec un breuvage de café en main, prest à explorer ce monde merveilleus depuis le confort de mon siège. les paintures de mes petiz enfans parviennent en un seul clic, et je puis mesmes suivre des leçons de jardinerie en ligne. quelle époque merveilleuse pour estre retraité ! avec amitié, marcel
ah, les déjeuners avec les copains, ce doux rappel que ma vie sociale est en fait une réunion de travail déguisée. hier, au bistrot du coin, entre deux bouchées de tartare sur une tartine de pain sans gluten, mes chers amis ont débattu avec passion sur le meilleur moyen d'augmenter notre productivité sans sacrifier nos pauses déjeuner - une vraie performance artistique ! bien sûr, je suis ressorti de là avec l'impression d'avoir assisté à un séminaire sur le management, le tout saupoudré d'une mignonnette de vinaigrette. ce qui est certain, c'est que dans ce concert de rires et de toasts au chablis, la spontanéité était aussi rare qu'une semaine sans réunion impromptue.|ah, les desjeuners avec les compaignons, ce doulx rapel que ma vie sociale est en effect une assemblée de labeur desguisée. hier, au bistrot du coing, entre deux bouchées de tartare sur une tartine de pain sans gluten, mes chers amis ont débatu avec passion sur le meilleur moien d'augmenter nostre productivité sans sacrifier noz pauses de disner - une vraye performance artistique ! bien seur, je suis ressorti de là avec l'impression d'avoir assisté à un seminaire sur le gouvernement, le tout espourdrez d'une mignonnette de vinaigrette. ce qui est certain, c'est que en ce concert de rires et de toasts au chablis, la spontaneité estoit aussi rare qu'une sepmaine sans assemblée impromptue.
"yo, c'est lola. alors là, t'imagines même pas, la prof de maths nous file un contrôle surprise, tu sais, le genre qui fait flipper tout le monde. et moi, en mode warrior total, j'ai écrit sur ma copie : ""la vraie question c'est pas x mais pourquoi ?"". résultat ? elle m'a filé un zéro pour insolence, mais sérieux, j'ai gagné le respect de toute la classe ! "|"oy, c'est lola. or çà, ne te pourpenses mie, la maistresse de mathematiques nous livre un espreuve soudain, sçais-tu, le saisin qui espouvente chascun. et moy, en maniere de hardi guerrier, j'ay escript sur ma chartre : ""la vraye question n'est mie x mais pourquoy ?"". resultat ? elle m'a donné un zéro pour insolence, mais en verité, j'ay acquis le respect de toute la classe ! "
je m'appelle lucas, et depuis que j'ai découvert le triathlon, ma passion dévorante pour l'endurance a transformé chaque repas en rituel sacré. chaque matin, je prépare mon bol d'avoine avec la même précision que je consacre à mes entraînements, sachant que chaque bouchée nourrit non seulement mon corps mais aussi mon esprit. le soir, en savourant une assiette de poulet grillé et de légumes, je me rappelle que la discipline commence dans l'assiette, car c'est elle qui alimente mes rêves de médailles.|je me nomme lucas, et depuis que j'ay descouvert le triathlon, ma passion dévorante pour l'endurance a transformé chascun repas en rituel sacré. chascun matin, je prépare mon bol d'avoine avec la mesme précision que je consacre à mes esbatemens, sçachant que chascun morceau nourrit non seulement mon corps mais aussi mon esperit. le soir, en savourant une assiette de poulet grillé et de légumes, je me remémore que la discipline commence en l'assiette, car c'est elle qui alimente mes songes de médailles.
"titre : les loisirs d'un papi moderne bonjour les p'tits loups ! c'est votre bon vieux marcel, 75 ans au compteur et toujours prêt à rigoler ! vous savez, à mon âge, les loisirs, c'est un peu comme mes rhumatismes : ça change avec le temps. entre mes parties de pétanque endiablées et mes tentatives désespérées de comprendre comment fonctionne ce fichu ""netflisque"", y’a de quoi occuper mes journées ! ah, et ne me lancez pas sur le tricot : j'ai voulu faire une écharpe, j'ai fini avec un napperon pour ma table ! allez, je vous laisse, le chat réclame sa partie quotidienne de cache-cache... ou est-ce moi qui oublie où je l'ai mis ?"|"titre : les esbanois d'un bon vieil homme moderne saluz, mes petiz loups ! c'est vostre bon vieil marcel, soixante et quinze ans en l'aage et tousjours prest à rigouler ! vous sçavez, à mon aage, les esbanois sont comme mes gouttes : ils muent avec le temps. entre mes joustes de boule ardentes et mes assaïes désespérées de comprendre comment se manie ce maudit ""netflisque"", il y a assez pour emploier mes journées ! ah, et ne me parlez mie du tricot : vouluz-je faire une escharpe, et me voici avec un tapis pour ma table ! allez, je vous quicte, le chat demande sa jouste quotidienne de cache-cache... ou est-ce moy qui oublie où je l'ay mis ?"
je m'appelle madeleine, et il fut un temps où, chaque mercredi après-midi, je me réfugiais dans l'alcôve paisible de notre bibliothèque municipale pour y savourer l'odeur enivrante des livres anciens. mon plus grand plaisir était de me plonger dans les pages des romans d'époque, laissant mon esprit vagabonder à travers les siècles, bercée par les mots soigneusement choisis de balzac et stendhal. en tournant chaque page, j'avais l'impression de converser avec ces auteurs, comme si leurs pensées intimes se confiaient discrètement à moi seule. ces instants suspendus, entre solitude et compagnie littéraire, nourrissaient en moi une passion secrète que je chéris encore aujourd'hui.|je me nomme madeleine, et il fut un temps où, chascun mercredi après-midi, je me retirais en l'alcôve paisible de nostre bibliothèque municipalle pour y savourer l'odeur enivrante des livres anciens. mon plus grant délice estoit de me plonger ès pages des romans d'époque, laissant mon esprit vaguer à travers les siècles, bercée par les mots soigneusement choisis de balzac et stendhal. en tournant chascune page, j'avoie l'impression de deviser avec ces aucteurs, comme si leurs pensées intimes se confioient discrètement à moi seule. ces instants en suspens, entre solitude et compaignie littéraire, nourrissoient en moi une passion secrète que je chéris encore aujourd'huy.
salut camille, franchement, j'en ai marre, ok ? on s'est encore pris la tête pour une histoire débile hier, et j'ai l'impression que tu piges jamais rien à ce que je ressens. ça me saoule trop qu'on se prenne le chou pour des trucs aussi nuls, sérieux. faudrait qu'on parle pour de vrai, parce que j'ai pas envie que ça nous pourrisse la vie. a+, léa|saluz camille, véritablement, j'en ay assés, d'accord ? nous nous sommes encor courroucés pour une aventure fole hier, et il me semble que jamais tu ne comprens rien à ce que je ressens. cela me fasche moult que nous nous courroucions pour des riens si futiles, par ma foy. il conviendroit que nous parlassions pour de vrai, car je n'ay point d'envie que cela nous gaste la vie. adieu, léa
je m'appelle lucas, et je me souviens encore de ce matin brumeux à tokyo, juste avant le lever du soleil. c'était quelques jours avant ma grande compétition, et je me suis levé à l'aube pour une course légère dans les rues silencieuses de la ville. chaque foulée était un rappel de ma discipline et de mon engagement, mais aussi de la beauté des endroits que le sport me permet de découvrir. en rentrant à l'hôtel, le ciel s'éclaircissait, et je savais que ce voyage resterait gravé dans ma mémoire comme un symbole de passion et de détermination.|je me nomme lucas, et je me souviens encore de ce matin brumeux en la cité de tokyo, juste avant le lever du soleil. c'estoit quelques jours avant ma grande compétition, et je me suis levé à l'aube pour une course légère ès rues silencieuses de la cité. chascune foulée estoit un rappel de ma discipline et de mon engagement, mais aussi de la beauté des lieux que le sport me permet de découvrir. en retournant à l'hostel, le ciel s'esclaircissoit, et je sçavois que ce voyage demourroit gravé en ma mémoire comme un symbole de passion et de détermination.
chère élise, chaque matin, avant que le coq ne chante, je pars aux champs avec la force de l'aube dans le cœur et la terre sous les ongles. nos repas, riches des fruits de notre labeur, me rappellent combien le pain a plus de saveur après l'effort. ah, les moments passés à sculpter le bois, c'est un sport en soi, qui forge le corps comme l'esprit. que la vie à la campagne est belle, où chaque journée est un banquet de simplicité et de sueur. amitiés sincères, gaston, artisan du bois|chère élise, chascun matin, avant que le coc ne chante, je me pars ès champs avec la vigueur de l'aube au cœur et la terre soubz les ongles. nos repas, riches des fruits de nostre labeur, me rememorent combien le pain a plus de saveur après l'effort. ah, les moments passés à tailler le bois, c’est un esbatement en soy, qui forge le corps ainsi que l’esprit. que la vie à la campagne est belle, où chascune journée est un banquet de simplicité et de sueur. amitié sincères, gaston, artisan du bois
"alors, t'imagines bien, moi, chloé la rebelle, forcée d'assister au match de foot de mon petit frère, le ""prochain ronaldo"", qu'ils disent. c'est fou comme ma famille croit dur comme fer que hurler sur des enfants qui courent après un ballon, c'est la définition ultime de la passion. j'ai passé tout le match à scroller insta, espérant que mes yeux roulant au ciel ne deviennent pas permanents. mais bon, au moins, j'ai réussi à en tirer une photo ironique de ""famille unie"" pour mon profil, histoire de."|"adonc, t'imagines bien, moi, chloé la rebelle, contrainte d'assister au jeu de balle de mon petit frère, le ""prochain ronaldo"", qu'ils disent. c'est merveille coment ma famille croit fermement que crier sur des enfants qui courent après une pelote, est la très certainne définition de la passion. j'ay passé tout le jeu à regarder insta, espérant que mes yeulx ne restent pas levés au ciel à tout jamais. mais bon, au moins, j'ay réussi à tirer une image ironique de ""famille unie"" pour mon profil, à fin de."
je suis assis à mon bureau, les yeux rivés sur l'écran, mais l'esprit embrouillé par cette dispute matinale avec sophie. nos échanges, autrefois complices, sont désormais empreints de tension et d'incompréhension. entre les chiffres du dernier trimestre et les réunions interminables, je sens que ma vie personnelle s'effiloche lentement, et je me demande si ce stress permanent est réellement le prix à payer pour cette carrière que j'ai tant désirée. peut-être est-il temps de réévaluer mes priorités, avant que tout ne se délite irrémédiablement.|je suys assis à mon bureau, les yeulx rivez sur l'escran, mais l'espirit embrongné par ceste dispute matinale avec sophie. nos eschanges, jadis complices, sont ores empreints de tension et d'ymcompréhension. entre les chifres du dernier trimestre et les réunions sans fin, je sens que ma vie personnelle s'effiloche lentement, et je me demande si ceste angoisse perpetuelle est vrayement le pris à payer pour ceste carriere que j'ay tant desirée. peut-estre est-il temps de réévaluer mes priorités, avant que tout ne se deslite irrémédiablement.
chers amis gastronomes, ici lucien delacroix, votre chef dévoué. comme un plat savamment mijoté, notre foyer est l’ingrédient secret de notre bonheur quotidien. trouver le bon logement, c'est comme dénicher la parfaite alliance de saveurs : cela demande patience, passion et un soupçon de magie. que chacun trouve son cocon pour y mijoter des moments de vie aussi chaleureux qu'une cuisine à l'heure du dîner.  #chezsoi #artdevivre|chiers amis gastronomes, cy lucien delacroix, vostre chef dévoué. comme un plat sagement mijoté, nostre foyer est l’ingrédient secret de nostre bonhèur quotidien. trover le bon logis, c'est comme découvrir la parfaite alliance de saveurs : cela requiert patience, passion et ung soupçon de magie. que chascun trouve son cocon pour y mijoter des moments de vie aussi challeureux qu'une cuisine à l'heure du disner.  #chezsoi #artdevivre
chers gourmands et amateurs de drames culinaires, ici votre dévoué chef gaston flambé, expert en effondrements émotionnels aussi consistants qu'une mousse au chocolat ratée. il semblerait que la sauce à la mélancolie se marie à merveille avec un cœur d'artichaut trop cuit, tandis que les larmes ajoutent cette touche salée parfaite à un soufflé d'ego surdimensionné. n’est-ce pas fascinant de constater que nos plats sont les seuls à nous comprendre, lorsque nous pleurons sur leur sort? à la prochaine crise existentielle, je vous recommande une réduction de regrets, servie avec un zeste de sarcasme. bon appétit et bon courage! |chiers frians et amateurs de spectacles culinaires, icy vostre dévoué maistre queux gaston flambé, expert en effondrements émotionnels aussi consistants qu'une mousse de chocolat faillée. il sembleroit que la saulce à la mélancolie se marie à merveilles avec un cœur d'artichault trop cuit, tandis que les larmes ajoutent ceste touche salée parfaite à un soufflé d'orgueil eshonté. n’est-ce pas merveillable de veoir que noz mets sont les seuls à nous entendre, quand nous plourons sur leur estat? à la prochaine crise de l’âme, je vous conseille une réduction de regrets, servie avec un zeste de sarcasme. bon appétit et bon courage! 
chère page silencieuse, aujourd'hui, en rangeant les ouvrages de la section généalogique, j'ai réfléchi à ma propre lignée, à ces racines invisibles qui m'ancrent dans l'existence. ma famille, bien que dispersée comme les feuilles d'un vieux manuscrit, demeure une source d'une richesse inestimable, un parchemin de souvenirs et d'histoires que je chéris en secret. dans le calme feutré de la bibliothèque, je ressens leur présence comme un murmure rassurant, une douce mélodie qui accompagne mes jours. affectueusement, geneviève|chère page silencieuse, en ce jour, tandis que je mettoye en ordre les livres de la section généalogique, je me pris à songer à ma propre lignée, à ces racines invisibles qui me lient à l'existence. ma famille, bien que espartie comme les fueilles d'un vieil manuscrit, demeure une fontaine de richesses inestimables, un parchemin de souvenirs et d'histoires que je chérys en secret. en la quiétude feutrée de la librairie, je ressens leur présence tel un murmure rassurant, une douce mélodie qui escorte mes jours. affectueusement, geneviève
ma chère lucette, tu ne vas pas le croire, mais l'autre jour, alors que le ciel décidait de nous inonder de ses larmes - c'est-à-dire qu'il pleuvait des cordes comme vache qui pisse - je me suis retrouvée nez à nez avec un charmant monsieur sous mon parapluie. figure-toi qu'on s'est tellement marrés qu'on a failli finir aussi trempés que deux soupes ! ah, les surprises de dame nature ! gros bisous mouillés de ta mamie georgette.|ma chiere lucette, tu ne vas mie le creire, mes l'aultre jour, lors que le ciel decidoit de nous inonder de ses larmes - c'est a dire qu'il pleuvoit des cordes comme vache qui pisse - je me suy trouvée nez a nez avec ung gent homme sous mon parapluie. figure-toy que nous nous sommes tant esbaudis que nous avons faillí finer aussi trempés que deux soupées ! ah, les surprises de dame nature ! grans baisers mouillés de ta mamye georgette.
titre : « les souvenirs d'une querelle sous la pluie » ah, paris, ma chère ville lumière, où même nos disputes semblent avoir un éclat particulier. je me souviens de cette soirée pluvieuse où, accablé par le stress des réunions interminables et des délais impossibles, j'ai eu une altercation mémorable avec mon ami antoine au coin d'une rue du marais. nous nous étions écharpés sur des détails insignifiants – une réservation de restaurant, un rendez-vous manqué – mais dans le fond, c'était le poids de nos vies effrénées qui s'exprimait. aujourd'hui, à 35 ans, cadre stressé mais toujours rêveur, je repense avec une douce nostalgie à ces éclats de voix sous les réverbères mouillés, comme des éclats de notre humanité à fleur de peau.|titre : « les souvenirs d'ung debat soubz la pluye » ah, paris, ma chière cité de lumière, où mesmes noz debatz semblent avoir ung esclat particulier. je me souvien de ceste vesprée pluvieuse où, accablé par le stresse des assemblées sans fin et des délais impossibles, j'euz une altercation mémorable avec mon amy antoine au coing d'une rue du marais. nous nous estions escharpés sur des détaulx insignifians – une réservation de tavernelle, un rendez-vous manqué – mais en vérité, c'estoit la pesanteur de noz vies effrénées qui s'exprimait. au jour d'hui, à 35 ans, clerc stressé mais tousjours songeur, je repense avec une doulce nostalgie à ces esclats de voix soubz les reverbères mouillés, comme des esclats de nostre humanité à fleur de peaulx.
objet : quand le sport sème la discorde... et la bonne humeur ! chers élèves, aujourd'hui, entre deux corrections de vos fabuleuses dissertations, j'ai eu une petite dispute avec m. dupont, notre professeur de sport préféré... figurez-vous qu'il est absolument convaincu que les conjugaisons des verbes irréguliers sont aussi complexes que de jongler avec trois ballons de foot en feu ! bien que je respecte son penchant pour l’exagération sportive, je maintiens que la gymnastique intellectuelle de nos chers subjonctifs imparfaits est bien plus fascinante. enfin, nous avons tranché au badminton – et devinez qui a gagné ? hint : ce n'était pas la conjugaison ! amicalement, monsieur leclerc, votre professeur de français passionné et athlète... de salon !|objet : quant le sport seme la discorde... et la bonne humeur ! chiers escolliers, hui, entre deux corrections de voz merveilleuses dissertations, me suis eu une petite dispute avec maistre dupont, nostre maistre de sport bien aimé... figurez-vous qu'il est à plain persuadé que les coniugaisons des verbes irréguliers sont aussi complexes que de jongler avec trois balles de foot en feu ! combien que je respecte son penchant pour l’exagération sportive, je me tiens que la gymnastique intellectuelle de noz chers subjonctifs imparfaits est bien plus merveilleuse. enfin, nous avons tranché à la paume – et devinez qui a eu la victoire ? indice : ce n'estoit pas la coniugaison ! amicalement, maistre leclerc, vostre maistre de français passionné et athlète... de salon !
cher journal, ah, quelle joie de me réveiller chaque matin avec le doux chant mélodieux de la pluie battante sur mon toit... enfin, ce qui reste de mon toit. à 75 ans, on pourrait penser qu'on a droit à un peu de tranquillité, mais non, mon cher claude, tu as choisi la maison en carton pour sa ventilation naturelle! et puis, qui n’aime pas les courants d'air en plein hiver? je te le dis, la vie moderne a vraiment ses petits plaisirs. avec toute la tendresse du monde, claude|chier journal, ah, quelle liesse de moy resveillier chascun matin au doulz chant melodieux de la pluye battante sur mon toit... enfin, ce qui demeure de mon toit. à l'aage de trois vingtz et quinze ans, l'on pourroit penser qu'on a droict à quelque tranquilité, mais nenni, mon chier claude, tu as esleu la maison en carton pour sa ventilation naturelle! et pui, qui n’ame mie les courans d'air en plein hiver? je te le dy, la vie moderne a vraiment ses petiz plaisirs. avec toute la tendresse du monde, claude
bonjour mes petits sportifs !  c’est votre mamie jeanne qui vous parle. aujourd'hui, j'ai tenté de faire ma marche quotidienne, mais entre la pluie qui dribble mieux qu’un joueur de foot et le vent qui souffle comme un marathonien, j’ai fini par faire du sport à domicile... en tricotant ! 🧶 prenez votre parapluie si vous sortez, et n'oubliez pas que même si le ciel est capricieux, votre sourire peut éclairer la journée de quelqu'un !  #mamieconseils #sportmétéo|bon jour, mes petiz sportis!  c’est vostre mamye jehanne qui vous parle. hui, j’ay essayé de faire ma marche quotidienne, mais entre la pluye qui drible mieulx qu’un joueur de fueteballe et le vent qui souffle comme ung marathonien, j’ay finy par faire mon sport à domicile... en trichotant! 🧶 prenez vostre parapluie se vous allez hors, et n’oubliez mie que meismes se le ciel est capricieux, vostre sourire puet esclaire la journée de quelqu’un!  #conseilzdemamye #sportettemps
salut, c'est léa, l'éternelle baroudeuse ! alors, aujourd'hui, j'ai décidé de courir un marathon... du canapé au frigo. oui, vous avez bien lu ! après des mois de trekking en haute montagne, j'ai découvert que mon vrai talent réside dans l'art de dévorer une tablette de chocolat en un temps record. qui aurait cru que ma plus grande aventure sportive se déroulerait dans mon salon ?|saluz, c’est léa, l’éternelle baroudere ! adoncques, en ce jour, ay délibéré de courir ung marathon... du banc au frigo. oïl, vous avez bien leü ! après maints mois de trécquerie en haulte montaigne, ay descouvert que mon vray talent réside en l’art de dévorer une tablette de chocolat en ung temps record. qui eût creu que ma plus grant adventure sportive se déroellerait en mon sallon ?
bonjour mes chers élèves, ici monsieur dupont, votre professeur de français. aujourd'hui, je voulais partager avec vous une réflexion personnelle sur la manière dont la technologie peut, d'un côté, nous éloigner de nos amis en nous absorbant dans des mondes virtuels, mais de l'autre, elle nous offre aussi des opportunités incroyables pour rester connectés malgré la distance. n'oublions jamais que la vraie richesse réside dans les relations humaines et que chaque message envoyé est une chance de cultiver ces précieux liens d'amitié. prenez soin de vos amis, autant en ligne qu'en personne, car ils sont le véritable trésor de nos vies.|bien le bon jour, mes très chiers escolliers, cy maistre dupont, vostre maistre de françois. en ce jour, je désirois deviser avec vous une pensée personelle touchant la manière dont la technologia puet, d'une part, nous eslongner de noz amis en nous absorbant en mondes virtuels, mais d'autre part, elle nous proffre aussi moult oppportunités merveilleuses pour demourer connectés malgré la distance. jamais n'oublions que la vraie richesse gist en les relations humaines et que chascun message envoyé est une opportunité de cultiver ces précieux liens d'amitié. ayez cure de voz amis, tant en ligne qu'en personne, car ils sont le vray trésor de noz vies.
chère communauté, en triant de vieux cartons ce matin, je suis tombée sur mon tout premier badge de stagiaire... quelle vague de nostalgie ! je me souviens encore de ce jour où, pleine d’appréhension mais aussi d’excitation, je franchissais les portes de ma première entreprise. c'est là que j'ai compris que chaque expérience, même la plus petite, nous façonne et contribue à notre voyage. avec amour, léa |chère communauté, en triant de vieulx cartonnez ce matin, je suis tombée sur mon tout premier badge de stagiaire... quelle vague de nostalgie ! je me souviens encore de ce jour où, pleine d’appréhension mais aussi d’excitation, je franchissoye les portes de ma première entreprise. c'est là que j'ai comprins que chascune expérience, mesmes la plus petite, nous façonne et contribue à nostre voyage. avec amour, léa 
hello mes chéris, c'est clara bella !  aujourd'hui, la météo est juste parfaite, un vrai rayon de soleil qui illumine ma journée et me remplit d'énergie positive.  je me sens tellement chanceuse d'avoir des amis incroyables avec qui partager ces moments magiques, des balades dans le parc aux rires interminables en terrasse. la vie est tellement plus belle quand on la vit entourée de ceux qu'on aime !  #vibespositives #amitiéensoleillée|saluz, miens chiers, c'est clara bella !  au jour d'ui, le temps est moult parfait, un vérai raion de soleil qui illumine ma journée et me emplit d'energie positive.  je me sens moult fortunée d'avoir compains incroyables ovec qui partager ces moments magiques, des promenades ès parc jusques aux riséez interminables ès taverne. la vie est moult plus belle quant on la vit entourée de ceulx qu'on ame !  #vibespositives #amitiéensoleillée
salut mehdi, j'espère que ça roule pour toi. frérot, j'ai enfin réussi à me lever tôt pour aller courir le matin, et franchement ça change ma journée ! après le lycée, c'est direct netflix et chill, mais au moins j'ai eu ma dose de sport. on se capte ce week-end ? à plus, yanis|salut mehdi, espoir que tout va bien pour toi. frère, j'ai enfin réussi à me lever matin pour aller courir le matin, et franchement cela change ma journée ! après l'école, c'est directement netflix et repos, mais au moins j'ai eu ma dose de sport. nous nous voyons ce week-end ? à plus, yanis
je m'appelle jacques lafontaine, et en dehors des fourneaux, ma passion est le jardinage. chaque dimanche matin, je plonge mes mains dans la terre fraîche de mon potager, à la recherche des herbes parfaites qui viendront sublimer mes plats. c’est un moment de pure harmonie, où le parfum du basilic et du romarin me rappelle les dimanches passés dans le jardin de ma grand-mère. c'est là, au cœur de la nature, que je trouve l'inspiration et la sérénité qui nourrissent ma créativité culinaire.|je me nomme jacques lafontaine, et hors des fourneaulx, ma passion est le jardinage. chascun dimanche matin, je plonge mes mains en la terre fresche de mon jardin potager, en queste des herbes parfaites qui viendront sublimer mes mets. c'est ung moment de pure harmonie, où la senteur du basilic et du romarin me remembre les dimenches passés en le jardin de ma grand-mère. c'est là, au cœur de la nature, que je treuve l'inspiration et la sérénité qui nourrissent ma créativité culinaire.
je m'appelle julien, et je me souviens de ce dimanche pluvieux où arthur et moi avons décidé de fabriquer un château fort en coussins dans le salon. la météo avait prévu des averses toute la journée, et pour une fois, elle ne s'était pas trompée. plutôt que de se morfondre, nous avons laissé notre créativité prendre le dessus, riant aux éclats à chaque coup de tonnerre. c'est dans ces moments de complicité imprévus que je réalise combien ces souvenirs partagés sont précieux.|je me nomme julien, et je me ressouviens de cestuy dimanche pluvieux où arthur et moy avés décidé de forger un chastel fort en coussins en la salle. la météo avoit prédit des averses toute la journée, et pour une fois, elle ne s'estoit point trompée. plustost que de nous morfondre, nous laissames nostre créativité prendre le dessus, riant à pleines voix à chascun coup de tonnerre. c'est en ces moments de complicité imprévus que je m'aperçoy combien ces souvenirs partagés sont précieux.
ma chère petite lucie, sache que les amis sont comme les étoiles dans notre ciel de nuit, même si tu ne les vois pas toujours, ils sont toujours là pour éclairer tes jours sombres. n'oublie jamais que les loisirs sont le doux sucre de la vie, ces moments précieux où tu t'accordes la liberté de rêver et de créer. prends soin de tes amitiés et cultive tes passions, car ce sont les trésors qui enrichissent ton cœur. avec tout mon amour, mamie jeanne|ma chiere petite lucie, sçache que les amys sont comme les estoilles en nostre ciel de nuict, mesmes si tu ne les veoyes pas tousjours, ils sont tousjours là pour esclaire tes jours obscurs. n'oublie jamais que les esbattements sont la doulce sucre de la vie, ces moments précieux où tu t'accordes la liberté de songer et de créer. pren soing de tes amitiés et cultive tes passions, car ce sont les trésors qui enrichissent ton cueur. avec tout mon amour, mamye jeanne
bonjour mes petits trésors, c’est mamie lucette au téléphone. j’espère que vous allez bien ! vous savez, il y a quelque chose de magique dans les repas partagés : ce n’est pas juste de la nourriture, c’est un moment de bonheur et de tendresse. alors, mettez-y tout votre cœur, et n’oubliez pas, un peu de beurre dans les épinards ne fait jamais de mal ! gros bisous.|bon jour, mes petiz tresors, c’est mamye lucette au téléphone. espoir ay je que vous allez bien ! vous sçavez, il y a quelque chose de merveilleux ès repas partaigés : ce n’est mie seulement de la viande, mais un moment de félicité et de doulceur. adoncques, mettez-y tout vostre cueur, et n’oubliez mie, un peu de beurre ès espinards ne fait ja de mal ! grosses baisades.
"je me souviens avec une douce nostalgie de cette fête de fin d'année scolaire où, entouré de mes élèves, j'ai vu briller dans leurs yeux cette lueur de compréhension et de passion. c'était une soirée paisible où le crépuscule se déposait délicatement sur les arbres du jardin, et je réalisais à quel point ces jeunes esprits avaient grandi au fil des mois. dans ce moment suspendu, un élève, pierre, m'a offert un livre avec une dédicace simple mais bouleversante : ""pour toutes les histoires que vous nous avez apprises à raconter"". ce souvenir reste pour moi un rappel poignant de la beauté de l'enseignement et de la force des liens que nous tissons à travers les mots."|"je me ressouvien avec une doulce nostalgie de ceste feste de fin d'année escolière où, entouré de mes escoliers, j'ay veu resplendir en leurs yeulx ceste lueur de comprenension et de passion. ce fut une vesprée paisible où le crépuscule se reposoit doulcement sur les arbres du jardin, et je recongnoissois combien ces jeunes esperitz avoient crû au fil des moys. en ce moment suspendu, un escolier, nommé pierre, me donna un livre avec une dédicace simple mais poignant : ""pour toutes les histoires que vous nous avez aprinses à conter"". ce ressouvenir demeure pour moy un rappel poignant de la beauté de l'enseignement et de la force des liens que nous tissons par les mots."
salut les amours, c’est camilleluxe ici !  ce matin, j'ai eu l'envie soudaine de redécorer mon salon pour un look encore plus cozy, alors je suis allée chez ce petit fleuriste hyper sympa près de chez moi pour ajouter quelques plantes vertes (mon astuce bien-être ultime ). ensuite, j'ai pris le temps de me préparer un matcha latte maison – un vrai moment douceur avant de répondre à vos messages. n'oubliez pas de prendre soin de vous aujourd'hui, bisous ! |salutations, mes amours, c'est camilleluxe céans !  cestuy matin, l'envie soudaine me print de redécorer mon salon pour luy donner un air encore plus acceuillant et douillet. adoncques, je me rendis chez ce petit fleuriste moult avenant, qui est ès parages, pour ajouter quelques plantes vertes (ma subtile astuce de bien-être ). puis, je me préparay un matcha latte de ma façon – un vray moment de douceur avant que de répondre à voz messages. n'oubliez mie de prendre soin de vous céans, baisers ! 
je m'appelle antoine, et chaque matin commence avec un rituel bien établi : préparer le petit-déjeuner pour clara, ma fille de neuf ans, avant de l'emmener à l'école. les études, c'est notre priorité. je m'assure qu'elle a tous ses livres, son goûter, et surtout, son sourire. le soir, après une longue journée de travail, je vérifie ses devoirs en lui racontant à quel point je suis fier de ses progrès.|je me nomme antoine, et chascun matin commence par un rituel bien estably : apprester le petit desjeuner pour clara, ma fille de neuf ans, avant que la mener à l'escole. les estudes, c'est nostre priorité. je m'asseure qu'elle a tous ses livres, son gouster, et surtout, son sourire. le soir, après une longue journée de labeur, je vérifie ses devoirs en luy contant combien je suis fier de ses progrès.
ah, mes chers petits, laissez-moi vous raconter une histoire d'un temps révolu. c'était un doux après-midi d'été, et ma chère amie jeanne et moi, nous nous étions querellées pour une broutille – une simple question de recette de tarte aux pommes, vous imaginez ! la colère n'a pas duré bien longtemps, car en partageant un bon thé sous le vieux chêne du jardin, nous avons ri de notre bêtise et compris que l'amitié, c'est un trésor bien plus précieux que n'importe quelle querelle. quand je pense à ces moments, je réalise combien il est important de chérir nos liens et de toujours faire le premier pas vers la réconciliation.|ah, mes chiers petiz, laissez-moy vous raconter une hystoire d'un temps passé. c'estoit un doulx après-disner d'esté, et ma chiere amye jehane et moy, nous nous estions querellées pour une bagatelle – une simple question de recette de tarte aux pommes, vous imaginez! l'ire ne dura pas moult longtemps, car en partageant un bon thé soubz le vieil chesne du jardin, nous avons ri de nostre folie et comprins que l'amitié, c'est un trésor bien plus précieux que nulle querelle. quant je pense à ces moments, je réalise combien il est important de chérir noz liaisons et de tousjours faire le premier pas vers la réconciliation.
ah, mes chers enfants, c'est votre mamie simone qui vous parle. vous savez, dans ma longue vie, j'ai appris que voyager, c'est comme ouvrir un livre mystérieux, un livre qui vous enseigne ce qu'aucun travail ne peut vous apprendre. le travail, c'est important, bien sûr, c'est ce qui nous donne un sens et nous aide à bâtir notre nid. mais les voyages, eux, nourrissent l'âme, enrichissent le cœur et élargissent l'esprit, et je crois qu'il est essentiel de trouver un équilibre entre les deux pour vivre pleinement.|ah, mes treschiers enfans, c'est vostre mamye simone qui vous parle. vous sçavez, en ma longue vie, j'ay aprins que voyager, c'est comme ouvrir ung livre misterieux, ung livre qui vous enseigne ce qu'aucun labour ne vous sçauroit aprendre. le labour, certes, est de grant importance, car c'est ce qui nous donne sens et nous aide à bastir nostre nid. mais les voyages, eux, nourrissent l'ame, enrichissent le cueur et eslargissent l'esprit, et je croy qu'il est essential de trouver ung equilibre entre les deux pour pleinement vivre.
chère plume du soir, ici mamie jeanne qui te parle encore une fois avec le cœur joyeux. aujourd'hui, j'ai vu mes roses éclore avec éclat, comme si elles saluaient le soleil d'une révérence délicate. j'ai aussi pris le temps de préparer ma fameuse tarte aux pommes pour les petits-enfants qui débarquent demain ; rien ne vaut le sourire d'un enfant qui croque dans une douceur maison ! ah, la vie est un jardin de petits bonheurs, et chaque jour est une fleur à chérir.|chère plume du soir, cy parle mamye jeanne qui te salue encores une foys ove le cueur joyeulx. en ce jour, ay veu mes roses esclorre ove éclat, comme s'elles saluoient le soleil d'une révérence déliée. ay aussi pris le temps de préparer ma fameuse tarte aux pommes pour les petits-enfans qui arrivent demain ; rien ne vault le souyrire d'un enfant qui croque en une douceur de maison ! ah, la vie est un jardin de petiz bonheurs, et chascun jour est une fleur à chérir.
hier soir, lors d'une fête locale à cusco, j'ai eu l'impression d'avoir découvert un autre monde, tout en couleurs et en rythmes enivrants. au beau milieu de la danse, une dispute a éclaté entre deux amis à propos d'une écharpe égarée, rappelant à quel point les émotions peuvent être exacerbées sous les étoiles andines. en observant cette scène, j'ai réalisé que, malgré nos différences culturelles, les conflits et les réconciliations sont des expériences universelles qui tissent la toile de nos vies. voyager en solo m'enseigne chaque jour l'importance de l'empathie et de la compréhension, même au cœur des célébrations les plus joyeuses.|"""la nuict passée, en une fête locale à cusco, il me sembla avoir découverct un aultre monde, tout paré de couleurs et de rythmes enyvrez. au milieu de la dance, une dispute survint entre deux amis pour cause d'une escharpe égarée, rememorant combien les passions povent estre exacerbées soubz les estoiles andines. en contemplant ceste scène, je pris congé que, malgré nos différences culturelles, les conflits et les réconciliations sont des expériences universelles qui tissent la tapisserie de noz vies. voyager en solité m'aprent chascun jour l'importance de l'empathie et de la compréhencion, mesmes au cœur des réjouissances les plus joyeuses."""
salut, moi c'est lucas ! je me souviens du jour où on a tous fait un pique-nique au parc, avec mes parents, ma sœur et mes copains. le soleil brillait, et on a ri tellement fort que j'en ai eu mal au ventre. c'était comme si le temps s'était arrêté, juste pour nous, et je me sentais tellement heureux entouré de toutes ces personnes que j'aime.|saluz, moy suis lucas ! je me ressouviens du jour où nous feismes tous un repaistre en l'herbe en l'yssue du parc, avecques mes parens, ma seur et mes compaignons. le soleil resplendissoit, et nous riismes tant fort que j'en eus douleur au ventre. c'estoit comme se le temps s'arrestast, justement pour nous, et je me sentoye telment eureux entouré de toutes ces gens que j'ayme.
cher(e) [nom de l'ami(e)], quelle joie de t'écrire après notre rencontre au marché des artisans! j'ai été vraiment ravi de découvrir que nos chemins se croisent aussi par les livres, toi qui poursuis tes études avec tant de passion. de mon côté, je continue à façonner le bois avec amour et patience, chaque pièce racontant une histoire de notre terre. j'espère que nos échanges enrichiront nos savoirs, alliant la sagesse de la tradition et la curiosité académique. avec toute mon amitié, jeannot, l'ébéniste du village|chier(e) [nom de l'ami(e)], quelle liesse de t’escripre aprés nostre rencontre au marché des ouvriers! j’ay esté moult ravi de descouvrir que noz chemins se croisent aussi par les livres, toy qui poursuis tes estudes avec tant de passion. de mon costé, je continue à façonner le boys avec amour et pacience, chascune pièce contant une histoire de nostre terre. j’espere que noz eschanges enricheront noz savoirs, alliant la sagesse de la tradicion et la curiosité academique. avec toute mon amitié, jeannot, l’ébenniste du village.
"oh là là, mes petits loups, laissez-moi vous raconter une anecdote de mamie yvette. l'autre jour, je suis montée dans le métro, prête à affronter ma journée de boulot, sac à main en bandoulière et smartphone en main. voilà que le train s'arrête brusquement, et paf, mon téléphone me glisse des mains et atterrit sur les genoux d'un jeune homme qui, à ma grande surprise, se met à crier : ""mamie, on fait un selfie?"" ah, je vous jure, même à 75 ans, on n'échappe pas aux réseaux sociaux!"|"ô là là, mes petiz loups, laissez-moy vous raconter une aventure de mamy yvette. l'autre jour, je montay en le métro, prest à affronter ma journée de labeur, sac à main en bandoullière et esmarphone en main. voilà qu'icelui train s'arrête tout soudainement, et paf, mon esmarphone me glisse des mains et chéit sur les genouz d'un jeune homme qui, à ma grand' surprise, commence à crier : ""mamy, fait-on ung portrait ensemble?"" ah, je vous jure, mesme à l'âge de 75 ans, on n'échappe point aus réseaux sociaux!"
salut les beautés !  c'est justine, votre guide auto-proclamée du monde incroyable de la technologie où même mon grille-pain est plus intelligent que moi. 🤖 l'autre jour, j'ai demandé à mon assistant vocal de me rappeler d'arroser mes plantes... et je me suis retrouvée à parler à ma plante en plastique pendant dix minutes. 🤦‍ qui aurait cru que le futur serait aussi drôle que ça ? bisous technologiques ! |saluz, belles damoiselles !  c'est justine, vostre guide autoproclamée en cest monde merveilleux des technologiés où mesme mon grille-pain est plus sage que moy. 🤖 l'autre jour, je demanday à mon serviteur vocal de me souvenir d'arroser mes plantes... et je me trouvay à parler à ma plante de plastick durant dix minutes. 🤦‍ qui eust creu que le futur fust si plaisant ? baisers technologiques ! 
salut, moi c’est camille, étudiante en art et amoureuse des voyages inspirants. l'autre jour, en route pour un petit village pittoresque où je devais peindre, un orage monumental a éclaté. en moins de deux, mes pinceaux faisaient du surf dans une flaque d'eau géante, et mon carnet de croquis s'est transformé en une œuvre d'art abstrait involontaire. comme quoi, la météo a parfois une drôle de façon de nous donner un coup de pouce créatif!|salut, moy suys camille, estudiant en art et amoureuse des voyages inspirans. l’autre jour, en chemin vers ung petit village pittoresque où je debvoye peindre, ung orage monumental advint. en moins de rien, mes pinceaulx faisoient du surf en une flaiche d’eaue géante, et mon carnet de croquys devint une œuvre d’art abstrayt involontaire. comme quoy, la météeor a parfoys une estrange manière de nous donner ung coup de pouce créatif!
objet : juste un petit coucou entre deux cours salut claire, j'espère que tu vas bien. de mon côté, je suis complètement submergé par les révisions et les gardes interminables à l'hôpital. j'ai l'impression de vivre en pyjama et de ne plus voir la lumière du jour. vivement le week-end qu'on puisse se retrouver autour d'un café et que je puisse te raconter mes anecdotes de zombie en blouses blanches ! à très vite, julien|objet : petit salut entre deux leçons salut claire, espoir que tu te portes bien. de mon costé, je suis tout à fait submergé par les révisions et les longues veillées à l'hôpital. il me semble vivre en robe de chambre et ne plus voir la clarté du jour. vivement le fin de semaine pour que nous puissions nous retrouver autour d'un café et que je puisse te narrer mes récits de zombis en tuniques blanches ! à bien tôt, julien
je me souviens d'un dimanche après-midi chez mamie, où tout le monde était réuni autour de la grande table en bois. les rires de mes cousins résonnaient dans la pièce, tandis que je restais dans mon coin, observant les gestes attentionnés de ma mère qui apportait sans cesse des plats délicieux. grand-père racontait une de ses histoires, les yeux pétillants, et même si je ne participais pas beaucoup, j'aimais ce sentiment de chaleur et de complicité qui enveloppait la pièce. c'était comme si, pour un moment, le monde extérieur n'existait plus.|je me souviens d’un dimanche après-midy chez ma mamye, où tout le monde estoit assemblé entour de la grande table de bois. les ris de mes cousins résonnoient en la pièce, tandis que je demouroys en mon coin, mirant les gestes soignés de ma mère qui ne cessait d’apporter des mets délicieux. le grand-père contoit une de ses histoires, les yeux pétillans, et mesmes si je ne participoys guères, j’aimoye ce sentiment de chaleurs et de compaignie qui enveloppoit la pièce. c’estoit comme si, pour un moment, le monde extérieur n’existoit plus.
objet : réflexions après la fête salut marc, j'espère que tu vas bien. je voulais te remercier pour la fantastique fête d'hier soir, c'était exactement ce dont j'avais besoin après ces interminables heures de révision à la bibliothèque. malgré la fatigue accumulée, j'ai ressenti un véritable souffle de joie et de légèreté, comme une pause bienvenue dans ce marathon de stress qu'est la médecine. ces moments partagés m'ont rappelé l'importance de préserver ces liens qui nous soutiennent dans cette aventure exigeante. à bientôt, étienne|objet : réflexions après la feste salut marc, espoir que tu te portes bien. je te vouloye mercier pour la merveilleuse feste d'hier au vespre, ce fut justement ce dont j'avois mestier après ces heures interminables de revision en la librairie. malgré la fatigue amoncelée, je sentis un vrai souffle de liesse et de légiereté, comme une pause bien venue en ce maraton de stresse qu'est la médecine. ces moments partagés me remembrèrent l'importancë de garder ces liens qui nous soustiennent en ceste aventure requérante. à tantost, estienne
salut mes p'tits choux, c'est mamie josette!  aujourd'hui, je repensais à ces matins où l'on prenait le temps de savourer un bon café avec une biscotte, en écoutant le doux grésillement de la radio.  vous savez, avant que les podcasts ne prennent le relais!  parfois, je me surprends à regretter cette simplicité... mais ne vous inquiétez pas, j'adore toujours partager mes selfies du jour avec vous!  #nostalgie #biscotteetcafé #viemoderne|salut mes petiz chous, c'est mamye josette!  en ce jour, je me remembray de ces matins où nous prenions le temps de savourer ung bon café avec une biscotte, en escoutant le doulx grésillement de la radio.  vous sçavez, avant que les podcasts ne prissent le relais!  parfois, je me surprens à regretter ceste simplicité... mais ne vous esmaiez mie, j'ayme tousjours à partager mes portraits du jour avec vous!  #nostalgie #biscotteetcafé #viemoderne
objet : souvenir d'une journée inoubliable cher(e) [nom], je me souviens encore avec une clarté émotive de ce jour d'été en 1965, lorsque nous avons pris la vieille 2cv pour une promenade improvisée à travers les champs dorés. le vent jouait dans nos cheveux et nos rires résonnaient comme une douce mélodie, gravée à jamais dans mon cœur. ces moments partagés m'ont appris que le bonheur se trouve souvent dans la simplicité des instants vécus ensemble. affectueusement, papi jean|objet : souvenir d'une journee inoubliable chier(e) [nom], je me souviens encore avec une clarté émotive de cedit jour d'esté en l'an de grâce mil neuf cens soixante-cinq, quand nous prismes la vielle deux chevaux pour une promenade improvisée à travers les champs dorez. le vent jouoit en noz cheveulx et noz ris résonnoient telle une douce mélodie, gravée à jamais en mon cœur. ces moments partagés m'ont apris que le bonnheur se trouve souvent en la simplicité des instants véçus ensemble. affectueusement, papi jehan
chère marie, chaque matin, malgré le tumulte de nos vies bien remplies, je prends quelques instants pour savourer mon café en silence, avant que la maison ne s'éveille. c'est un petit rituel qui me permet de me recentrer et de puiser l'énergie nécessaire pour affronter la journée avec vous tous. ces moments sont précieux, et même si je cours sans cesse, je chéris cette habitude qui me rappelle que, parfois, il suffit de quelques minutes pour se sentir entière. avec tout mon amour, maman|très chiere marie, chascun matin, nonobstant le tumulte de noz vies bien emplies, je pren quelque temps pour savourer mon café en silence, avant que la maison ne s'esveille. c'est ung petit rituel qui me permet de me recentrer et de tirer l'energie necessaire pour affronter la journee avec vous tous. ces momens sont precieux, et mesmes se je cours sans cesse, je chery ceste habitude qui me raporte que, parfoiz, il suffit de quelques minutes pour se sentir toute entiere. aves tout mon amour, votre mère
je m'appelle alex leblanc, et chaque matin à 5h30, je lace mes chaussures de course avant même que le soleil ne se lève. cette discipline matinale n'est pas juste un rituel, c'est mon moment privilégié où je me connecte avec moi-même et prépare mon esprit à conquérir la journée. peu importe la météo ou la fatigue, la sensation de l'air frais sur mon visage et le rythme régulier de mes pas sur le trottoir me rappellent pourquoi je suis dévoué à cette habitude. c’est dans ces instants, quand la ville dort encore, que je trouve ma vraie motivation.|je me nomme alex leblanc, et chascun matin à cinq heures et demie, je lace mes soliers de course avant mesme que le soleil ne se levez. ceste discipline matinale n'est pas seulment un rituel, c'est mon moment prévilégié où je me lie à moy-mesme et appreste mon esperit à conquérir la journée. nulle importance a la moulture ou la lassitude, la sensation de l'air fresche sur mon visaige et le rythme ordonné de mes pas sur le pavé me remembre pourquoy je suis dévoué à ceste coustume. c’est en ces instans, quand la cité dort encore, que je trouve ma vraie motivation.
salut mes p'tits loups!  aujourd'hui, en allant chercher mon pain bio chez le boulanger, j'ai croisé une vieille amie d'enfance que je n'avais pas vue depuis des lustres!  on a papoté comme des adolescentes, avec nos cafés à emporter, en se racontant nos petites histoires et nos folles aventures.  comme quoi, la vie nous réserve toujours de belles surprises, même à 73 ans!  #revoirlesamis #lavieestbelle #mamiemoderne|salutations, mes petiz loups!  en ce jour, me transportant pour quérir mon pain naturel chez le boulanger, rencontrai une vieille amie d'enfance que ne avoye point veue depuis moult années!  nous devisames comme jeunes pucelles, tenant nos cafés à emporter, contant nos petites nouvelles et nos folles aventures.  ainsi va la vie, qui nous réserve tousjours de belles surprises, mesmes à l'aage de soixante-treize ans!  #revoirlesamis #lavieestbelle #mamiemoderne
"eh ben, c’est moi, gaston le potier, qui vous raconte une p'tite anecdote de chez nous. l'autre jour, mon ami rené, l'ébéniste du village, s'est pointé à l'atelier avec un sacré sourire. il me dit : ""gaston, j'ai enfin compris pourquoi mes meubles avaient toujours une patte bancale, j'utilisais le niveau à bulle de travers !"" on a ri comme des tanches, et depuis, on a décidé d'échanger nos outils... juste pour voir si ça changerait quelque chose au talent !"|"hé bien, c’est moy, gaston le potier, qui vous conte une petite histoire de nostre demeure. l'autre jour, mon compaignon rené, l'ébéniste du village, se rendist en l'atelier avec ung grand sourire. il me dist : ""gaston, j'ay enfin comprins pourquoy mes meubles avoient tousjours une jambe cloche, j’usoys le niveau à bulle de travers !"" nous avons ri comme des tanches, et depuis lors, avons décidé d’échanger nos outils... seulement pour veoir se cela changerait quelque chose à nostre talent !"
salut, c'est clara. aujourd'hui, j'ai envie de vous parler de quelque chose que j'observe souvent à la cantine du lycée : les repas. je trouve que c'est fascinant de voir comment chaque plat peut en dire long sur les gens. certains se ruent sur les frites comme si c'était la dernière fois qu'ils allaient en manger, d'autres préfèrent les salades, silencieux et presque mystérieux. moi, je suis quelque part entre les deux, toujours curieuse de découvrir ce que chaque assiette peut raconter. |saluz, c'est clara. en ce jour, ay desir de vous parler de quelque chose que souvent observe en la cantine du lyceum : les repas. je treuve que c'est chose fascinante de veoir comment chascun plat puet moult dire des gens. certains se ruent sur les fritures comme se ce fust la darnière fois qu'ilz les mangeroient, d'autres préferent les salades, silencieux et presque mystérieux. quant à moy, suis quelque part entre les deux, tousjours curieuse de descouvrir ce que chascune assiette puet raconter. 
salut à tous, c'est claire, la maman débordée mais comblée ! aujourd'hui, j'ai eu la chance de rencontrer une autre maman au parc pendant que les enfants jouaient. on a tellement ri en partageant nos petites galères quotidiennes, ça fait du bien de se sentir comprise. parfois, une simple rencontre peut illuminer une journée et redonner de l'énergie pour affronter le tourbillon familial !  #mamansquiassurent #momlife|salut à tous, c'est claire, la mère surchargée mais heureuse ! en ce jour, j'ay eu la fortune de rencontrer une autre mère au parc pendant que les enfans jouoient. nous avons tant ri en partageant nos petites infortunes quotidiennes, cela fait du bien de se sentir entendue. quelquefois, une simple rencontre peut illuminer une journée et redonner de l'énergie pour affronter le tumulte familial !  #mèresquiassurent #viedemère
"ah, si vous lisez ceci, c'est bien grâce à mon petit-fils qui m'a initié à cet ""internet"". je suis marcel, un vieux bonhomme qui se rappelle avec tendresse de l'été 1962, quand j'ai croisé marie pour la première fois au bal du village. ce soir-là, sous les lampions chatoyants, notre premier regard a scellé une danse qui a duré toute une vie. ah, que de doux souvenirs, perdus dans le parfum des roses qui embaumait l'air..."|"ah, se vous lisez ce, c'est bien gré à mon petitz-fiz qui m'a initié à ceste ""internet"". je suis marcel, ung viel homme qui se souvient avec tendresse de l'esté de l'an mil neuf cent soixante-deux, quant je rencontray marie pour la première fois au bal du village. ce soir-là, sous les lampions luisans, nostre premier regard sellé une dance qui dura toute une vie. ah, que de doulx souvenirs, perdus en l'odeur des roses qui parfumoient l'air..."
salut, moi c'est clara, globe-trotteuse dans l'âme. en vagabondant de ville en ville, je m'émerveille toujours de l'impact qu'un logement stable peut avoir sur nos études et notre soif d'apprendre. trouver un toit accueillant est comme dénicher cette perle rare qui nous permet de nous concentrer sur l'essentiel : explorer de nouveaux horizons intellectuels. chaque chambre, chaque coin de bureau, devient alors un sanctuaire où l'esprit peut vagabonder librement.|saluz, moy suis-je clara, routière en l'âme. en errant de cité en cité, je m'esmerveille tousjours de l'impact qu'un logis estable peut avoir sur noz études et nostre soif d'apprendre. trouver un toit acueillant est comme trouver ceste perle rare qui nous permet de nous concentrer sur l'essentiel : explorer de nouveaux horizons intellectuels. chascune chambre, chascun coing de bureau, devient lors un sanctuaire où l'espirit peut errer librement.
ah, mes chers petits, c’est votre mamie jeanne qui vous parle. hier, alors que je préparais la maison pour la fête d’anniversaire de votre papi, le ciel s’est couvert de nuages menaçants. mais vous savez, la vie est comme la météo : imprévisible et pleine de surprises. même sous la pluie, entourée de vos rires et de vos sourires, le soleil brillait dans mon cœur.|ah, mes chiers petiz, c’est vostre mamye jeanne qui vous parle. hier, lors que je appareilloie la maison pour la feste d’anniversaire de vostre papi, le ciel se couvrit de nues menassantes. mais sçavez-vous, la vie est comme les temps : imprévisible et plaine de surprises. mesmes soubz la pluye, entourée de voz ris et voz sourires, le soleil luysait en mon coeur.
17 octobre 1895 ah, les repas de mon enfance ! je me souviens des vastes tablées où le pain chaud sortait du four à bois, son odeur emplissant notre modeste chaumière de promesses gourmandes. maman préparait la soupe aux légumes du potager, chaque cuillerée réchauffant le cœur autant que l'estomac. aujourd'hui, en façonnant mes poteries, je retrouve cette même satisfaction simple et sincère, celle de créer de mes mains ce qui nourrit le corps et l'âme.|17e jour d’octobre l’an mil quatre cens quatre-vingt et quinze ah, les reppas de mon enfence ! je me souviengne des vastes tabliées où le pain chault issait du four à boys, son odeur emplissant nostre modeste chaumière de promesses gourmandes. ma mère préparait la souppe de légumes du jardin, chascune cuillerée réchauffant le cœur autant que l’estomac. en ce jour, en façonnant mes poteries, je retrouve ceste mesme satisfaction simple et sincère, celle de créer de mes mains ce qui nourrit le corps et l’âme.
chers lecteurs, je m'appelle madeleine dupuis, et il est grand temps que je vous confie un secret bien gardé : ma passion dévorante pour les manuscrits anciens. chaque page jaunie, chaque calligraphie délicate, me transporte dans des époques oubliées où le savoir se transmettait avec une telle élégance. c'est un bonheur ineffable de découvrir, à chaque nouvelle reliure, la trace indélébile des pensées d'antan. ah, combien je chéris ces trésors silencieux qui enrichissent mon esprit tout en nourrissant mon imaginaire!|chiers lecteulx, je me nomme madeleine dupuis, et il est grand temps que je vous confesse ung secret bien gardé : ma passion ardente pour les vieulx manuscriz. chascune page jaunie, chascune calligraphie déliée, me transporte en es temps oubliés où le sçavoir se transmettoit avec telle élégance. c’est ung joye ineffable de descouvrir, à chascune nouvelle reliure, la trace indélébile des pensées d’antan. ah, combien je chéris ces trésors silencieux qui enrichissent mon esprit tout en nourrissant mon imaginaire !
salut les babes, c'est léa sunshine ici  ! alors, petite update : aujourd'hui, j'ai essayé de bosser sérieusement, mais la météo avait d'autres plans pour moi . genre, est-ce que le ciel est au courant que je suis censée être productive ?! bref, entre deux averses et trois cappuccinos, j'ai décidé que le télétravail était juste une excuse pour rester en pyjama toute la journée... qui est avec moi ?!  #workfromhomevibes #pluieetpyjama|saluz, mes damoiselles, c'est léa luce soleille céans  ! or sus, petite nouvelle : en ce jour, j'ay essayié de besongner avec grant sérieux, mais le temps avoit autres desseins pour moy . par ma foy, le ciel sçait-il que je doy être laborieuse ?! donques, entre deux pluyes et trois cappuccinos, j'ay décidé que le télétravail n'est qu'une excuse pour demeurer en chemise de nuict toute la journée... qui est avec moy ?!  #travailadistancesentiments #pluyeetchemisedenuict
je m'appelle clara, et je me souviens d'une soirée d'été où l'air était parfumé de joie et de promesses. c'était une fête en plein air éclairée par des guirlandes lumineuses, et au milieu des rires, un ami a capturé mon portrait sur un vieux polaroid. ce cliché, avec ses couleurs un peu délavées, est devenu mon talisman, un rappel tangible de la magie des instants éphémères que je cherche à transposer dans mes toiles.|je me nomme clara, et je me ressouviens d’une vesprée d’été où l’air estoit parfumé de liesse et de promesses. ce fut une feste en plaine air, esclairée par des guirlandes lumineuses, et au milieu des ris, ung amy captura mon pourtraict sur ung vieil polaroid. cestuy portrait, de couleurs un peu destrempées, devint mon talisman, ung remembrant tangible de la magie des instants éphémères que je quier à transposer en mes toiles.
ma chère petite lucie, chaque jour est une bénédiction, et rien ne réchauffe plus le cœur que de préparer des petits plats mijotés avec amour pour ceux qu'on aime. n'oublie jamais que la simplicité d'un repas partagé peut illuminer même les journées les plus grises. prends le temps de savourer chaque instant, ma chérie, car la vraie richesse réside dans ces moments quotidiens. avec tout mon amour, mamie jeanne|ma chiere petite lucie, chascun jour est une bénédiction, et riens ne eschauffe plus le cœur que de apprester petiz platz mijotés avec amour pour ceulx qu'on ame. n'oublie ja mais que la simplicité d'un repas partagé peut illuminer mesmes les journées les plus grises. prens le temps de savourer chascun instant, ma chiere, car la vraye richesse réside en ces moments quotidiens. avec tout mon amour, mamye jeanne
cher mathieu, en ce jour où les saveurs s'entremêlent dans ma cuisine comme les ingrédients d'un plat parfait, je me souviens du train à vapeur que nous avons pris ensemble, celui qui sifflait comme une bouilloire impatiente. en traversant les paysages changeants, chaque gare était une épice ajoutée à notre voyage, et je me remémore avec tendresse ce moment où nous avons partagé un simple sandwich, transformant cet humble repas en une symphonie culinaire grâce à la joie de notre complicité. que cette mémoire reste gravée comme un rappel délicat que, parfois, le plus beau des plats est celui partagé en chemin. avec toute ma passion culinaire, chef édouard lemoine|chier mathieu, en ce jour où les saveurs s'entremêlent en ma cuisine comme les engrediens d'un plat parfait, je me ressouviens du train à vapeur que nous primes ensemble, celluy qui sifflait comme une bouilloire impatiente. en traversant les paysages changeans, chascune gare estoit une espice adjoustée à nostre voyage, et je me souviens auec tendresse ce moment où nous partageames un simple sandwich, transformant ce humble repas en une symphonie culinaire par la joye de nostre compaignie. que ceste mémoire demeure gravée comme un souuenir délié que, par fois, le plus beau des plats est celluy partagé en chemin. auec toute ma passion culinaire, chef édouard lemoine
cher émile, je suis tellement ravi de partager avec toi ma passion pour la photographie ! capturer ces instants fugaces de la vie à travers l'objectif me procure une joie indescriptible, et je ne peux m'empêcher de m'enthousiasmer à l'idée de t'apprendre à voir le monde sous cet angle. chaque week-end, je planifie soigneusement nos petites excursions pour découvrir ensemble de nouveaux paysages et immortaliser ces moments précieux. je suis convaincu que ces aventures renforceront notre lien et t'inspireront peut-être à nourrir ta propre passion. avec tout mon amour, papa|chier émile, je suis tantost ravi de partager avec toy ma passion pour la peinture de lumière ! prendre ces instans fuyans de la vie par le moyen de l’objectif me donne une joye indécible, et je ne puis m’empescher de m’esjouir à l’idée de t’apprendre à veoir le monde soubz cet angle. chascun septmaine, je devise soigneusement noz petites excursions pour descouvrir ensemble de nouveaux paysages et emprisonner ces moments précieux. je suis certain que ces aventures fortifieront nostre lien et t’enspireront peut-estre à nourrir ta propre passion. avec tout mon amour, ton père
cher journal, aujourd'hui, entre le souffle brûlant des fourneaux et le ballet incessant des casseroles, je me suis surpris à mijoter une réflexion sur mes émotions. comme un ragoût trop salé, elles débordent parfois et manquent de subtilité. dans cette quête de perfection culinaire, je me demande si je ne devrais pas aussi apprendre à assaisonner mes sentiments avec plus de délicatesse. peut-être qu'en équilibrant mieux mes émotions, je pourrais enfin atteindre ce plat parfait que je poursuis sans relâche. avec passion, édouard.|très chier journal, en ce jour, entre le souffle arse des fournaulx et le bal incessant des casserolles, je me surprins à faire mijoter une réflexion sur mes émotions. tel un ragoust trop salé, elles débordent parfois et manquent de subtilité. en ceste queste de perfection culinaire, je me demande se je ne devroie mie aussi aprendre à assaissonner mes sentimens avec plus de déliquesse. peut-estre qu'en mieulx balançant mes émotions, pourrois-je adoncques atteindre ce plat parfait que je poursuis sans relasche. avec passion, édouard.
chers amis francophiles, ici monsieur dupont, votre passionné de la langue de molière !  rien ne nourrit l'esprit comme un bon livre associé à un voyage enrichissant. que vous déambuliez dans les rues de paris ou exploriez les sentiers cachés de provence, chaque expérience est une nouvelle page à ajouter à notre aventure linguistique. partagez vos découvertes et inspirez, car après tout, la vie est un livre dont chaque jour écrit une nouvelle histoire !  #voyageetculture #passionfrançaise|chiers amis francophiles, ici messire dupont, vostre entechié de la langue de molière !  nul ne nourrit l'esprit tant qu'un bon livre acompaigné d'un voiage enrichissant. que vous flâniez ès rues de paris ou arpentez les sentiers cachés de provence, chascune expérience est une novele page à adjouster à nostre aventure linguistique. partagez voz descouvertes et inspirez, car après tout, la vie est ung livre dont chascun jour escript une novele histoire !  #voyageetculture #passionfrançaise
"eh bien, mes petits-enfants, asseyez-vous et laissez-moi vous raconter le jour où j'ai découvert que je n'étais pas invincible. c'était en 1963, l'année où j'avais décidé de grimper à cet immense chêne dans le jardin de mémé, persuadé que j'étais encore un jeune acrobate. en haut, j'ai réalisé qu'il me faudrait bien redescendre, et ce fut la seule fois de ma vie où j'ai regretté de ne pas avoir écouté les conseils de ma vieille grand-mère : ""jean-louis, tu finiras par te casser le cou avec tes bêtises !"" ironie du sort, je suis redescendu plus vite que prévu, mais fort heureusement, mon postérieur a amorti ma chute... et je n'ai récolté qu'une leçon d'humilité à raconter aujourd'hui !"|"o mes petiz enfans, seiez vous et laissez moy vous raconter le jour où je descouvris que je n'estoie pas invincible. c'estoit en l'an de grâce mil neuf cens soixante-trois, l'année où j'avoie décidé de monter à ce grand chesne en l'jardin de ma mémé, persuadé que j'estoie encore un jeune acrobatier. là-haut, je réalisay qu'il me fauldrait bien dessendre, et ce fut la seule fois de ma vie où je regrettay de n'avoir point escouté les consaulx de ma vieille grand-mère : ""jean-louis, tu finiras par te briser le col avec tes folies !"" ironie du sort, je descendis plus vistement que prévu, mais par bonne fortune, mon séant amortit ma cheute... et n'en recueil qu'une leçon d'humilité à raconter aujourd'hui !"
salut, c'est léa la globe-trotteuse ! je viens de vivre une expérience incroyable en faisant du parapente au-dessus des alpes suisses ! la sensation de liberté en volant au-dessus des sommets enneigés est indescriptible, je me sens invincible ! je vous encourage tous à essayer un sport qui vous sort de votre zone de confort, c'est grisant et ça change la vie ! |salutations, c'est léa la globe-trotteuse ! je vien de vivre une expérience merveillouse en faisant du parapente par-dessus les monts helvétiques ! la sensation de franchise en vollant sur les sommaiges enneigés est indicible, je me sens invincible ! je vous enjoing tous à essayer un sport qui vous tire hors de vostre zone de confort, c'est esmeuvent et ce change la vie ! 
cher maxime, en ces longues nuits d'étude, où le café est mon seul compagnon fidèle, je repense souvent à nos escapades insouciantes au bord du lac. la fatigue pèse lourd sur mes épaules, mais le souvenir de nos rires réchauffe mon cœur et m'offre une douce échappatoire. parfois, sous le poids des livres de médecine, je rêve de retrouver cette légèreté perdue, où chaque instant était une promesse de bonheur simple. amitiés, lucas|cher maxime, en ces longues nuiz d'estude, où le café est mon seul loyal compaignon, je repense souvent à noz escapades insouciantes au bort du lac. la fatigue pèse lourd sur mes espaulles, mais le souveynir de noz ris rechauffe mon cœur et m'offre une doulce eschappatoire. parfois, soubz le poids des livres de medecine, je resve de retrouver ceste legereté perdue, où chascun instant estoit une promesse de simple bonnheur. amitiés, lucas
yo, c'est léa! sérieux, mes potes, c'est toute ma life. genre, on a cette habitude de toujours se retrouver au parc après les cours, histoire de décompresser et parler de tout et de rien. c'est notre petit rituel rebelle, loin des parents et des obligations. franchement, ces moments-là, c'est juste la liberté pure, et je kiffe grave!|oy, c'est léa! certes, mes compains, ce sont toute ma vie. par exemple, nous avons ceste coustume de tousjours nous assembler au jardin après les leçons, afin de nous délasser et deviser de toutes choses et de nulle. c'est nostre petit rituel de rébellion, esloigné des parens et des devoirs. vrayment, ces instans là, c'est seulement la pure liberté, et je les ayme moult fort!
chère éloïse, les paysages de la patagonie m’émerveillent chaque jour, mais je dois avouer que mes pensées vagabondent souvent vers mes études. cette quête de savoir continue de me passionner, et j’ai hâte de retrouver mes livres, où chaque page m’embarque dans une aventure aussi palpitante que celle que je vis ici. voyager en solitaire me rappelle combien l’apprentissage est un voyage en soi – un périple sans fin qui nourrit l’âme. amitiés, clara l’aventurière|chère éloïse, les paysages de la patagonie m’esmerveillent chascun jour, mais je doy advouer que mes pensées vaguent souvent vers mes estudes. ceste queste de savoir continue de me passionner, et j’ay hâte de retrouver mes livres, où chascune page m’emporte en une aventure aussi palpitante que celle que je vis icy. voyager en solitairement me recorde combien l’apprendre est un voyage en soy – une pérégrination sans fin qui norrist l’âme. amitiés, clara l’aventurière
bonjour, c'est maurice. tu sais, à mon âge, je découvre enfin ce fameux internet dont tout le monde parle. c'est incroyable de pouvoir voyager à travers le monde sans quitter mon fauteuil ! j'ai même pu revoir des photos de mon voyage en italie de 1965, comme si c'était hier. c'est merveilleux de pouvoir partager ces souvenirs avec mes petits-enfants, tout ça grâce à cette technologie.|salutation, c'est maurice. sçais-tu, à mon aage, je descouvvre enfin ceste fameuse internette dont chascun parle. c'est moult incroyable de pouvoir traverser le monde sens démouvoir de mon fauteuil ! j'ay mesmes peu revoir des ymages de mon voiage en italie de l'an 1965, comme si c'estoit hier. c'est merveilleux de pouvoir partager ces souvenances avec mes petiz-enffans, tout ce par le moyen de ceste technologie.
je suis maxime dubois, et chaque dimanche matin, c'était sacré : toute la famille se levait à l'aube pour une course à travers le parc du quartier. ces moments de complicité, mêlant rires et compétitivité, ont forgé en moi cette discipline inébranlable et l'amour du sport. c'était plus qu'un simple loisir, c'était notre rituel familial, un passage de témoin invisible entre les générations. ces souvenirs, empreints de sueur et de sourires, nourrissent chaque foulée que je fais aujourd'hui.|je suys maxime dubois, et chascun dimanche matin, c'estoit sacrée : toute la famille se levoit à l'aube pour une course à travers le parc du quartier. ces moments de compaignie, melez de ris et de compétitivité, ont forgé en moy ceste discipline inébranlable et l'amour du sport. c'estoit plus qu'un simple loysir, c'estoit nostre rituel familial, un passage de tèmoin invisible entre les générations. ces souvenances, empreintes de sueur et de sourires, nourrissent chascune foulée que je fais aujourd'uy.
salut camille, j'espère que tu vas bien. je voulais te parler de notre petite dispute de l'autre jour. je sais qu'on a des points de vue différents, surtout quand il s'agit de l'art et de nos inspirations respectives, mais ça me tient à cœur qu'on puisse en discuter calmement et essayer de se comprendre. tu sais à quel point notre amitié est précieuse pour moi, et je suis sûre qu'on peut surmonter ça ensemble. à très vite, emma|chère camille, j'espère que tu te portes bien. je vouloye te parler de nostre petite dispute de l'autre jour. je sçay que nous avons des poincts de veue divers, surtout quant il s'agit de l'art et de noz inspirations respectives, mais il me tient à cœur que nous deussions en deviser paisiblement et essayer de nous entendre. tu sçais combien nostre amitié m'est précieuse, et je suis asseurée que nous pourrons surmonter cela ensemble. à bien tost, emma
chère moi-même, aujourd'hui, la pluie fine n'a pas réussi à assombrir ma journée, bien au contraire. après un café chaleureux chez juliette avec mes meilleurs amis, j'ai réalisé à quel point ces moments simples sont précieux et inspirants. on a ri, on a rêvé ensemble, et même si le ciel était gris, dans mon cœur, il faisait un soleil radieux. #grateful #friendsforever avec amour, léa |chère moy-mesme, en ce jour, la pluye fine n’a poinct réussi à obscurcir ma journée, bien au contraire. après un café chaleureux chez juliette avec mes meilleurs amis, j’ay réalisé combien ces simples moments sont précieux et inspirans. nous avons ri, nous avons songe ensemble, et mesmes si le ciel estoit gris, en mon cœur, il faisoit un soleil radieux. #reconnaissant #amispourtoujours avec amour, léa 
"je m'appelle marcel, et je suis potier, un métier que j'ai hérité de mon père et que je compte bien transmettre à mon fils. je me souviens d'un jour d'automne, le soleil se couchait doucement sur notre petit village, baignant l'atelier d'une lumière dorée. mon père m'a tendu une vieille théière qu'il avait façonnée des années auparavant. il m'a dit : ""chaque pièce que tu crées, marcel, garde en elle un peu de ton âme."" ce jour-là, j'ai compris que mes mains façonnaient bien plus que de la terre, elles donnaient vie à mes souvenirs et à notre histoire."|"je me nomme marcel, et je suis potier, mestier que j'ay hérité de mon père et que je veuil bien transmettre à mon fils. je me souviens d'un jour d'automne, le soleil se couchant doucement sur nostre petit village, baignant l'atelier d'une lumière dorée. mon père me tendit une vieille théière qu'il avoit façonnée des ans auparavant. il me dist : ""chascune pièce que tu crées, marcel, garde en elle un peu de ton ame."" ce jour-là, je compris que mes mains façonnaient bien plus que de la terre, elles donnoient vie à mes souvenances et à nostre histoire."
je m'appelle marguerite lefèvre, et bien que je sois bibliothécaire, un monde feutré et empreint de silence, il fut un temps où j'arbitrais les matchs de tennis du tournoi local. un après-midi d'été, alors que le soleil dardait ses rayons sur la terre battue, je fus témoin d'une scène touchante : un jeune joueur, en proie au doute après une série de fautes, trouva le courage grâce aux encouragements discrets mais déterminés de son entraîneur. ce moment m'a rappelé que le sport, tout comme la lecture, est un espace où l'on découvre non seulement les autres, mais aussi soi-même. en quittant le court ce jour-là, j'ai compris que la résilience se nourrit souvent des murmures de ceux qui croient en nous.|"en vieux français du xve siècle, le texte pourrait être traduit ainsi : ""je me nomme marguerite lefèvre, et quoique je soye garde des livres, un monde feutré et empreint de silence, il fut temps où je jugeoye les jeux de la paume au tournoi du lieu. un après-dinée d’esté, lors que le soleil dardoit ses rayons sur la terre battue, je fus témoin d’une scène touchante : un jeune jouvencel, en proie au doute après maintes fautes, trouva courage grâce aux encouragements discrets mais fermes de son maître. ce moment me rappela que le jeu, à l’instar de la lecture, est espace où l’on découvre non pas seulement les autres, mais aussi soy-même. en quittant le jeu ce jour-là, je compris que la résilience se nourrit souvent des murmures de ceux qui croient en nous."""
titre : **le doux souvenir des tasses ébréchées** ah, la dispute sur la vaisselle... c'était un mardi soir banal, et pourtant, il m'est resté en mémoire comme une scène de cinéma. mon épouse et moi, tous deux à bout de nerfs après une longue journée de travail, nous nous sommes querellés sur cette éternelle habitude que j'avais de ne jamais rincer mes tasses de café. ces petits accrochages, aussi futiles qu'ils puissent paraître, me rappellent maintenant avec une certaine tendresse que la routine, dans sa douce imperfection, est le ciment de notre vie commune.|titre : **le doulz souvenir des tasses esbrechiées** ah, la debatre sur la vaisselle... c'estoit un mardy soir commun, et pourtant, il me demoura en mémoire comme une scène de théâtre. mon espouse et moy, tous deux à bout de nerfs après une longue journée de labeur, nous nous accorchions sur ceste éternelle coustume que j'avois de jamais rincer mes tasses de café. ces petits accrochages, aussi futilz qu'ilz puissent sembler, me rappellent ores avec une certaine tendresse que la routine, en sa doulce imperfection, est le ciment de nostre vie commune.
chère camille, j'espère que tu vas bien. je voulais te parler de mes études en art : c'est vraiment une aventure incroyable ! chaque jour, je découvre de nouvelles techniques et je m'émerveille devant la créativité sans limite qui nous entoure. j'ai hâte de te montrer mes dernières œuvres et d'échanger avec toi sur nos inspirations communes. bisous, léa|chère camille, espère que tu te portes bien. je vouloye te parler de mes études en art : c'est vraiment une aventure incroyable ! chascun jour, je découvre de nouvelles technicques et je m'émerveille devant la créativité sans limite qui nous entoure. j'ay hâte de te monstrer mes dernières œuvres et de échanger avec toy sur noz inspirations communes. bisous, léa
chers amis lecteurs, ici marguerite, votre bibliothécaire passionnée.  ce week-end, j'ai eu l'occasion de participer à une charmante fête célébrant la littérature et l'art local. entre les conversations animées sur nos romans préférés et les découvertes de talents cachés, j'ai été enchantée par la richesse de nos échanges. quel bonheur de voir la communauté se rassembler autour de ces passions communes ! |chiers amis lecteurs, cy marguerite, vostre bibliothéquaire passionée.  ce fin de sepmaine, ay eu l'occasion de participer à une belle feste celebrant la littératie et l'art du lieu. entre les parlemens enlevés sur noz romans préferés et les descouvertes de talens cachés, fus esmerveillée par la richesse de noz eschanges. quel joye de veoir la communauté s'assembler entour de ces passions communes ! 
"cher journal, oh là là, quelle journée incroyable ! moi, albert, tout juste retraité et explorateur des merveilles de l'internet, je viens de vivre ma première dispute virtuelle sur ce fameux ""forum de jardinage"". j’ai eu un échange vigoureux avec un certain maurice au sujet de la meilleure période pour planter des tomates ! qui aurait cru qu'un tel débat pourrait être aussi passionnant ?! je suis tout ébouriffé, mais aussi ravi de découvrir ces nouvelles contrées numériques !"|"chier journel, oh là là, quelle journée incroyable ! moy, albert, tout justement retraité et explorateur des merveilles de l'internecte, je vien de vivre ma première dispute virtuelle en ce fameux ""forum de jardinage"". ay eu un échange vigoureux avec ung certain maurice au suject de la meilleure saison pour planter des tomates ! qui eust creu qu'un tel débat pourroit estre aussi passionnant ?! je suys tout esbouriffé, mais aussi ravi de découvrir ces nouvelles contrées numériques !"
"titre : ""le logement et la météo : quand la pluie décide de s'installer chez vous"" salut tout le monde, ici véronique, maman débordée de trois adorables tornades. vous savez, j'ai réalisé récemment que mon appartement est tellement bien ventilé que même la météo a décidé d'y prendre ses quartiers : les averses passent par la fenêtre mal isolée, et le vent s'invite sous la porte ! à ce stade, je me demande si ça vaut vraiment la peine de payer le loyer ou si je devrais simplement vendre des billets pour ce spectacle météorologique permanent. au moins, je n'ai pas besoin de payer pour un sauna : mon salon fait office de hammam chaque été !"|"titre : ""l'ostement et la météorologie : quand la pluye s'avise de demeurer en vostre demeure"" salut à tous, me voici, véronique, mère fort occupée de trois mignons tornades. sçavez-vous, j'ay récemment avisé que mon logis est si bien ventilé que mesme la météorologie y ha prins ses logis : les averses passent par la fenestre mal estoppée, et le vent s'introduit soubz la porte ! à ce point, je me demande s'il vaut vraiment la paine de payer le loyer ou si je deusse simplement vendre des billets pour ce spectacle météorologique incessant. à tout le moins, je n'ay point de nécessité de payer pour un estuver : mon salon sert de bain de vapeur chascun esté !"
je suis clémence, et parfois, quand je plonge mes pinceaux dans des couleurs vibrantes, je me retrouve transportée dans ces après-midis en famille, où l'odeur des tartes aux pommes de ma grand-mère envahissait la maison. c'est étrange comme chaque coup de pinceau semble murmurer des souvenirs enfouis, des éclats de rire et des histoires chuchotées autour de la table. c'est dans ces moments suspendus que je comprends que ma passion pour l'art est un fil invisible, tissé par les liens familiaux, qui me ramène sans cesse à eux.|je suis clémence, et parfoiz, quant je plonge mes pinceaulx en couleurs vives, je me treuve transportée en ces après-midis en famille, où l’odeur des tartes aux pommes de ma grant-mère envahissoit la maison. il est estrange comment chascun coup de pinceau semble murmurer des souvenirs enfouis, des éclatz de rire et des histoires chuchotées autour de la table. c’est en ces moments suspenduz que je comprens que ma passion pour l’art est ung fil invisible, tissu par les liens familiaulx, qui me ramène sans cesse à eulx.
"objet : quand mamie se met au sport ! ‍ coucou ma chérie, tu ne le croiras jamais, mais ta mamie huguette a décidé de devenir une vraie athlète ! aujourd'hui, j'ai bravé les ""machines de torture"" à la salle de gym et j'ai même essayé ce fameux ""yoga"", où il s'agit apparemment de se contorsionner comme un spaghetti. après une séance, je suis prête pour les jeux olympiques... ou au moins pour une sieste bien méritée !  gros bisous sportifs, mamie huguette "|"objet : quant mamye se met au sport ! ‍ coucou ma très chière, tu ne le croirais ja, mais ta mamye huguette a délibéré de devenir une vraye athlète ! hui, j'ay bravé les ""machines de torture"" en la salle de gymnase et j'ay mesmes essayé le fameux ""yoga"", où il s'agit apparemment de se contorsionner comme ung espagheti. après une séance, je suis preste pour les jeux olympiques... ou au moins pour une sieste bien méritée !  grosses baisers sportives, mamye huguette "
objet : un retour de voyage... littéraire ! cher(e) [nom du destinataire], ah, les voyages ! ces aventures exotiques où l'on se perd entre les pages d'un roman autant qu'entre les rayons du duty free ! la semaine dernière, je me suis égarée à paris... enfin, plus précisément dans le rayon des livres d’occasion du quartier latin. je vous prie de croire que la tour eiffel n’a rien à envier à la majesté d’un rayon bien ordonné de classiques ! en espérant que vos propres voyages soient tout aussi littérairement enrichissants, que ce soit en explorant les ruelles de venise ou en déchiffrant les hiéroglyphes des manuels de cuisine. biblioquement vôtre, marguerite feuillette|objet : retour de viage... littéraire ! chier(e) [nom du destinataire], ah, les voiages ! ces aventures exotiques où l'on se pert entre les pages d'un roman autant qu'entre les rayons du duty free ! la sepmaine dernière, je me suy esgarée à paris... enfin, plus précisement en la librairie des livres d’occasion du quartier latin. je vous prie de croire que la tour eiffel n’a rien à envyer à la majesté d’un rayon bien ordonné de classiques ! en espérant que voz propres voiages soient tout aussi littérairement enrichissans, que ce soit en explorant les ruelles de venise ou en déchiffrant les hiéroglyphes des manuels de cuisine. biblioquement vostre, marguerite feuillette
cher paul, je me souviens encore de cette douce soirée d'été en 1973, lorsque nous avons dansé sous les étoiles au bal du village. c'est là que j'ai rencontré marguerite, avec son rire cristallin et ses yeux pétillants, et ce fut le début d'une vie pleine de tendresse. aujourd'hui, grâce à cet incroyable outil qu'est internet, je peux partager ces souvenirs précieux avec toi, comme si c'était hier. amitiés, henri|cher paul, je me ressouviens encor de ceste douce vesprée d'esté en l'an mil neuf cens soixante et treize, lorsque nous dansasmes soubz les estoiles au bal du village. ce fut là que je rencontray marguerite, auec son ris cristal et ses yeulx petillans, et ce fut le commencement d'une vie pleine de doulceur. hui, par la grace de cesty outil merueilleux qu'est l'internet, je puis partager ces souvenirs précieux auec toy, comme si c'estoit hier. amitiés, henri
salut sophie, je me souviens du jour où on a fait ce grand pique-nique au parc avec toute la famille. c'était génial, on avait préparé des sandwiches, des fruits et même un gâteau au chocolat que mamie avait fait. je crois que c'était le meilleur repas de ma vie, surtout parce qu'on avait passé la journée à jouer et rigoler tous ensemble. j'espère qu'on pourra refaire ça bientôt ! bisous, léo|certes, traduire en vieux français du xve siècle peut être complexe, mais je vais m'efforcer de te donner une version qui reflète le style de l'époque. --- salut à toi, sophie, je me ressouviens du jour où nous fîmes ce grand festin en l'herbe au parc avec toute la maisonnée. ce fut moult agréable, avions préparé des pastés, des fruictz et mesmement ung gasteau de chocolat que mamye avoit fait. je croy que ce fut le meilleur repaict de ma vie, principalment pour ce que nous avions passé le jour à jouer et rire ensemble. j'espere que pourrons faire ce de rechef bien tost ! baisiers, léo --- n'hésite pas à me demander si tu as besoin d'autres adaptations ou d'informations supplémentaires !
dans l'effervescence de ma cuisine où chaque assiette doit être une symphonie de saveurs, il m'arrive parfois de vivre des moments cocasses. hier encore, alors que je m'apprêtais à parfaire une sauce béarnaise avec la concentration d'un horloger suisse, mon fidèle commis, jean-baptiste, a confondu le sucre et le sel. imaginez ma tête en goûtant une béarnaise sucrée! ce jour-là, même la tarte tatin aurait levé les yeux au ciel! ah, la vie quotidienne d'un chef cuisinier perfectionniste...|en l'effervescence de ma cuisine où chascune assiette doit estre une symphonie de saveurs, il m'advient parfois de vivre des moments cocasses. hier encore, alors que je m'aprestoye à parfaire une saulce béarnaise avec la concentration d'un horloger souysse, mon feal commis, jehan-baptiste, confondist le sucre et le sel. imaginez ma contenance en tastant une béarnaise sucrée! ce jour-là, mesme la tarte tatin eût levé les yeux au ciel! ah, la vie quotidienne d'un chef cuisinier perfectionniste...
salut, c'est clara, l'aventurière insatiable! je me souviens de ce jour enivrant où, en plein cœur de la patagonie, j'ai posé mes pieds fatigués au sommet du fitz roy. le vent glacial fouettait mon visage, mais la vue panoramique des pics enneigés qui se dessinaient à l'horizon me coupait littéralement le souffle. à cet instant, j'ai compris que chaque voyage, chaque pas, chaque souffle de liberté valait plus que tout ce que l'on peut imaginer.|saluz, c'est clara, l'aventurière insaciable! je me ressouviens de ce jour enivrant où, en plain cuer de la patagonie, j'ay posé mes piés las au sommet du fitz roy. le vent glacial me fouettoit le visage, mais la veue panoramique des pics enneigés qui se dessignoient à l'orizon me coupoit littéralement le souffle. en ceti instant, j'ay entendu que chascun voiage, chascun pas, chascun souffle de liberté valoient plus que tout ce que l'on peut imaginer.
je m'appelle antoine lefèvre, et je me souviens encore de mes premiers jours dans cette petite chambre mansardée près du stade. chaque matin, l'odeur du gazon fraîchement coupé s'infiltrait par la fenêtre ouverte, me rappelant pourquoi je m'entraînais si dur. c'était modeste, certes, mais ce lieu est devenu mon sanctuaire, où j'ai forgé ma discipline et nourri mon rêve de devenir athlète professionnel. aujourd'hui, je repense à ces moments avec gratitude, car c'est là que ma passion a vraiment pris racine.|je me nomme antoine lefèvre, et je me ressouviens encore de mes premiers jours en ceste petite chambre mansardée près du stade. chascun matin, l'odeur du gazon nouvellement coupé s'infiltrait par la fenestre ouverte, me remembrant pourquoy je m'entrainoye si fort. c'estoit modeste, certes, mais ce lieu devint mon sanctuaire, où je forgéay ma discipline et nourry mon songe de devenir athlète de profession. auiourd'huy, je repense à ces moments avec gratitude, car c'est là que ma passion a vrayement pris racine.
je m'appelle antoine durand, et chaque matin, je me levais à l'aube pour un petit déjeuner riche en protéines, car je savais que mon corps en aurait besoin pour les entraînements. après avoir enfourché mon vélo, fidèle compagnon de route, je traversais la ville en respirant l'air frais tout en visualisant mes objectifs ; chaque coup de pédale était un pas de plus vers la victoire.|je me nomme antoine durand, et chascun matin, je me levois à l’aube pour prendre ung petit disner riche en viandes, car je savois que mon corps en auroit mestier pour les esbatemens. après avoir monté sur mon vélo, loial compagnon de chemin, je traversois la cité en respirant l’air fresche tout en imaginant mes fins ; chascun tour de pédale estoit ung pas de plus vers la victoire.
salut tout le monde, c'est clara !  aujourd'hui, je réfléchissais à quel point les voyages ont littéralement transformé ma vie. chaque escapade, que ce soit en avion, en train ou même en van, est une aventure en soi qui m'ouvre les yeux sur de nouvelles perspectives. c'est fou comme le simple fait de changer d'horizon peut nourrir notre âme et nous faire grandir.  dites-moi, quelle est votre prochaine destination de rêve ?  #wanderlust #voyagedanslecoeur|salutz à tous, c'est clara !  en ce jour, je me suis mise à penser combien les voyages ont littéralement transmué ma vie. chascune escapée, soit en oiseau de fer, en char de feu ou mesmes en chariot couvert, est une aventure par elle-mesmes qui m'ouvre les yeux sur de nouvelles perspectives. il est merveille comment le simple faict de changer d'horizon peut nourrir nostre âme et nous faire croistre.  dites-moy, quelle est vostre prochaine destination de songe ?  #desird'aventure #voyageenlecueur
je suis marcel, artisan boulanger d'un petit village que le temps semble avoir oublié. chaque matin, je pétris la pâte avec mes mains, sentant chaque grain de farine et chaque goutte d'eau, tandis que les machines modernes bourdonnent en ville, robant la chaleur humaine des repas. la technologie nous promet la rapidité, mais elle vole la magie de voir le levain prendre vie sous un torchon humide. le pain, lui, continue de raconter nos histoires à chaque tranche partagée autour de la table, résistant fièrement au passage des heures numériques.|je suis marcel, et suis boulengier d'un petit village que le temps semble avoir oublié. chascun matin, je pétris la paste auec mes mains, sentant chascun grain de farine et chascune goutte d'eaue, tandis que les machines modernes bruissent en ville, reschant la chaleur humaine des repaiz. la technologie nous promet la célérité, mais elle desrobe la magie de veoir le levain prendre vie soubz une touaille humide. le pain, iceluy, continue de raconter noz histoires à chascune tranche partagée entour la table, résistant fièrement au passage des heures numériques.
cher journal, aujourd'hui, j'ai eu l'immense privilège de rencontrer la personne de mes rêves... enfin, si je rêvais de quelqu'un qui m'ignore totalement et préfère scroller sur insta pendant qu'on parle. les émotions étaient au rendez-vous : entre l'ennui profond et la frustration, mon cœur n'a jamais autant palpité. bref, encore une rencontre magique dans la fabuleuse vie d'enzo, ce grand chanceux.|chier journal, hui, ay eu l'immense privilège de rencontrer la personne de mes songes... enfin, se je sonjoie de quelqu'un qui m'ignore tout à fait et préfère escroller sur insta pendant que nous parlons. les émotions estoient au rendez-vous : entre l'ennui profond et la frustration, mon cœur n'a oncques autant palpitée. bref, encore une rencontre magique en la fabuleuse vie d'enzo, ce grand fortuné.
"cher antoine, tu ne me croiras jamais, mais j'ai encore réussi à renverser mon café sur ma chemise ce matin. c'est devenu une tradition matinale, presque aussi régulière que le métro en grève ! après tout, qui a besoin de caféine quand on peut avoir une journée boostée par le stress et l'adrénaline des imprévus vestimentaires ? bref, si tu cherches un partenaire pour un défilé de mode ""caféiné"", je suis ton homme ! amicalement, julien"|"très cher antoine, tu n'en volgueras jà mais j'ay encore réussi à renverser mon café sur ma chemise ce matin. c'est devenu une tradicion matinale, presques aussi ordinaire que le métro en grève ! après tout, qui a mestier de caféine quant on peut avoir une journée esmeue par le destresce et l'adrenaline des aventures vestimentaires ? bref, se tu cherches un compaignon pour un défilé de mode ""caféiné"", je suis ton homme ! avec amitié, julien"
"cher jean, je voulais te parler de cette querelle que nous avons eue l'autre jour. depuis que mon petit-fils m'a montré comment utiliser cet ""internet"", j'ai réalisé qu'il y a tant d'informations et de perspectives différentes qui peuvent éclairer nos discussions. peut-être pourrions-nous nous y plonger ensemble un jour et voir ce que nous pouvons découvrir ? j'espère que cette nouvelle technologie pourra nous rapprocher. amitiés, henri"|"chier jean, je te vueil parler de ceste querelle que eûmes l'autre jour. depuis que mon petit-fiz m’a monstré comment user de ceste chose nommée ""internet"", j’ay réalisé qu’il y a tant d'informations et de diverses perspectives qui peuvent esclarer nos discussions. peut-être pourrions-nous ensemble y plonger un jour et veoir ce que nous pourrions découvrir ? espère que ceste nouvelle technologie nous puisse aprochier. amitiés, henri"
"ah, mes chers enfants, laissez-moi vous raconter une petite histoire qui me fait toujours sourire. l'autre jour, j'ai voulu essayer ce fameux jeu vidéo dont tout le monde parle, vous savez, le ""minecraft"". armée de ma tablette flambant neuve, je me suis aventurée dans ce monde cubique, bien décidée à construire un petit jardin virtuel. eh bien, devinez quoi ? au lieu de planter des fleurs, j'ai inondé tout mon terrain ! ah, il faut croire que la technologie et moi, c'est comme le chat et le chien, toujours en train de se chamailler. mais au moins, j'ai bien ri, et n'est-ce pas là l'essentiel ?"|"ah, mes trés chiers enfans, laissez-moy vous conter une petite histoire qui me fait tousjours rire. l'autre jour, j'ai voulu essayer ce fameux jeu vidéo dont tout le monde parle, vous sçavez, le ""minecraft"". armée de ma tablette flambant neufve, je me suis aventurée en ce monde cubique, bien déterminée à construire un petit jardin virtuel. eh bien, devinez quoy ? au lieu de planter des fleurs, j'ai inondé tout mon terrain ! ah, il faut croire que la technologie et moy, c'est comme le chat et le chien, tousjours en train de se chamailler. mais au moins, j'ai bien ri, et n'est ce pas là l'essentiel ?"
je me souviens d'une journée d'été, alors que le soleil caressait tendrement les champs alentour, où je travaillais le bois dans mon atelier, mains tachées et cœur léger. chaque coup de ciseau résonnait comme une douce mélodie, et je voyais naître sous mes doigts un meuble qui porterait les souvenirs d'une famille, et cette pensée emplissait mon âme d'une fierté incommensurable. dans ces moments, je n'étais pas simplement anselme, le menuisier du village, mais un passeur de mémoire, un gardien du temps. c'est là, dans le parfum des copeaux et la lumière dorée, que je trouvais mon bonheur simple et vrai.|je me souviengne d'une journee d'esté, lors que le soleil caressoit tendrement les champs entour, où je travailloye le boys en mon atelier, mains tachées et cueur léger. chascun coup de ciseau resonnoit comme une doulce melodie, et je veoye naistre soubz mes doitz un meuble qui porteroit les souvenirs d'une famille, et ceste pensée emplissoit mon ame d'une fierté incommensurable. en ces moments, je n’estoie pas simplement anselme, le menuisier du village, mais ung passeur de memoire, ung gardien du temps. c'est là, en l’odeur des copeaux et la lumiere dorée, que je trouvoye mon bonheur simple et vray.
salut mes petits choux !  c'est mamie jeanne, version 2.0, qui vous parle en direct de son jardin. aujourd'hui, le soleil joue à cache-cache avec les nuages, mais ça ne m'empêche pas de mettre mes lunettes de soleil flashy et d'aller jardiner un peu. n'oubliez pas de sortir vos petites plantes, elles aussi ont besoin de bronzer un peu ! #mamiecool #jardinagefun #soleiletnuages|salutz, mes petiz chous !  c'est mamye jeanne, version 2.0, qui vous parole en direct de son jardin. en ceste jour, le soleil jouet à cache-cache avec les nues, mais ce ne m'empesche mie de mettre mes lunettes de soleil flamboyantes et d'aller jardiner un peu. n'oubliez mie de mettre dehors voz petites plantes, elles ossi ont mestier de bronzer quelque peu !  #mamyefrais #jardinagejoyeux #soleiletnues
salut tout le monde, c'est léo !  aujourd'hui, c'était la fête d'anniversaire de ma petite sœur et c'était magique !  elle avait des étoiles plein les yeux quand elle a soufflé ses bougies, et j'ai même aidé papa à accrocher les guirlandes.  voir toute la famille réunie et rigoler ensemble, ça m'a vraiment fait chaud au cœur. |saluz à tous, c'est léo ! en ce jour, ce fu la feste d'anniversaire de ma petite sœur et ce fu moult magique ! elle avoit des estoiles plain les yeux quant elle souffla ses cierges, et j'ai mesmes aidé père à pendre les guirlandes. voir toute la famille assemblée et rire ensemble, ce me fu moult réconfortant au cœur.
chers gourmets, ici chef antoine duval. aujourd'hui, en regardant la pluie tomber doucement sur paris, j'ai été inspiré à concocter un velouté de potimarron rehaussé d'une pointe de muscade et de crème fraîche. la météo automnale nous enveloppe d'une fraîcheur qui appelle à des plats réconfortants, parfaits pour se blottir chez soi. n'oublions pas que la cuisine est un art qui se savoure à chaque saison.  #cuisinedesaison #pluiegourmande|chiers gourmaudz, cy est le maistre queux anthoine duval. en ceste jour, regardant la pluye cheoir doulcement sur paris, fus-je inspiré à concocter ung velouté de potimarron, rehaussé d'une poicte de noix muscade et de cresme fresche. la moete d’autonne nous enveloppe d’une frescheur qui appelle à des mets réconfortans, parfaitz pour se tapir en sa maison. n’oublions mie que la cuisine est ung art qui se savoure à chascune saison.  #cuisinedesaison #pluyegourmande
salut, c'est julien. je voulais juste te parler du transport. aujourd'hui, après une énième nuit blanche à la bibliothèque, j'ai réalisé à quel point le métro parisien peut être un vrai labyrinthe quand t'es à moitié endormi. sérieux, je crois que je pourrais rédiger une thèse rien que sur les correspondances ratées et les aventures en bus nocturne. bref, je file réviser, à plus !|saluz, cést julien. je vouloye seulement t'entreparler du transport. hui, après maintes nuictes blanches en la librairie, j'ay advisé combien le métro parisien peut estre ung vray labyrinthe quant tu es à moitié endormy. par ma foy, je croi que je pourroye rédiger une thèse rien que sur les correspondances manquées et les aventures en charette nocturne. bref, je m'en vais réviser, à tantost !
je m'appelle lucas moreau et je me souviens comme si c'était hier de ce jour où j'ai franchi la ligne d'arrivée de mon premier marathon. le vent dans mes cheveux, la foule en délire, et cette sensation indescriptible d'accomplissement m'ont confirmé que chaque matin glacial d'entraînement en valait la peine. ce moment-là a forgé ma détermination et m'a rappelé pourquoi je me lève chaque jour à 5 heures pour m'entraîner : rien n'est plus gratifiant que de repousser ses limites. depuis ce jour, je cours avec encore plus de passion et de discipline, porté par ce souvenir marquant.|je me nomme lucas moreau et me souviens comme se fu hier de ce jour où je passay la ligne d'arrivée de mon premier marathon. le vent en mes cheveux, la foule en délire, et ceste sensation indescriptible d'acomplissement me confirmèrent que chascun matin glacial d'entraînement en valoit la peine. ce moment-là forgea ma dextérité et me rappella pourquoy je me lieve chascun jour à cinq heures pour m'entraîner : rien n'est plus gratifiant que de repousser ses limitations. depuis ce jour, je cours avec encore plus de passion et de discipline, porté par ce souvenir marquant.
salut, c’est martine, maman multitâche et championne du marathon quotidien entre le boulot, les enfants et la maison ! l'autre jour, en pleine course contre la montre pour amener les enfants au foot, je me suis retrouvée avec deux ballons de foot dans le coffre et aucun des gamins… ils étaient tous les deux restés à la maison, persuadés que c’était dimanche ! comme quoi, même quand je rate le coche, je deviens la cristiano ronaldo de la gaffe parentale !|salut, c'est martine, mère à maintes besognes et championne du marathon quotidien entre le travail, les enfants et la maison ! l'autre jour, en pleine course contre la montre pour mener les enfants au jeu de pelote, je me trouvai avec deux pelotes dans le coffre et nul des enfans... ils estoient tous les deux demeurés à la maison, persuadés qu'il estoit dimanche ! comme quoi, mesme quand je rate le coche, je deviens la cristiano ronaldo de la bévue parentale !
ah, les souvenirs précieux de nos jeunes années! moi, jean-luc dupont, professeur de français passionné, je me remémore ces après-midis ensoleillés passés à feuilleter des romans de victor hugo sous le grand chêne du parc. ces moments de lecture me transportaient dans des mondes où l'imagination était reine et où chaque page tournée était une aventure en soi. oh, comme j'aimerais retrouver cette insouciance et cette joie simple, bercé par le doux chant des oiseaux et le bruissement des feuilles.|ah, les souvernirs précieux de noz jeunes ans ! moy, jehan-luc dupont, maistre de la langue françoise épris de passion, me ressouviens de ces après-midis ensoleillés passés à feuilleter romans de victor hugo soubz le grant chesne du parc. ces momens de lecture me transportoient en mondes où l'imaginacion estoit royne et où chascune page tournée estoit une aventure en soy. o, comme je vouldroye retrouver ceste insouciance et ceste joye simple, bercé par le doulx chant des oisiaux et le bruissement des fueilles.
salut tout le monde !  c'est léa ici ! aujourd'hui, j'ai eu une petite révélation en mixant mes passions : l'art et la cuisine.  rien de mieux que de capturer la beauté de mon lunch bowl maison avec mon fidèle smartphone avant de le dévorer. la technologie me permet de transformer chaque repas en une œuvre d'art éphémère que je peux partager avec vous tous. qui d'autre aime immortaliser ses créations culinaires ?  #artetcuisine #techlover #foodielife|saluz à tous ceulx du monde !  c'est léa icy ! en ce jour, ay eu une petite révélation en mêlant mes passions : l'art et la cuisine.  nul ne se peut mieulx que de saisir la beaulté de mon plat de lunch fait en maison avec mon loyal esmartphone avant que de le dévorer. la technologie me donne pouvoir de transmuer chascun repas en une œuvre d'art éphémère que je puis partager avec vous tous. qui aultre ayme immortaliser ses créations culinaires ?  #artetcuisine #techlover #viedegourmand
"yo, c'est malik. alors écoute, tous les matins, mon pote samy il a cette habitude chelou de parler à sa plante verte comme si c'était sa meuf. genre, il lui dit ""salut beauté, t'as bien dormi ?"", et moi je suis là, éclaté de rire, en mode ""frérot, t'espère vraiment qu'elle va te répondre un jour ?"". bref, samy, c'est le king des plantes... ou pas !"|"salut, c'est malik. or escoute, chascun matin, mon compain samy a ceste coustume estrange de deviser à sa plante verte comme si elle fust sa dame. en sorte que il luy dit ""saluz, belle, as-tu bien dormi ?"", et moy, je ris de bon cueur, en disant ""compain, espères-tu vraiment qu'elle te respondra un jour ?"". en somme, samy, il est le prince des plantes... ou non !"
ah, tu sais, mon petit, je m'appelle marcel, et j'ai 75 ans bien sonnés. quand je repense à mes jeunes années, je me souviens de ces après-midis passés à jouer à la pétanque avec mes copains au parc du village. un jour, alors que le soleil se couchait et que les cigales chantaient leur dernière sérénade de l'été, j'ai lancé le cochonnet avec une précision que même les anciens n'avaient jamais vue. ce moment-là, cette simple boule lancée avec amour et camaraderie, est gravé dans ma mémoire comme un trésor inestimable.|ah, tu sçais, mon petit, je me nomme marcel, et j'ay bien 75 ans. quant je reviens en pensée à mes jeunes ans, je me ressouviens de ces après-midis passés à jouer à la pétanque avec mes compaignons au parc du village. un jour, tandis que le soleil se couchoit et que les cigales chantoient leur dernière sérénade de l'esté, je lançay le cochonnet avec une telle précision que mesmes les anciens ne l'avoient oncques veüe. ce moment-là, cette simple boule jetée avec amitié et compaignie, est gravée en ma mémoire comme un trésor inestimable.
salut la tribu !  c'est léa l'exploratrice ici, partageant une pépite de souvenir de ma dernière escapade en solo. lors d'une nuit étoilée à rio, je me suis retrouvée par hasard à une fête de quartier où la samba résonnait dans chaque coin de rue. un vieil homme m’a appris quelques pas de danse, et dans cet instant fugace, j'ai senti toute la magie du monde. ces moments inattendus sont ceux qui rendent le voyage inoubliable.  #voyagesolo #aventure #souvenirsmagiques|salutation à la tribu !  c'est léa l'exploratrice, partageant une pierre précieuse de souvenance de ma dernière chevauchée en solitaire. lors d'une nuit étoilée à rio, je me trouvai par aventure à une fête de quartier où la samba résonnait en chascun coin de rue. un vieil homme m'enseigna quelques pas de danse, et en cet instant fugace, je sentis toute la magie du monde. ces moments inopinés sont ceulx qui rendent le voyage inoubliable.  #voyagesolitaire #aventure #souvenirsmagiques
salut l'équipe ! c'est maxime, votre passionné de course à pied toujours à fond ! je voulais partager avec vous ma dernière découverte tech : cette nouvelle montre connectée qui suit mes performances avec une précision incroyable. je suis vraiment impressionné par la façon dont elle analyse mes données en temps réel, me permettant d'ajuster mon entraînement instantanément pour toujours repousser mes limites. c'est comme avoir un coach personnel à mon poignet, et ça me motive à donner le meilleur de moi-même chaque jour ! à bientôt sur la piste, maxime|saluz à l'ost ! c'est maxime, vostre fervent coureur tousjours en ardeur ! je vouloye partager avec vous ma dernière trouvaille technologique : ceste nouvelle horloge liée qui suit mes preuesses avec une précision merveilleuse. je suis moult esbahi par la manière dont elle dépeint mes données en temps réel, me permettant d'ajuster mon dressage aussitôt pour tousjours repousser mes limites. c'est comme si j'avoie un maître d'escole personnel à mon poing, et cela me pousse à donner le meilleur de moy-mesme chascun jour ! à tantost sus la piste, maxime
ah, la technologie moderne et le transport, quel spectacle éblouissant ! moi, gustave le tonnelier, je suis absolument ravi de voir ces machines volantes qui clignotent dans le ciel, tandis que mon fidèle cheval, balthazar, se contente de brouter paisiblement. on me dit que bientôt, on n'aura plus besoin de nos sabots pour labourer les champs, mais je me demande bien comment ces robots métalliques vont apprécier la douce caresse de l'aube sur leur circuit imprimé. allez, je retourne à mes barriques, au cas où elles viendraient à se rouler toutes seules jusqu'à la ville – on n'est jamais trop prudent de nos jours !|ah, la technologie moderne et le transport, quel spectacle esblouissant ! moy, gustave le tonnelier, suis tout ravi de veoir ces machines volantes qui clignotent en le ciel, tandis que mon loyal cheval, balthazar, se contente de brouter paisiblement. on me dist que tantost, on n'aura plus mestier de nos sabots pour labourer les champs, mais je me demande bien comment ces robots metalliques vont apprecier la doulce caresse de l'aube sur leur circuit imprimé. allons, je retourne à mes barriques, au cas où elles viendraient à se rouler toutes seules jusques à la ville – on n'est jamais trop prudent de noz jours !
bonjour mon chéri, c'est mamie marguerite. j'espère que tu vas bien. je voulais juste te rappeler combien il est important de prendre le temps de savourer chaque repas. une bonne soupe maison ou un bout de tarte, ça réchauffe le cœur, tu sais. prends bien soin de toi et n'oublie pas que je pense fort à toi. gros bisous !|bien le bon jour, mon chier filz, c'est vostre aïeule marguerite. j'espere que vous estes en bonne santé. je desirois seulement vous remembrer combien il est important de prendre le temps de savourer chascun repas. une bonne souppe de maison ou bien un morceau de tarte, cela réchauffe le cuer, sçavez-vous. ayez soing de vous et n'oubliez mie que je pense fort à vous. grans baisiers !
ce matin, après avoir enfin réussi à faire avaler son petit déjeuner à lucas, notre impatient de trois ans, et retrouvé la chaussure manquante de chloé sous le canapé, je me suis rendu compte que j'avais oublié de sortir le linge de la machine depuis deux jours... l'odeur m'a rappelé que la vie de mère de famille débordée, c'est un peu comme jongler avec des assiettes : on en casse parfois, mais on continue de sourire en espérant que personne ne le remarque.|ce matin, aprés avoir enfin fait mengier son petit déjeuner à lucas, nostre impacient de trois ans, et trouvé la chaucure manquante de chloé dessoubz le canapé, je me suis apperceu que j'avoye oublié de tirer le linge de la machine depuis deux jours... l'odeur me rappela que la vie de mère de famille toute débordée, c'est comme jongler avec des plats : on en brise parfois, mais on continue de sourire en espérant que nul ne s'en apperçoive.
nom : pierre lenoir --- aujourd'hui, j'ai pris un moment pour réfléchir à quel point nous sous-estimons souvent nos émotions dans notre vie quotidienne effrénée. entre les réunions interminables et les échéances serrées, je me rends compte que les ignorer ne fait qu'amplifier le stress. prendre le temps de reconnaître ce que je ressens, c'est finalement me donner une chance de trouver un équilibre. et si on s'accordait tous un peu plus de bienveillance ? #réflexiondujour #émotions #équilibrevieprovieperso|nom : pierre lenoir --- ad ce jour, ay prins quelque moment pour penser combien nous sous-éstimons souvent noz passions en nostre vie quotidienne effrenée. entre les assemblées interminables et les termes pressans, me suis apperceu que les ignorer ne fait qu'accroistre le destresce. prendre le temps de recognoistre ce que je ressens, c’est finalement me donner l’oportunité de trouver un équilibre. et se pourparlerions-nous ung peu plus de bienveillance l’un envers l’autre ? #reflexiondujour #passions #equilibrevieproviepersonnelle
salut, je m'appelle léa et je vais vous raconter un truc trop chouette qui m'est arrivé. l'autre jour, maman m'a emmenée voir mamie jeanne, que je ne vois pas souvent parce qu'elle habite loin. quand on est arrivées, elle m'a montré une vieille boîte pleine de photos et dedans, j'ai découvert une photo de maman quand elle avait mon âge, avec le même sourire que moi. ça m'a fait tout chaud au cœur, comme si je découvrais un petit bout de moi dans le passé, et j'ai compris qu'on est toutes connectées, même avec des kilomètres entre nous.|saluz, je me nomme léa et je vous veulx raconter ung compte moult plaisant qui m'est advenu. l'autre jour, ma mère m'emmena veoir ma dame aïeule jeanne, que je ne vois guères souvent pour ce qu'elle demeure lointainement. quant nous feumes arrivées, elle me monstroit une vielle boiste toute pleine de paintures, et là-dedans, je descouvris une image de ma mère quant elle estoit de mon aage, avec le mesme soureir que moy. cela me fit tout chault au cœur, comme si je descouvroye une petite partie de moy en le passé, et j'entendis que nous sommes toutes liées, mesmes si des lieues nous séparent.
je m'appelle claire, et parfois, je me surprends à sourire en repensant aux samedis après-midi passés au café du coin avec mathilde et julien. on s'asseyait toujours à la même table près de la fenêtre, celle d'où on pouvait observer la rue en contrebas, et on partageait des croissants en riant de tout et de rien. ces moments simples avaient une saveur particulière, comme une douceur sucrée qui me réchauffait le cœur. ils me manquent parfois, ces instants suspendus où le monde semblait n'appartenir qu'à nous.|je me nomme claire, et parfoys, me surprens à sourire en remembrant les samedis après-midi passés au caffé du coing avec mathilde et julien. on s'asseyoit tousjours à la mesme table près de la fenestre, celle d'où l'on povoit véoir la rue en contrebas, et on partageoit des croissans en riant de tout et de rien. ces moments simples avoyent une saveur particulière, comme une doulceur sucrée qui m'échauffoit le cœur. ils me manquent parfois, ces instants suspendus où le monde sembloit n'appartenir qu'à nous.
ah, je me souviens encore de ce jour où, en plein chaos quotidien, j'ai découvert le premier dessin de clara sur le mur du salon. fatiguée mais amusée, j'ai pris une pause dans ma routine effrénée pour admirer son chef-d'œuvre coloré, un mélange de traits maladroits et de créativité débordante. à cet instant précis, entre deux lessives et un repas à préparer, j'ai réalisé que même au milieu du tourbillon incessant de notre vie de famille, il est essentiel de savourer ces petits moments de magie. ce jour-là, j'ai appris que le bonheur se cachait parfois dans la simplicité d'un dessin improvisé.|ah, je me souvins encore de ce jour où, en plain cahos quotidien, je découvris le premier dessein de clara sur la muraille de la sale. fatiguée mais ameuſée, je pris une pause en ma routine effrénée pour admirer son chef-d'œuvre coloré, un mélange de traits malhabiles et de créativité débordante. en cet instant précis, entre deux lessives et un repas à préparer, je réalisai que mesmes au milieu de l'ouragan incessant de nostre vie de famille, il est essential de savourer ces petiz moments de magie. ce jour-là, j'apprins que le bonnheur se cachait parfoiz en la simplicité d'un dessein improvisé.
salut les gars, c'est marc. vous vous souvenez de cet été où on a tous décidé de camper au bord du lac, sans aucune préparation? je repense souvent à cette nuit où la tente s'est effondrée sous la pluie et on a fini par chanter autour du feu, trempés mais heureux comme des gosses. c'est fou comme ces moments, bien que simples, restent gravés en moi et me rappellent à quel point l'amitié est précieuse. vous me manquez, les amis.|saluz, mes compains, c'est marc. vous souvenez-vous de cest été où nous avés tous ordonné de campeir au bort du lac, sans nul arreëstement? je reviens souvent à celle nuit où la tente s'effondra soubz la pluye et nous avons finy par chanter entour du feu, mouilliés mais joyeux comme enfans. c'est mervelleux comme ces moments, bien que simples, demourent empreints en moy et me recordent combien l'amistié est précieuse. vous me manqués, amis.
objet : mes aventures rocambolesques avec mes bff et mes hobbies farfelus  salut les chatons !  c'est votre influenceuse préférée, lola de la vie en rose ! je voulais juste vous raconter comment, hier, mes bff et moi avons décidé de faire du yoga... avec nos chiens ! 🧘‍ imaginez la scène : entre un downward dog et un éclat de rire, rocky a décidé de voler mon tapis pour en faire un terrain de jeu. résultat : séance avortée, mais crise de fou rire garantie, et on a terminé la journée par un marathon de films disney avec du popcorn aux truffes (parce qu'on ne se refuse rien !). bisous pailletés à vous tous, et n'oubliez pas de toujours ajouter une touche de magie à vos journées !  lola |subject : mes aventures rocambolesques avec mes bons amis et mes divertissements esbahiz salut, mes petiz chatons ! c'est vo vostre influenceuse chere, lola de la vie en rose ! je vouloie seulement vous conter coment, hier, mes bons amis et moi-mesmes avons pris decision de faire du yoga... avec nos chiens ! imaginez la scene : entre un chien en aval et un esclat de ris, rocky a pris en gré de ravir mon tapis pour en faire un champ de jeu. resultat : seance avortée, mais escume de ris asseurée, et nous terminames le jour par un courre de films de disney avec du pocor aux truffes (pource que rien ne nous est refusé !). baisers pailletez à vous touz, et n’oubliez mie de tousjours ajouster une touche de magie à voz jours ! lola
ah, mes chers petits, laissez-moi vous raconter cette soirée de fête que je n'oublierai jamais. c'était un doux soir d'été, lorsque notre jardin s'illuminait des lanternes de papi, et que l'air embaumait de l'odeur des fleurs du chèvrefeuille. toute la famille était réunie, et le rire des enfants résonnait comme une douce mélodie au milieu des conversations animées des grands. ce souvenir me réchauffe le cœur, car ces moments simples et partagés sont le véritable trésor de notre quotidien.|ah, mes chiers petiz, laissez-moi vous raconter ceste vesprée de feste que je n'oublieray jamès. c'estoit ung doux soir d'esté, quant nostre jardin s'allumoit des lanternes de mon bon père, et que l'air estoit embaumé de l'odeur des flors du chevrefeuille. toute la famille estoit réunie, et le ris des enfans résonnoit comme une doulce melodie au milieu des parolles animées des grans. ce souvenir me rechoffle le cœur, car ces momens simples et partagés sont le vray trésor de nostre quotidien.
yo, c'est mehdi. quand je repense aux dîners chez mamie, c'est comme si je remontais le temps avec une machine à remonter le goût. ses couscous du dimanche, c'était pas juste un repas, c'était tout un voyage. c'est là que j'ai pigé que ma vraie passion, c'était la bouffe : chaque bouchée me racontait une histoire, un truc que je retrouverai jamais ailleurs.|oy, c'est mehdi. quand je me ressouviens des repastz chez ma bonne dame, c'est comme si je retournais le temps avec une machine à recouvrer les saveurs. ses couscous du dimanche, ce n'estoit pas seulement un repas, mais tout un voyage. c'est là que je compris que ma vraye passion estoit la cuisine : chascun bouchée me contoit une histoire, une chose que je ne retrouverois jamais ailleurs.
cher papa, aujourd'hui à l'école, on a parlé des métiers, et je me demandais pourquoi tu choisis de travailler si dur tous les jours. je me dis que ça doit être parce que tu aimes vraiment ce que tu fais ou peut-être parce que tu veux nous rendre heureux. j'espère que quand je serai grand, je trouverai un travail que j'aime autant que toi le tien. avec plein d'amour, lucas|chier pere, hui en l'escole, nous avons devisé des mestiers, et je me merveilloie pourquoy tu choisis de laborer si fort chascun jour. je me diz que ce doit estre pour ce que tu aimes moult ce que tu fais, ou peut-estre pour ce que tu veulx nous rendre lies. j'espere que quant je serai grand, je trouverai un ouvrayge que j'aimerai autant que tu aimes le tien. avec mainte amour, lucas
cher journal, quelle journée rocambolesque ! ce matin, une dispute éclatait au bureau avec clément à propos de ce fichu projet qui traîne depuis des semaines. j'étais à deux doigts de perdre mon calme, mais ensuite, le destin m'a offert une bouffée d'air frais: une rencontre inattendue au café d'en bas. une femme fascinante, passionnée de littérature, avec qui la conversation a filé aussi vite qu'un tgv. étrangement, cette rencontre a effacé tout le stress accumulé. voilà une journée qui, malgré son chaos, finit en beauté !|chier journault, quelle journée rocambolesque ! ce matin, une disputation s'esmut en l'office avec clément pour ce maudit projet qui se traîne despuis moult semaines. j'estoie à deux doigts de perdre mon calme, mais lors, le destin m'a octroyé une bouffée d'air fres: une rencontre inopinee en la taverne là-bas dessoubs. une dame fascinante, éprise de lettres, avec qui la parlance s'en alla si viste comme un tgv. estrangement, ceste rencontre effaça tout le stresse amassé. voilà une journée qui, mesmement par son chaos, fine en beauté !
"ah, mes chers élèves, laissez-moi vous raconter cette journée mémorable où j'ai tenté de corriger des copies tout en préparant un bœuf bourguignon. imaginez-moi, monsieur lefèvre, stylo rouge à la main droite et cuillère en bois à la main gauche, jonglant entre l'orthographe capricieuse de vos dissertations et l'arôme enivrant du vin mijotant. et, comme par magie, le moment où j'ai confondu la feuille de laurier avec une page de vos essais, j'ai failli servir un plat ""à la proust"" avec une subtile note littéraire! heureusement, tout le monde a survécu à cette expérience gastronomico-académique, mais ce jour-là, j'ai appris à ne jamais sous-estimer le pouvoir d'une bonne organisation... et d'un bon verre de vin!"|ah, mes chiers escholiers, laissez-moy vous raconter ceste journée mémorable où j'ay tenté de corriger des copies tout en preparant ung buef bourguignon. imaginez-moy, maistre lefèvre, plumat rouge à la main dextre et cuillier de bois à la main senestre, jonglant entre l'orthographie capricieuse de voz dissertations et l'aroma enivrant du vin mijotant. et, comme par enchantement, le moment où je confondis la fueille de laurier avec une page de voz essais, je faillis servir ung plat « à la proust » avec une subtile note littéraire ! heureusement, tout le monde a survescu à ceste expérience gastronomico-académique, mais ce jour-là, j'appris à ne jamais sous-estimer le pouvoir d'une bonne ordonnance... et d'un bon verre de vin !
ah, la douce époque où je m'évadais chaque matin en lisant mon journal papier au café du coin, un havre de paix avant la ruée vers le bureau. je me souviens avec nostalgie de l'odeur de l'encre fraîche, un parfum presque oublié aujourd'hui, remplacé par les notifications incessantes de mon smartphone. dans ce paris trépidant, l'instant volé derrière une tasse de café noir avait une saveur particulière, presque un luxe que la technologie nous a subtilement dérobé. ah, si seulement je pouvais retrouver cette simplicité perdue...|ah, la doulce saison où je m'échappoye chascun matin en lisant mon journal de papier au cabaret du coing, ung lieu de paix avant la presse vers le bureau. je me ressouviens avec nostalgie de l'odeur de l'encre fresche, ung parfum presque oublié hui, remplacé par les avis incessants de mon engin à nouvelles. en ce paris trépidant, l'instant dérobé derrière une tasse de café noir avoit une saveur particulière, presque ung luxe que la technologie nous a subtilement ravi. ah, si seulement je povoie retrouver ceste simplicité perdue...
"cher journal, ici henri ""la machine"" dupont, prêt à te faire sourire ! aujourd'hui, j'ai failli avaler mon poulet grillé avec autant de détermination que je mets à soulever de la fonte, sauf qu'à la dernière seconde, j'ai découvert un brocoli rebelle caché sous ma pile de riz. je me suis senti trahi par mes légumes, mais je n'abandonnerai pas : demain, je les affronterai à nouveau avec la même rigueur... et peut-être une sauce un peu plus savoureuse ! sportivement vôtre, henri"|"chier journal, icy henry ""la machyne"" dupont, prest à te faire soubzrire ! hui, ay failli avaler mon poulet grillé avec tant de déterminacion que je metz à lever de la fonte, fors qu'à la dernière seconde, ay descouvert ung brocoly rebelle caché soubz ma pile de riz. me suys senti trahy par mes légumes, mais n'abandonneray mie : demain, les affronteray à nouveau avec mesme rigueur... et peut estre une saulce un peu plus savoureuse ! sportivement vostre, henry"
yo, c’est mehdi. juste un p'tit vocal pour te dire que ce soir, j'ai testé une nouvelle recette de lasagnes trop lourde, un truc de fou ! sinon, j’suis toujours à fond dans le foot, j'essaie de m'améliorer pour le prochain match, ça va être chaud. bref, on se capte bientôt, tcho !|salut, c'est mehdi. juste un petit message pour te dire que cé soir, j'ai essayé une nouvelle recette de lasagnes fort pesante, une chose de merveilles ! autrement, je suis toujours en plein dans le jeu de balle au pied, je m'efforce de m'amender pour la prochaine partie, ce sera fort ardie. bref, nous nous rencontrons tantôt, adieu !
salut à tous ! ici marc, le papa organisé et fier de l'être !  aujourd'hui, je voulais partager ma joie de voir mes loulous si motivés par leurs études. chaque soir, on transforme notre salon en véritable qg d'apprentissage, et c'est incroyable de les voir grandir et s'épanouir ! #fiersdemespetitsgénies #éducationpassion|salutz à tous ! icy marc, le père organisé et fier de l’estre !  en ce jour, je vouloye partager ma liesse de veoir mes petiz si esmeuz par leurs estudes. chascun soir, nous transformons nostre salle en véritable quartier général d'apprentissage, et c'est merveille de les veoir croistre et s’espanouir ! #fiersdemespetizgenies #passiondesestudes
cher(e) ami(e), j'espère que ce message te trouve en pleine forme. je découvre avec émerveillement ce monde virtuel qu'est internet, et je dois dire que c'est une aventure ! entre deux plats mijotés – tu sais combien j'aime cuisiner depuis que j'ai tout ce temps libre – je m'amuse à naviguer sur la toile. quant au travail, je ne te cache pas que ça ne me manque pas trop, surtout quand je vois tout ce que l'on peut explorer et apprendre à travers cet écran ! amitiés, henri|cher(e) amy(e), j'espere que ceste lettre te treuve en bonne sante. je descouvre auec grant esmerueyl ce monde virtuel qui est l'internet, et je doy dire que c'est une auenture ! entre deux plats mysotés – tu sçais combien j'ayme cuisiner despuis que j'ay tant de temps de loisir – je m'esbahi a naviguer sur la toile. quant au labour, je ne te cache mie que cela ne me fault point trop, surtout quant je vois tout ce que l'on peut esplorer et aprendre par ce biais d'escu. amitiés, henri
moi, baptiste le potier, je vous raconte que ce matin, la nature s'est mise en fête ! le soleil s'est levé avec une ardeur telle qu'on aurait dit qu'il voulait cuire mes poteries à lui tout seul. les oiseaux chantaient si fort que j'ai failli croire qu'ils essayaient de rivaliser avec le tonnerre de l'orage d'hier. ah, quelle joie de travailler la terre par un temps pareil, où chaque rayon de soleil semble bénir mes créations d'un éclat unique !|moy, baptiste le potier, vous racompte que ce matin, la nature s'est mise en fête ! le soleil s'est levé avec une ardeur telle qu'on eût dit qu'il vouloit cuire mes poteries à luy tout seul. les oiseaulx chantoient si fort que je failli croire qu'ilz vouloient rivaliser avec le tonnerre de l'orage d'hier. ah, quelle joie de travailler la terre par un tel temps, où chascun rayon de soleil semble bénir mes créances d'un esclat unique !
ma chère camille, tu sais, ma douce, les amis sont comme les étoiles dans le ciel de notre vie : parfois, on ne les voit pas, mais ils sont toujours là pour nous illuminer dans les moments sombres. souviens-toi toujours que ceux qui t'aiment vraiment seront à tes côtés, peu importe la distance ou le temps qui passe. prends soin de ces précieuses amitiés, elles sont les trésors du cœur. avec tout mon amour, mamie jeanne|ma chiere camille, tu sçais, ma doulce, les amis sont comme les estoilles en le ciel de nostre vie : parfoys, on ne les voit pas, mais ils sont tousjours là pour nous enluminer en les moments obscurs. souvien-toy tousjours que ceulx qui t'ayment vrayement seront à tes costez, quelque soit la distance ou le temps qui passe. prens soing de ces précieuses amitiés, elles sont les trésors du cueur. avec tout mon amour, mamye jeanne
salut, c'est camille. aujourd'hui, en cours d'économie, j'ai observé quelque chose qui m'a touchée. on dit souvent que le travail, c'est juste un moyen de gagner sa vie, mais en regardant autour de moi, j'ai vu des sourires, des regards concentrés, et même des soupirs de fatigue qui racontaient une histoire bien plus profonde. peut-être que le travail, c'est aussi un morceau de nous qu'on partage avec le monde, et ça, je trouve ça beau.|salut, c'est camille. en ce jour, en leçon d'économie, j'ay contemplé quelque chose qui m'a touchée. on dit souvent que le labeur n'est qu'un moien de gaigner sa vie, mais en regardant autour de moi, j'ay veu des sourires, des regards attentifs, et mesmes des soupirs de lassitude qui racontent une histoire moult plus profonde. peut-estre que le labeur est aussi une partie de nous que nous partageons avec le monde, et cela, je trouve beau.
chère camille, je me remémore souvent ce moment où, perchée sur un sommet des andes, j'ai senti le souffle du monde autour de moi — une expérience à couper le souffle qui m'accompagne encore dans les rues animées de chaque nouvelle ville que je découvre en solitaire. entre les marchés colorés et les conversations avec des inconnus devenus amis d'un jour, la vie quotidienne est une aventure en elle-même, un rappel constant que chaque instant peut être aussi marquant que ce panorama inoubliable. avec toute mon amitié, sophie|chère camille, je me remémbre souvent ce moment où, perchée sus un sommet des andez, j'ay senti le souffle du monde entour de moy — une expérience à coupper le souffle qui m'accompaigne encore és ruës animées de chascune nouvelle cité que je descouvre en solitude. entre les marchés colorés et les parlers avec des inconnus devenus amis d’ung jour, la vie quotidienne est une adventure en elle-mesme, ung rappel constant que chascun moment peut estre aussi marquant que ce panorama inoubliable. avec toute mon amitié, sophie
salut mes beautés ! aujourd'hui, j'ai troqué ma voiture contre un petit tour en vélo électrique dans la ville et honnêtement, c'était une révélation ‍! non seulement c'est super écolo, mais en plus, j'ai redécouvert ma ville sous un autre angle, le vent dans les cheveux et le sourire aux lèvres . qui d'autre est prêt à adopter cette vibe green et fun pour leurs trajets quotidiens ? dites-moi tout en commentaires !  #lifeonthego #vélovibes #ecochic|salut, mes beaultés! en ce jour, j'ay laissé mon chariot pour chevaucher une bicyclette electrique parmy la cité, et en verité, ce fust une revelacion! non pas seulement est-ce moult ecologique, mais aussi ay-je redécouvert ma cité d'une autre manière, le vent soufflant en mes cheveulx et le sourire en ma bouche. qui de vous, est prêt à accepter cette manière verte et plaisante pour leur chemin journalier? comptes-moy tout en commentaires! #vieenmouvement #vibesdevélo #ecochic
je m'appelle paul, et hier soir, en rangeant le grenier, je suis tombé sur une boîte poussiéreuse de lettres échangées avec mon vieil ami marc. chaque mot racontait nos aventures insouciantes, nos éclats de rire et les rêves que nous avions, blottis sous les étoiles d'été. un doux mélange de mélancolie et de gratitude m'a envahi, me rappelant que même si les années passent, les véritables amitiés laissent des empreintes indélébiles sur le cœur. ce matin, j'ai pris le temps d'écrire à marc, afin de raviver cette complicité qui, je l'espère, perdurera toujours.|je me nomme paul, et hier au soir, en ordonnant le grenier, je fus atteint d'une boiste poudreuse de lettres eschangées avec mon vieil amy marc. chascun mot racionoit noz aventures sans soing, noz esbattements et les songes que nous avions, couchés soubz les estoiles d'esté. un douls meslange de mélancholie et de gratitude me saisit, me remembrant que, mesmes si les ans passent, les vrayes amitiés laissent des empreintes ineffaçables sur le cœur. ce matin, j'ai prins le temps d'escripre à marc, afin de raviver ceste compaignie qui, j'espère, durera tousjours.
objet : à la merci des éléments et des rencontres fortuites salut maxime, aujourd'hui, j'ai bravé les caprices du ciel, avec une pluie battante qui semblait vouloir tester ma détermination à explorer chaque recoin de cette ville fascinante. contre toute attente, c'est en me réfugiant dans un petit café à l'abri du tumulte que j'ai rencontré élisa, une aventurière dans l'âme comme moi, avec qui j'ai partagé des histoires et des rêves autour d'une tasse de thé fumant. parfois, ce sont les imprévus météorologiques qui mènent aux plus belles rencontres. à très bientôt, clara|subject : à la mercy des elemens et des rencontres fortuites salut maxime, hui, j'ay bravé les caprices du ciel, avec une pluie battante qui sembloit vouloir esprouver ma détermination à explorer chascun recoin de ceste ville fascinante. contre toute attente, c'est en me réfugiant en ung petit café à l'abry du tumulte que j'ay rencontré élisa, une aventurière en l'âme comme moy, avec laquelle j'ay partagé des histoires et des rêves autour d'une tasse de thé fumant. parfois, ce sont les imprévus météorologiques qui mènent aux plus belles rencontres. à très bientôt, clara
salut, c'est maxime leclerc, marathonien passionné et accro aux gadgets high-tech ! l'autre jour, j'ai décidé de tester ma nouvelle montre connectée ultra sophistiquée en pleine course. imaginez ma surprise quand elle a commencé à me parler en plein sprint, m'annonçant que j'avais brûlé l'équivalent de trois croissants au beurre. j'ai tellement ri que j'ai failli trébucher, mais bon, au moins, j'avais une excuse pour m'arrêter et reprendre mon souffle !|salutations, c'est maxime leclerc, coureur de marathon passionné et fort enclin aux engins de haute technologie ! l'autre jour, je pris la décision d'éprouver ma nouvelle montre connectée d'une sophistication extrême en pleine course. imaginez ma surprise quand elle commença à me parler en plein effort, m'annonçant que j'avois brûlé l'équivalent de trois croissants au beurre. je ris tellement que je faillis choir, mais bon, au moins, j'avois une excuse pour m'arrêter et reprendre mon souffle !
bonjour chers élèves, ici monsieur leblanc. aujourd'hui, je voudrais partager avec vous ma passion pour les repas, véritable art de vivre à la française. imaginez un dîner où chaque plat raconte une histoire, où les saveurs se mêlent pour créer une symphonie culinaire. prenons le temps de savourer chaque bouchée comme une poésie, car c'est dans ces moments de partage et de découverte que réside la véritable essence de la culture française.|bons jours, mes chiers escoliers, cy maistre leblanc. en ceste jour, je vueil partager avec vous ma passion pour les repas, art de vivre à la française par excellence. envisagez ung disner où chascun plat raconte une hystoire, où les saveurs se meslent pour créer une symphonie culinaire. prenons le temps de savourer chascune morsure comme une poësie, car c'est en ces moments de partage et de descouverte que gist la vraye essence de la culture française.
yo, c’est chloé. alors, j'voulais juste prendre une p'tite pause de mes voyages incroyablement ennuyeux de mon lit au frigo (oui, tout un périple) pour te dire à quel point c’est genial de devoir encore ranger ma chambre. sérieux, c’est pas comme si j’avais autre chose de mieux à faire, comme, je sais pas, découvrir le monde ou juste, tu sais, vivre ma vie. bref, si un jour tu veux des tips sur comment explorer les 2 mètres carrés de ta chambre, je suis là, hein.|oyez, je suis chloé. adoncques, je vouloye seulement prendre une petite pause de mes voyages moult ennuyeux de mon lict au frigo (oui, tout un périple) pour te dire combien il est merveilleux de devoir encore ranger ma chambre. par ma foy, c’est pas comme si j’avoie quelque chose de meilleur à faire, comme, je sçay pas, descouvrir le monde ou seulement, tu sçais, vivre ma vie. bref, si un jour tu veulx de l’enseignements sur comment explorer les deux aulnes carrés de ta chambre, je suis là, hé.
chère emma, je voulais te raconter mon dernier voyage en italie, où j'ai découvert des petites ruelles pleines de charme et goûté des gelatos à tomber par terre ! j'ai aussi rencontré un groupe d'amis qui partagent ma passion pour la photographie, et nous avons passé des soirées inoubliables à capturer la beauté du coucher de soleil. j'espère que nous pourrons bientôt voyager ensemble et créer nos propres souvenirs inoubliables. avec tout mon amour, mamie jeanne |chère emma, je vouloye te raconter mon dernier voyage en italie, où j'ai descouvert des petites ruelles pleines de charme et goûté des gelatos à cheoir par terre ! j'ay aussi rencontré une compagnie d'amis qui partagent ma passion pour la photographie, et nous avons passé des soirées inoubliables à capturer la beauté du coucher de soleil. j'espère que nous pourrons tantôt voyager ensemble et créer nos propres souvenirs inoubliables. avec tout mon amour, mamye jeanne 
salut à tous, ici clara, étudiante en art et passionnée par tout ce qui touche à la création! aujourd'hui, je voulais partager à quel point j'aime passer du temps avec ma famille à travers des loisirs communs. que ce soit en bricolant des projets diy avec ma petite sœur ou en faisant des randonnées avec mes parents, ces moments nourrissent mon inspiration et renforcent nos liens. c'est incroyable de voir comment les activités simples peuvent apporter tant de joie et de créativité dans nos vies.|saluz à tous, cy est clara, estudiant en art et passionnée par tout ce qui touche à la créacion ! en ce jour, je desirois partager combien j'ayme passer du temps avec ma famille par moyens de délits communs. que ce soit en façonnant des ouvrages de manière diy avec ma petite sœur ou en faisant des randonnées avec mes parens, ces moments nourrissent mon inspiration et renforcent nos liens. c'est merveille de veoir comment les simples activités peuvent apporter tant de joye et de créacion en noz vies.
salut, je m'appelle léa et j'ai 12 ans. j'adore la technologie parce qu'elle me permet de découvrir des trucs incroyables sans quitter ma chambre. parfois, je me demande comment ça marche tout ça, comme internet où on peut tout apprendre et les jeux vidéo qui nous emmènent dans des mondes fantastiques. mais je me demande aussi si on ne passe pas trop de temps devant les écrans et si on oublie pas un peu de regarder le vrai monde autour de nous.|salut, je me nomme léa et ay douze ans. moult j'ay en amours la technologie, car elle me donne puissance de descouvrir merveilles sans partir de ma retraite. parfois, je me questione comment tout ce fonctionne, tel l'internet où l'on peut tout apprendre, et les jeux de vis qui nous menent en royaumes fantastiques. mais aussi je me questione se point ne passons trop de temps devant les escrans, et si quelquefois n'oublions mie à regarder le monde véritable qui nous entoure.
salut, c'est camille, ta drama queen préférée ! alors, figure-toi que j'ai eu une *magnifique* dispute avec léo à propos de la meilleure couleur pour représenter la mélancolie dans l'art — oui, je sais, un sujet absolument crucial, n'est-ce pas ? on a débattu comme si on allait résoudre la crise climatique, et finalement, on a conclu que le bleu céruléen était bien trop mainstream. ah, l'art et ses dilemmes existentiels ! léo est reparti en claquant la porte, persuadé que le gris souris a plus de profondeur... quelle aventure !|salutation, c'est camille, ta royne de drames favorite ! or sus, figure-toi que j'eus une *merveilleuse* querelle avec léo touchant la meilleure couleur pour représenter la mélancolie en l'art — ouy, je sçay, un propos moult crucial, n'est-ce pas ? nous disputasmes comme se devions résoudre la crise du climat, et en fin compte, conclumes que le bleu céruléen estoit trop commun. ah, l'art et ses dilemmas existentiaux ! léo s'en alla en claquant la porte, persuadé que le gris souris a plus de profondeur... quelle aventure !
chère marie, je me souviens encore de notre rencontre lors de ce séminaire littéraire à lyon, où nos discussions enflammées sur molière ont révélé une passion commune pour les subtilités de la langue française. jamais je n'aurais cru pouvoir partager avec autant d'intensité cette flamme qui éclaire chaque page de mes livres, mais ta présence a ravivé en moi l'ardeur du jeune professeur que j'étais autrefois. avec toute mon admiration, jean dupont|chère marie, je me souviens encores de nostre rencontre lors de ce séminaire littéraire à lyon, où noz discussions enflammées sur molière ont révélé une passion commune pour les subtilités de la langue françoise. jamais n'eusse-je creu pouvoir partager avec tant d'intensité ceste flamme qui esclaire chascune page de mes livres, mais ta présence a ravivé en moy l'ardeur du jeune professeur que j'estoie jadis. avec toute mon admiration, jehan dupont
je suis jacques lemaître, et pour moi, le perfectionnisme ne s’arrête pas aux portes de ma cuisine. un dimanche après-midi, j’ai décidé de m’essayer à la poterie, pensant que façonner l’argile serait semblable à pétrir une pâte feuilletée. mais au lieu de créer un chef-d'œuvre, j'ai produit un bol si bancal qu'il aurait honteusement déshonoré mon plan de travail. pourtant, sentir l'argile froide entre mes doigts m’a rappelé pourquoi j’aime tant créer : dans l'imperfection, il y a toujours de la beauté.|je suis jacques lemaître, et pour moy, le perfectionnement ne s'arreste mie aux portes de ma cuisine. un dimanche après-midy, j'ay décidé de m'essayer à la poterie, cuidant que façonner l'argile fût pareil à pétrir une pâte feuilletée. mais au lieu de créer ung chef-d'œuvre, j'ay produit ung bol si bancal qu'il eût honteusement deshonnoré mon plan de travail. néansmoins, sentir l'argile froide entre mes doigts me remembra pourquoy j'ayme tant créer : en l'imperfection, il y a tousjours de la beauté.
assise au bord d'une falaise en écosse, où le vent joue une mélodie que seul un cœur libre peut entendre, je me remémore mes années d'études, un temps où les livres étaient mes passeports vers l'inconnu. je suis lily, l'éternelle exploratrice, et chaque cours de littérature, chaque débat passionné était une aventure en soi, une préparation silencieuse à mes voyages solitaires. ces jours-là, j'ai appris à lire entre les lignes de la vie, à chercher les histoires cachées et à embrasser l'incertitude avec la même ardeur que je ressens maintenant en explorant les sentiers du monde. ah, comme j'aimerais parfois retrouver cette insouciance studieuse, ce refuge où l'esprit s'égarait tout en se forgant.|assise au bort d'une rochaille en escosse, où le vent jouë une melodie que seul un cœur franc peut entendre, je me remembre mes années d'estude, un temps où les livres estoient mes passeports vers l'innocent. je suis lily, l'esternelle esprouvière, et chascun cours de lettre, chascun debast eschauffé estoit une aventure en soy, une preparacion muette à mes voyages solitaires. ces jours-là, j'apris à lire entre les lignes de la vie, à querre les histoires cachées et à embrasser l'incertitude avec la mesme ardeur que je ressens à present en esprouvant les sentiers du monde. ah, comme je desireroye par fois retrouver celle innocence studieuse, ce refuge où l'esprit s'égaroit tout en se forgiant.
bonjour, je m'appelle henri, et je découvre doucement les mystères de cet internet. ah, les repas, ces moments si précieux qui jalonnent nos vies, où l'odeur d'un plat mijoté nous ramène à des souvenirs d'enfance, autour de la grande table familiale. maintenant que la maison est plus calme, chaque repas est une invitation à la contemplation, une pause dans le flot du temps, où chaque bouchée devient un doux rappel des années passées. à travers cet écran, je partage avec vous cette pensée : que chaque repas soit une fête du cœur, un moment de gratitude pour les histoires tissées et les liens créés.|bien le bon jour, je me nomme henri, et je descouvre aise les mistères de cestuy internet. ah, les repas, ces momens tant précieux qui semontent noz vies, où l'odeur d'un plat mis gouttement nous ramène à des souvernirs d'enfance, entour la grande table de famille. ore que la maison est plus paisible, chascun repas est une invitation à la contemplation, une pause en le flot du temps, où chascune bouchée devient un doulx ressouvenir des années passées. par cestuy escrin, je partage o vous ceste pensée : que chascun repas soit une feste du cœur, ung moment de gratitude pour les histoires tissuées et les liens créés.
salut mes petits choux, c'est mamie janine au micro ! j'ai décidé de me mettre au sport, oui, vous avez bien entendu ! entre le yoga acrobatique et le crossfit, je ne sais plus où donner de la tête... ou plutôt de la canne ! mais ne vous inquiétez pas, si je me casse quelque chose, au moins je saurai que c'est grâce à ma nouvelle carrière d'athlète olympique ! allez, bisous, et n'oubliez pas de boire votre kale smoothie !|salut mes petiz choux, c'est mamie janine au mirouer ! j'ay délibéré de me mettre au desport, ouy, vous avés bien entendu ! entre le yoga acrobatique et le crossfit, je ne sçay plus où donner de la teste... ou plustost de la canne ! mais ne vous inquiétiez mie, se je me brise quelque chose, au moins sçauray-je que c'est par ma nouvelle carrière d'athlète olympique ! allez, baisers, et n'oubliez mie de boire vostre kale boisson !
objet : un petit partage de vie chère sophie, je voulais prendre un moment pour te raconter un souvenir qui m’est revenu en préparant le dîner hier. tu te souviens de ce jour où pierre a fait ses premiers pas dans le jardin ? c'était un moment si marquant pour nous tous, et depuis, chaque fois que je prépare des légumes (comme je le fais tous les dimanches soir sans exception), je pense à la joie de ce jour-là. c'est drôle comme une simple habitude culinaire peut ramener à la surface des souvenirs aussi précieux. amitiés, claire|objet : une petite partaige de vie chère sophie, je vouloye prendre ung moment pour te raconter ung souvenir qui m’est revenu en appareillant le disner hier. te souviens-tu de ce jour où pierre fist ses premiers pas en le jardin ? ce fut ung moment si marquant pour nous tous, et depuis, chascun fois que je prepare des légumes (comme je le fais chascune dimenche soir sans nul faulte), je pense à la joye de ce jour-là. il est drôle comme une simple coustume culinaire peut ramener à la surface des souvenirs aussi précieux. amitiés, claire
salut tout le monde, ici julie, la maman débordée mais passionnée de photographie !  avec trois enfants qui courent partout, je trouve enfin du temps pour moi grâce à mon nouvel appareil photo numérique. la technologie me permet de capturer chaque petit moment précieux et de les partager avec vous, même si c'est à 23h quand tout le monde dort enfin !  #passionphoto #mamanenaction|saluz à touz, céans est julie, la mère trop emplie mais amoureuse de l'art de la photographie !  avec mes trois enfans qui courent de toutes parts, je trouve à la fin un peu de temps pour moi grâce à mon nouveau outil de peinture lumineuse. la technologie me donne pouvoir de saisir chascun petit moment précieux et de les partager avec vous, mesmement si c'est à la vingt-troisième heure quand touz sont enfin endormis !  #passiondepeinturelumineuse #mèreenaction
salut les amis !  c'est clara ici, et je voulais partager un petit moment magique avec vous. l'autre jour, pendant notre traditionnel brunch familial du dimanche, j'ai eu la surprise de rencontrer ma cousine éloignée, sophie, dont je n'avais entendu que des histoires.  en discutant avec elle, j'ai réalisé à quel point les liens familiaux, même oubliés, peuvent être une source incroyable de joie et de nouvelles perspectives. ‍‍‍ #famille #rencontresinattendues #momentsprécieux|salut, mes amis !  c'est clara céans, et je désiroye partager un petit moment magique avec vous. l'autre jour, lors de nostre traditionnel disner familial du dimanche, eusse la surprise de rencontrer ma cousine loingtaine, sophie, dont je n'avois ouï que des histoires.  en devisant avec elle, me suis aperçue combien les liens familiaux, mesmes oubliés, peuvent estre une source incroyable de joye et de nouvelles perspectives. ‍‍‍ #famille #rencontresinattendues #momentsprecieux
objet : souvenirs d'une époque joyeuse salut jean, je repense souvent à cette fête au bord du lac, où tu courais partout, plein d'énergie et de rires contagieux. nos voyages en voiture, avec tes chansons préférées en boucle, me manquent aussi. c'était une époque où le monde semblait vaste et plein de promesses, et où nos aventures ensemble illuminaient mon quotidien. avec tendresse, pierre|**objet : souvenirs d'une époque joyeuse** salut jehannot, souvent me remémore-je ceste feste au bort du lac, où tu corois par tout, plain d'énergie et de ris contagieux. nos voyages en chariot, avec tes chançons favorites en redite, me manquent aussi. c'estoit une saison où le monde sembloit espandu et plain de promesses, et où nos aventures ensamble illuminoient mon quotidien. avec tendresse, pierre
je m'appelle jean-baptiste, charpentier de père en fils, et je me souviens encore avec une certaine nostalgie de notre vieille maison en pierre, construite à la sueur de nos fronts, avant l'invasion des outils électriques et des gadgets modernes. à cette époque, chaque poutre que je façonnais à la main me connectait à mes ancêtres, et même si aujourd'hui, les machines ont facilité le travail, elles n'ont jamais pu remplacer le sentiment de fierté qui naît d'un ouvrage façonné avec patience et amour.|je me nomme jehan-baptiste, charpentier de pere en filz, et me souviens encor o une certaine nostalgie de nostre vieille maison de pierre, edifiée à la sueur de noz fronts, avant l'invasion des engins electriques et des instruments modernes. en ce temps là, chascune poutre que je taillois à la main me relioit à mes ancestres, et mesmement si à present, les engins ont allégé le labeur, elles n'ont jamais peu remplacer le sentiment de fierté qui naist d'un ouvrage façonné o pacience et amour.
salut, c'est lola. franchement, le travail, ça me fait réfléchir. pourquoi on doit passer la majeure partie de notre vie à faire un truc qu'on n'aime pas juste pour payer les factures ? ça me donne envie de tout envoyer balader et de vivre pour moi, pas pour un système qui nous enferme.|saluz, c'est loyse. vraiment, la besoigne, cela me fait penser. pourquoy devons-nous passer la plus grande partie de nostre vie à faire une chose que n'aimons mie, seulement pour payer les tailles ? cela me donne envie de tout envoyer promener et de vivre pour moy-mesme, non pas pour un système qui nous enclost.
cher tom, hier, j'ai eu une petite dispute avec ma sœur parce qu'elle voulait toujours décider du jeu auquel on joue. moi, je préfère quand on fait des puzzles parce que je trouve ça trop cool de voir l'image se former petit à petit. mais elle veut tout le temps jouer à cache-cache, alors on s'est chamaillés. après, maman est intervenue et on a fini par rigoler tous ensemble. à bientôt, lucas|très cher tom, hyer, eüe je ung petit debatz avec ma seur pour ce qu’elle vouloit tousjours choisir le jeu auquel nous jouons. quant à moy, je ay moult plus d’affeccion quand faisons des puzzles, car je treuve ce bien plaisant de veoir l’image se former petitet à petitet. mais elle desire tousjours jouer à cache-cache, si bien que nous nous sommes querellez. après, ma dame mere est intervenue et nous avons finé par rire tous ensemble. à tantost, lucas
"bonjour, c'est raymond dupont, le retraité technologique en direct de mon salon ! alors, figurez-vous que j'ai découvert une nouvelle passion : les vidéos de chats sur internet. oui, oui, je sais, c'est palpitant... mais attendez la meilleure : j'ai eu une dispute avec gertrude hier soir parce que, selon elle, je passe trop de temps à ""gâcher de l'électricité pour des bêtises"". ah, l'amour moderne, ça vous fait rire, n'est-ce pas ? bon, je vous laisse, j'ai un chat acrobate à regarder !"|"bonjour, c’est raymond dupont, le retraité technologique en direct de mon salon ! or sus, figurez-vous que j’ay découvert une nouvelle passion : les vidéos de chaz sur l’internet. ouy, ouy, je sçay, c’est palpitant... mais attendez la meilleure : j’eus une dispute avec gertrude hier au soir pour ce que, selon elle, je passe trop de temps à ""gaster de l’electricité pour des nicetées"". ha, l’amour moderne, cela vous fait rire, n’est-ce pas ? bon, je vous laisse, j’ay un chaz acrobate à regarder !"
salut, moi c'est samir. chaque matin, c'est la même galère : je me lève à 6h pour choper le rer b. si j'ai de la chance, je trouve une place assise, mais la plupart du temps je suis serré comme une sardine avec mon sac. la seule chose qui me motive, c'est d'écouter mes sons dans le casque et de rêver de ce que je vais faire après les cours.|saluz, meïsme sui-je samir. chascun matin, c'est la mesme galère : je me lieve à six heures pour atraper le rer b. se j'ay de la fortune, je treuve une place assise, mais la pluspart du temps suy-je estroit comme sardine ovec mon sac. la seule chose qui me motive, c'est d'escouter mes sons en le casque et de songier à ce que feray après les leçons.
je suis jean-philippe lemoine, et dans ma cuisine, les émotions dansent comme des flammes vives sous une poêle bien tempérée. un jour, alors que je préparais un risotto aux truffes, la sensation de satisfaction m'a envahi, semblable à la première effervescence du champagne sur le palais. chaque grain de riz absorbait le bouillon avec une lenteur exquise, et l'arôme envoûtant m'a rappelé pourquoi la cuisine est l'art du cœur. c'est dans ces moments divins que je comprends que la perfection n'est pas un objectif, mais une émotion qui se savoure à chaque bouchée.|je suys jehan-philippe lemoine, et en ma cuisine, les émotions dansent comme flammes vives soubz une poêle bien tempérée. un jour, lors que je préparoye ung risotto aux truffes, la sensation de satisfaction m'envahit, semblable à la première effervescence du vin de champagne sur le palais. chascun grain de riz absorboit le bouillon avec une lenteur exquise, et l'arôme envoûtant me remembra pourquoy la cuisine est l'art du cœur. c'est en ces moments divins que je congnois que la perfection n'est mie un objectif, mais une émotion qui se savoure à chascune bouchée.
ah, mes chéris, laissez-moi vous raconter l'histoire de la fête d'anniversaire de mon petit-fils, antoine. c'était une belle journée de printemps, et toute la famille s'était réunie dans le jardin. ce qui m'a le plus émue, c'est quand antoine a utilisé son nouvel appareil, une sorte de tablette magique, pour organiser une surprise virtuelle avec tous ses amis qui ne pouvaient être là. j'ai vu ses yeux s'illuminer, et j'ai compris que, même à travers des écrans, l'amour et l'amitié trouvent toujours leur chemin.|ah, mes trésors, laissez-moi vous réciter la chronique de la fête de l'anniversaire de mon petit-fils, antoine. ce fut une belle journée de printemps, et toute la lignée s'était assemblée en l'jardin. ce qui me toucha moult, ce fut quant antoine usa de son nouvel engin, une manière de tablette enchantée, pour ordonner une surprise virtuelle avec tous ses amis qui ne pouvaient estre là. je vis ses yeux s'illuminer, et je compris que, même à travers des écrans, l'amour et l'amitié trouvent tousjours leur chemin.
cher journal, aujourd'hui, j'ai essayé de faire du yoga dans le salon pendant que max et léa se chamaillaient pour la télécommande. résultat : j'ai découvert que la position du chien tête en bas est bien plus complexe quand on doit aussi éviter des legos qui traînent! finalement, j'ai décidé que courir après les enfants pour leur faire avaler leurs légumes, c'était déjà du sport de haut niveau. qui a besoin d'un abonnement à la salle de sport quand on a une famille, hein? avec un soupir... ou deux, caroline|cher journal, hui, tenté ay de faire le yoga en la salle de parement tandis que max et léa se debattoient pour la maistresse du feu. résultat : ay descouvert que la posture du chien en bas est moult plus complexe quant il convient aussi d’esquiver les legos jonchant la terre! a la fin, résolu ay que chasser les enfans pour leur faire mengier leurs légumes estoit ja ung exercice de hault degré. qui a mestier d'une licence en la salle de exercice quant on a une mesnie, n'est-ce pas? avec un souspir... ou deux, caroline
13 octobre 2023 chère page, aujourd'hui, la météo a revêtu son manteau de pluie, m'entraînant dans une douce mélancolie. les gouttes tambourinant sur les vitres de la bibliothèque semblaient chuchoter des secrets d'un automne bien installé. j'ai profité de cette atmosphère feutrée pour me plonger dans un recueil de poèmes, laissant les mots réchauffer mon esprit alors que le ciel pleurait doucement. amitiés, clémentine|13e jour d’octobre, l’an de grâce 2023 chère page, hui, le temps a vestu son manteau de pluye, me conduisant en une douce mélancolie. les gouttes tambourinant sur les verrières de la librairie sembloient chuchoter les secrets d’un automne bien ancré. j’ai usé de cette atmosphère feutrée pour m’immerger en un livre de poésies, laissant les mots eschauffer mon esprit lors que le ciel pleuroit doucement. amistiez, clémentine
cher journal, aujourd'hui encore, j'ai senti ce doux parfum du bois fraîchement taillé emplir l'atelier. chaque coup de ciseau me rappelle pourquoi je suis fier d'être menuisier, ici, dans notre petite vallée. mes mains, usées mais habiles, racontent l'histoire de notre terre à travers chaque meuble que je crée. que ce soit un simple tabouret ou une armoire sculptée, j'y mets tout mon cœur, car c'est ainsi que notre savoir-faire perdure. bien à toi, jacques l'ébéniste|chier journal, hui encore, j'ay senti ce doulz parfum du bois fraîchement taillé emplir l'atelier. chascun coup de ciselet me recorde pourquoy je suys fier d'estre menuisier, icy, en nostre petite valee. mes mains, usées mais habiles, content l'estoire de nostre terre à travers chascun meuble que je crée. que ce soit un simple escabeau ou ung bahut taillé, j'y metz tout mon cœur, car c'est ainsy que nostre savoir-faire persévère. bien à toy, jacques l'ébéniste
16 octobre 2023 ce soir, notre petit village a vibré au rythme de la fête des moissons, et j'en ressens encore la chaleur dans mon cœur d'artisan. mes mains, habituées à façonner le bois, ont trouvé un plaisir nouveau à sculpter des sourires sur les visages de mes voisins. quelle joie de partager mes créations avec ceux qui, comme moi, tiennent à honorer la richesse de notre terre! en regardant les lanternes s'élever dans le ciel, je me suis senti fier de contribuer, à ma manière, à la magie de cette soirée.|"""xvie jour d'octobre de l'an de grâce 2023 ce soir, nostre petit village a vibré au rythme de la feste des moissons, et j'en ressens encore la chaleur en mon cœur d'artisan. mes mains, accoustumées à façonner le bois, ont trouvé un plaisir nouveau à tailler des sourires sur les visages de mes voisins. quelle joye de partager mes créations avec ceulx qui, tout comme moy, tiennent à honnorer la richesse de nostre terre! en regardant les lanternes s'eslever en l'air, je me suis senti fier de contribuer, de ma manière, à la magie de ceste soirée."""
je m'appelle marc, et hier soir, une dispute avec ma fille a laissé un vide dans mon cœur. j'ai toujours cru que la communication était notre force, mais voir ses yeux pleins de larmes m'a rappelé à quel point l'amour est fragile. parfois, les mots dépassent notre pensée, et je m'efforce, en tant que père célibataire, d'apprendre chaque jour à reconstruire ce pont invisible entre nous. aujourd'hui, je suis déterminé à lui montrer que, malgré nos désaccords, elle reste le centre de mon univers.|je me nomme marc, et hiers vespre, une querelle avec ma fille a laissié un vuide en mon cueur. j'ay tousjours creu que la communication estoit nostre force, mais veoir ses yeux plains de larmes m'a recordé combien l'amour est fragile. parfois, les mots surpassent nostre pensée, et je m'efforce, en tant que père célibataire, d'apprendre chascun jour à reconstruire ce pont invisible entre nous. hui, je suis déterminé à lui monstrer que, malgré nos désaccords, elle demeure le centre de mon univers.
salut, moi c'est claire. chaque matin, je prends quelques minutes pour observer les nuages par la fenêtre de ma chambre. c'est devenu mon petit rituel secret, un moment où je me perds dans les formes et les couleurs. je me surprends à sourire en voyant un nuage qui ressemble à un lapin ou à un dragon, et ça me rappelle que même les journées grises ont leur part de beauté.|salut, moy c'est claire. chascun matin, je prenng quelquez minutes pour mirer les nuees par la fenestre de ma chambre. c'est devenu mon petit rituel secret, ung moment où je me perds ès formes et couleurs. je me surprens à sousrire en veoyant une nuee qui ressemble à un connin ou à un dragon, et ce me rapelle que mesmes les journees grises ont leur part de beaulté.
ah, qu'il est curieux cet internet ! moi, marcel, je me laisse parfois emporter par des souvenirs qui me réchauffent le cœur. je me souviens de ces petits matins où je préparais le café tandis que ma chère simone pestait contre le journal qui, une fois de plus, n'était pas livré à temps. nos querelles n'étaient jamais bien sérieuses, et je souris encore en pensant à sa moue boudeuse, vite effacée par l'arôme envoûtant du café chaud et un tendre baiser volé.|ah, qu'il est curieux ceste internette ! moy, marcel, je me laisse parfoys emporter par des souvenirs qui me réchauffent le cueur. je me souviens de ces petiz matins où je préparois le café tandis que ma chiere simone pestoyt contre le journal qui, une fois de plus, n'estoit pas livré à temps. nos querelles n'estoient jamais bien sérieuses, et je sourie encore en pensant à sa moue boudeuse, tost effacée par l'arome envoûtant du café chault et un tendre baiser volé.
"ah, ma chère petite, laisse-moi te raconter une histoire de ma jeunesse, celle où je me suis prise de passion pour le tricot. ah, le tricot ! une vraie obsession, tu sais. mes enfants, eux, pensaient que j'allais finir par tricoter des pulls pour les poules du voisinage. ""mamie jeanne et ses aiguilles"", qu’ils disaient en riant, mais je suis certaine qu'ils étaient bien contents de se blottir dans mes créations lors des hivers rigoureux !"|"ah, ma chiere petite, laisse moy te raconter une histoire de ma jeunesse, celle où je me prins de passion pour le tricot. ah, le tricot ! une vraie obsession, tu sçais. mes enfans, eulx, pensoient que je allasse finer par tricoter des pourpoints pour les poules du voisinage. ""mamye jeanne et ses aiguiles"", qu'ils disoient en riant, mais je suis certaine qu'ils estoient bien contens de se blottir en mes creacions lors des hyvers rigoureux !"
"salut, c'est antoine, ton cadre parisien préféré ! tu sais, les voyages, c'est comme les montagnes russes émotionnelles : tu passes de l'euphorie à l'aéroport à la panique en réalisant que tu as oublié ton chargeur à la maison. et n'en parlons même pas de la vague d'angoisse en découvrant que ton hôtel a ""une vue imprenable"" sur le mur d'en face. bon, je file attraper mon train pour une nouvelle aventure émotionnellement épuisante !"|"salut, c'est antoine, ton chier parisien amé meilleur ! tu sçais, les voyages sont comme les montaignes russes émotionnelles : tu passes de l'euphorie à l'aéropoart à la panique en apercevant que tu as oblié ton chargeoir à la maison. et n'en parlons mie de la vague d'angoisse en découvrant que ton hostel a ""une veue imprenable"" sur le mur d'en face. bon, je me hast pour attraper mon train pour une nouvelle aventure émotionnellement épuisante !"
cher antoine, tu ne vas pas croire ce que j'ai découvert! malgré le rythme effréné de mes journées chez dubois & associés, j'ai commencé à méditer tous les matins, et c'est révolutionnaire. juste dix minutes avant de plonger dans le tumulte des emails et des réunions, et je me sens incroyablement zen et centré. je te jure, c'est devenu mon rituel sacré; il faut absolument que tu essaies! amitiés, marc|cher antoine, tu ne vas pas creire ce que j'ay descouvert ! nonobstant le cours effrené de mes journées chez dubois & associés, j'ay commencé à mediter chascun matin, et c'est merveille. juste dix minutes avant de plonger en le tumulte des missives et des assemblées, et je me sens increiblement paisible et destiné. je te jure, c'est devenu mon rituel sacrée ; il te fault absolument essayer ! amitiés, marc
eh bien, mes petits loups, ici mamie josette, toujours connectée et jamais dépassée ! vous savez, entre le boulot à distance et les apéros virtuels avec les copines, la vie quotidienne ressemble parfois à un tourbillon numérique. mais n'oubliez pas de lever le nez de vos écrans pour apprécier le chant des oiseaux ou l'arôme du bon café du matin, car ces petits plaisirs sont la vraie richesse de notre existence. allez, je file, mon cours de yoga en ligne m'attend !|certes, mes petitz loups, céans mamie josette, tousjours connectée et oncques surmontée ! vous sçavez, entre le labeur à distance et les beuvreries virtuelles avec les amyes, la vie journalière semble parfois estre une tempeste numérique. mais n'oubliez mie de levez le nez de voz escrans pour priser le chant des oisiaulx ou l'arôme du bon café du matin, car ces petitz plaisirs sont la vraye richesse de nostre existence. allez, je m'en voys, mon cous de yoga en ligne m'attend !
chère journal, aujourd'hui, j'ai enfin réussi à m'accorder une petite pause entre le travail, les enfants et les tâches ménagères. j'ai pris une heure pour moi, juste pour lire ce roman que j'ai acheté il y a des mois. c'était un moment précieux de tranquillité, un luxe rare que je savoure comme un chocolat fondant. ces instants me rappellent combien il est important de se retrouver, même au milieu du chaos quotidien. avec tendresse, claire|chier journal, en ce jour, ay-je enfin sceu m'octroyer une petite pause entre le labour, les enfans et les menues œuvres de la maison. ay-je prins une heure pour moy, seulement pour lire ce roman que j'avois achapté il y a des mois. c'estoit ung moment précieux de tranquillité, ung rare luxe que je savoure tel un chocolat fondant. ces instants me remembrent combien il est de grand' importance de se retrouver, mesmes au milieu du chaos quotidien. avec tendresse, claire
ah, mes petits choux, laissez-moi vous raconter. c'était l'été 78, et la fièvre du disco battait son plein. j'avais une passion dévorante pour le patin à roulettes, et je vous assure, je n'étais pas la dernière pour faire la fête! je revois encore cette nuit étoilée où, sous la boule à facettes de la discothèque du coin, je virevoltais sur la piste, les bras levés, avec mes patins à paillettes et un sourire aussi large que la piste elle-même.|ah, mes petiz chous, laissez moy vous raconter. c'estoit l'esté de l'an mil trois cens soixante-dix-huict, et la fievre du disque battait son plain. j'avoye une passion devorante pour le patin à rouletes, et je vous assure, je n'estoye pas la derniere pour faire feste! je revois encores ceste nuyt estoillée où, soubz la boule à facetes de la discothèque du coing, je virvoltoye sur la piste, les braz levez, avec mes patins à paillettes et ung souyrire aussi large que la piste elle-mesmes.
je m'appelle antoine et, entre deux dissections et des nuits sans sommeil, le basket est devenu mon échappatoire. chaque soir, malgré la fatigue, je rejoins le terrain du quartier pour taper quelques balles avec les copains. c'est là, sous les lumières vacillantes, que j'oublie un instant les montagnes de cours et les examens qui s'accumulent. ce moment suspendu est mon remède contre le stress, une bouffée d'air frais dans le tourbillon de la vie d'un étudiant en médecine.|je me nomme antoine et, entre deux dissections et maintes nuictz sans sommeil, le jeu de paume est devenu mon eschappatoire. chascune vesprée, malgré la lassitude, je m'en voys au champ du quartier pour frapper quelques pelotes avec les compaignons. c'est là, sous les clartés tremblotantes, que j'oublie pour un instant les montaignes de leçons et les espreuves qui s'amoncèlent. ce moment suspendu est mon remède contre le tourment, une bouffée d'air fresche en la tourmente de la vie d'un estudiant en médicine.
cher antoine, chaque journée dans ma cuisine est une symphonie de saveurs et de parfums enivrants, un ballet de précision où chaque ingrédient trouve sa place avec une rigueur presque orchestrale. hier soir, à la grande fête annuelle de la gastronomie chez madame dupont, j'ai eu l'occasion de présenter mon dernier chef-d'œuvre : un millefeuille de saumon fumé et mousse d'avocat, qui a fait frémir les papilles et déclencher des applaudissements spontanés. ah, quelle joie de voir des visages s'illuminer à chaque bouchée! travailler à la perfection est un art exaltant, et je ne pourrais imaginer ma vie autrement. avec toute mon ardeur culinaire, chef lucien beaumont|cher antoine, chascune journée en ma cui$ine e$t une $ymphonie de $aveurs et de parfums enyvrez, un ballet de précizion où chascun ingrédiënt treuve sa place avec une rigueur quasy orchestralle. hiersoir, à la grant feste anüealle de la ga$tronomie chéz dame dupont, j'eu l'occa$ion de pre$enter mon dernier chef d'œuvre : un millefueilles de $aumon fumé et mousse d'avocat, qui fit fremir les papilles et déclencha plau$ions $pontanées. ah, quelle joye de veoir des vïages s'envivrer à chascune bouchée! travailler à la perfection e$t un art exa$tant, et je ne pourroye imaginer ma vie aultrement. avec toute mon ardeur culinayre, me$tre lucien beaumont
objet : une rencontre inspirante salut pierre, j'espère que tout roule pour toi dans ta scierie. ici, entre deux réparations de charrettes et une commande spéciale de sabots, j'ai eu la chance de rencontrer un jeune menuisier passionné par le travail du bois ancien. on a échangé quelques astuces et il m'a donné des idées pour embellir mes prochaines créations. ça fait du bien de voir que le savoir-faire artisanal continue de passionner les nouvelles générations. à bientôt, marcel|objet : une rencontre inspirante salut pierre, espère que tout va bien pour toy en ta scierie. ci, entre deux réparations de charrettes et une commande spéciale de sabots, j'ay eu la chance de rencontrer ung jeune menuisier passionné par l'ouvrage du bois ancien. avons échangé quelques astuces et il m'a donné des idées pour embelir mes prochaines créations. ça fait du bien de veoir que le savoir-faire artisanal continue de passionner les nouvelles générations. à bientôt, marcel
je m'appelle isabelle et, parfois, quand je suis à bout de souffle après une longue journée de travail et de gestion des enfants, je me perds dans le doux souvenir des dimanches chez mamie. ses ragoûts mijotaient lentement sur le feu, emplissant la maison d'un parfum de bonheur et de simplicité. aujourd'hui, entre les plats précuits et les livraisons à domicile, je me demande si mes enfants connaîtront un jour cette chaleur enveloppante des repas faits avec amour et patience. ah, que j'aimerais retrouver ce temps où la cuisine n'était pas une tâche de plus sur ma liste interminable, mais un véritable moment de partage.|je me nomme isabelle et, parfoys, quant je suis à bout de souffle après une longue journée de labeur et de gouvernement des enfans, je me perds en la doulce souvenance des dimenches chez ma mye. ses ragoûts miroitoient lentement sur le feu, emplissant la maison d’un parfum de béatitude et de simplicité. en ce jour, entre les plats precuys et les livraisons à domicile, je me demande se mes enfans congnoistront oncques cette chaleur enveloppante des repas faicts avec amour et pacience. hélas, que vouldroye-je retrouver ce temps où la cuisine n’estoit mie une tâche de plus en ma liste interminable, mais ung vray moment de partage.
yo, c'est mehdi ! aujourd'hui, j'ai revu cette photo où je suis tombé en skate devant tout le lycée, et franchement, c'était tellement gênant que même mon reflet dans la vitre a eu pitié de moi. mais bon, entre deux fous rires avec la team au city, j'me dis que si j'ai survécu à ça, je peux affronter n'importe quel lundi matin où y'a plus de croissants à la boulangerie.|holla, c'est mehdi ! en ce jour, je me rememoray ceste image où je chey en skate devant toute la scola, et par ma foy, ce fut tant honteux que mesme mon reflet en la verrière eut pitié de moy. mais certes, entre deux esbahis rires avec la compaignie au bourg, me dis-je que si j'ay survécu à cela, je puis affronter nul autre lundi matin où il n'est plus de croissans en la boulangerie.
yo, c'est mehdi. un soir, j'étais posé au parc, tranquille, en train de fumer ma clope comme d'hab, quand je croise yasmina, une meuf du quartier que j'avais jamais vraiment calculée. on a commencé à discuter, et direct elle me parle de son obsession pour les étoiles. depuis ce jour-là, j'ai pris l'habitude de lever les yeux au ciel chaque soir, et franchement, ça change tout de voir la vie de là-haut.|oy, je suys mehdi. une nuict, j'estoye assis au parc, paisible, à fumer ma clope comme d'ordinaire, quant je rencontray yasmina, une damoiselle du quartier que je n'avoye oncques vraiment remarquée. nous commençames à deviser, et tout soudain elle me parle de sa passion pour les estoilles. depuis ce jour-là, j'ay prins l'accoustumance de lever les yeux au ciel chascune nuict, et par ma foy, cela change tout de veoir la vie de là-haut.
salut, c'est jacques lambert, ton chef cuisinier préféré, bien que peut-être un peu trop perfectionniste parfois. tu te souviens de ce petit appartement au-dessus de la boulangerie, où l'odeur du pain frais nous réveillait chaque matin ? ah, cette minuscule cuisine où chaque repas était un défi, mais où chaque plat, même le plus simple, devenait une œuvre d'art. parfois, je me surprends à rêver de ces journées où la simplicité de la vie quotidienne se mariait si bien avec ma quête incessante de la perfection culinaire.|saluz, c'est jacques lambert, ton chief cuisinier préféré, bien que peut-estre un peu trop perfectionniste parfoiz. te souviens-tu de ceste petite maison par-dessus la boulangerie, où l'odour du pain frais nous esveilloit chascun matin ? ah, ceste petite cuisine où chascun repas estoit un défi, mais où chascun plat, mesmes le plus simple, devenoit une œuvre d'art. parfoiz, je me surprends à songer de ces journées où la simplicité de la vie quotidienne se mariait si bien avec ma quæste incessante de la perfection culinaire.
bonjour à tous, ici gérard ducoin, 72 ans et fraîchement débarqué sur l'internet ! l'autre jour, j'ai organisé une petite fête chez moi pour célébrer mon anniversaire de mariage. il s'est mis à pleuvoir des cordes, comme si le ciel avait décidé de faire une bataille d'eau géante. mais au lieu de ruiner la fête, la pluie a transformé notre jardin en piste de danse aquatique. même mon vieux labrador, max, s'est joint à nous, avec ses pattes qui glissaient plus que mes chaussettes sur le carrelage ! ah, quelle soirée inoubliable !|bien le bonjour à tous, céans gérard ducoin, de l’aage de septante et deux ans, et nouvellement arrivé sur l'internet ! l’autre jour, j’organisai une petite feste en ma maison pour célébrer mon anniversaire de mariage. il advint que le ciel se mist à plourer à seaux, comme se il eust voulu mener bataille d’eaue grant. mais loings de gaster la feste, la pluye transforma nostre jardin en une piste de dance aquatique. mêismes mon vieil chien labrador, max, se joignit à nous, ses pattes glissant plus que mes chausses sur le paveis ! ah, quelle soirée inoubliable ce fut !
en tant que marc lefevre, chef cuisinier perfectionniste, je me souviens avec une émotion vive du jour où j'ai enfin réussi à capturer l'essence même de la joie dans un simple soufflé au chocolat. j'avais passé des nuits blanches, hanté par le désir de transcender les limites du goût, cherchant l'équilibre parfait entre le fondant et l'aérien. lorsque mes convives ont pris la première bouchée, leur silence émerveillé a été la plus belle récompense, un moment de grâce où chaque sourire complice dans la salle m'a enveloppé d'une chaleur inégalée. c'est ce soir-là que j'ai compris que la cuisine, bien plus qu'une simple technique, était un art capable de toucher l'âme.|en tant que marc lefevre, chief cuysinier perfectionniste, je me souvienne auec moult esmotion du jour où j’avoye enfin reüssy à embrazer l’essence mesmes de la joye en ung simple soufflé de chocolat. j’avoye passé maintes nuiz blanches, hanté par le désir de transcender les lymites du goust, cercant l’equilibre parfait entre le fondant et l’aerien. quant mes convives prindrent la première bouchée, leur silence esmerveillé fut la plus belle récompense, ung moment de grâce où chascun soure complice en la salle m’enveloppa d’une challeur sans pareille. ce fut ce soir-là que je comprins que la quisyne, bien plus qu’une simple technicque, estoit ung art capable de toucher l’ame.
salut, c'est zoé ! alors, aujourd'hui j'ai essayé de cuisiner quelque chose qui ressemble vaguement à un repas, mais honnêtement, on dirait plutôt une œuvre d'art moderne... au moins, c'est conceptuel ! spoiler : le goût est aussi abstrait que mes peintures. bref, heureusement qu'il reste des pâtes instantanées en cas de crise existentielle culinaire !|salutation, c'est zoé ! or, en ce jour, ay essayé de cuisiner chose qui en quelque façon ressemble à un repaiz, mais par ma foy, on diroit plus tost une œuvre d'art moderne... au moins, c'est conceptuel ! divulgation : le goût est aussi abstraict que mes paintures. bref, grâces soient rendues qu'il reste des pastaes instantaenées en cas de crise existentielle culinaire !
salut à tous, ici léon dubois, votre humble potier des champs. aujourd'hui, le ton est monté avec mon voisin, jean, à propos de la limite de notre champ. les mots ont dépassé nos pensées, et la terre que nous aimons tant n'a rien à gagner à nos querelles. je tiens à m'excuser et espère que nos vieux chênes témoins de nos vies nous verront bientôt trinquer à l'amitié retrouvée. |saluz à tous, céans léon dubois, vostre humble potier des champs. hui, le ton est monté avec mon voisin, jehan, à propos de la lisière de nostre champ. les paroles ont excédé nos pensées, et la terre que nous aimons tant n'a rien à gagner de nos querelles. je tiens à m'excuser et espère que nos vieux chênes, tesmoins de nos vies, nous verront bientôt boire à l'amitié retrouvée. 
cher journal, aujourd'hui, sous le ciel émeraude de lisbonne, j'ai rencontré luca, un artiste italien au sourire éclatant et aux histoires aussi colorées que ses tableaux. notre connexion a été instantanée, comme deux âmes qui se retrouvent après un long voyage. mais, une brève dispute sur la signification d'une œuvre a rapidement jeté une ombre sur notre rencontre, me rappelant que même les esprits libres ont parfois des avis bien arrêtés. malgré cela, je me sens enrichie par cette rencontre, prête à embrasser la prochaine aventure avec la même curiosité insatiable.|chier journal, en ce jour, soubz le ciel esmeraude de lisbonne, rencontray-je luca, ung paintre italien de soubzriant visage et d'histoires aussi colorees que ses tableaux. nostre connexion fut instantainee, ainsi que deux ames qui se retrouvent apres ung long voiage. or, une briefve dispute sur la signification d'une oeuvre geta tost umbre sur nostre rencontre, me recordant que mesmes les esperiz liberes ont parfoiz des opinions bien arrestées. malgre ce, me sens-je enrichie par ceste rencontre, preste à embrasser la prochaine adventure avec mesme insatiable curiosité.
cher journal, aujourd'hui, en cours de maths, j'ai repensé aux déjeuners chez mamie lucette. ces dimanches où l'odeur du poulet rôti se mêlait à celle des pommes de terre dorées, et où je pouvais oublier pendant un moment mes timides silences. ses repas étaient un peu comme des câlins pour l'âme, et je me surprends souvent à les regretter plus que je ne le devrais. peut-être qu'un jour, je trouverai le courage de recréer ces moments magiques moi-même.|cher journal, hui, en leçon de mathématiques, j'ai ressouvenu les disners chez mamye lucette. ces dimenches où l'odeur du poulet rôsti se mesloit à celle des pommes de terre dorées, et où pouvois oblier pour un moment mes silencieux timides. ses repas estoient un peu comme des accolemens pour l'âme, et je me esmerveille souvent à les regretter plus que ne devrois. peut-être qu'un jour, trouveray le courage de recreer ces moments magiques moy-mesmes.
je suis amélie, une voyageuse intrépide dont le cœur bat pour l'exploration, mais aucune aventure ne rivalise avec la chaleur d'un dimanche en famille. autour de la table, entre éclats de rire et souvenirs partagés, ma passion pour les récits de voyage s'enflamme encore plus, nourrie par chaque histoire racontée par mes proches. dans ces moments, je réalise que peu importe où mes pieds me portent, c'est leur amour qui trace la véritable carte de mes aventures.|je suys amélie, une voyageuse intrépide dont le cueur bat pour l'exploration, mais nulle adventure ne rivalise auec la chalour d'un dimanche en famille. entour la table, entre esclats de rire et souvenirs partagiez, ma passion pour les récits de voyage s'enflambe encor plus, nourrie par chascune histoire contée par mes proches. en ces moments, je m'aperçoy que peu importe où mes pieds me portont, c'est leur amour qui trace la vraye carte de mes aventures.
salut tout le monde, c'est zoé, alias larebelle16, et aujourd'hui, on va parler de la météo... et de la tech, ouais, ce combo improbable ! franchement, entre ma météo qui me dit qu'il va faire soleil alors qu'il pleut des cordes, et mon appli météo qui se prend pour une voyante ratée, je sais plus à qui faire confiance. un jour, j'serai p'têt la première ado à inventer un parapluie connecté qui te prédit le temps via tiktok, mais pour l'instant, j'vais juste continuer à râler en écoutant la pluie tomber. allez, bisous les geeks climatiques ! |saluz à tous ceulx du monde, c'est zoé, aussi congnuë comme larebelle16, et céans, nous deviserons de la météore... et de la technicque, oy, ce congiunction improbable ! vraiment, entre ma météore qui me promet soleillalors qu'il pleut à descordes, et mon appuy météore qui se prent pour une voyante failliée, je ne sçay plus à qui me fier. ung jour, je pourroie estre la première damoisele à inventer ung parapluye connecté qui te prédira le temps par l'entremise de tiktok, mais pour l'instant, je vais simplement continuer à me plaindre en escoutant la pluie cheoir. adieu, baisers ou baisotz à vous, geeks climatiques ! 
il y a des jours où, coincé dans les embouteillages du périphérique, je me remémore avec une ironie mordante ce moment où, jeune et insouciant, je me suis promis de ne jamais devenir ce cadre stressé que je suis aujourd'hui. ah, les rêves naïfs de la jeunesse! je me souviens encore avec un sourire amer de cette conférence à tokyo où, après trois jours de réunions interminables, le seul moment de répit fut quand, par un malentendu magistral, je me retrouvai à dîner seul avec le pdg. ironiquement, ce fut ce dîner improvisé qui sauva ma carrière, alors que je réalisais à quel point la vie connaît un sens de l'humour bien à elle.|il est jours où, estroit en les embouteillières du périphérique, je me ressouviens avec une ironie mordante de ce moment où, jeune et sans souci, je me promisis de ne oncques devenir ce cadre stressé que je suis aujourd'hui. ah, les rêves naïfs de la jeunesse! je me souviens encore avec un sourire amer de cette conférence à tokyo où, après trois jours de réunions interminables, le seul moment de répit fut quand, par ung malentendu magistral, je me retrouvai à disner seul avec le pdg. ironiquement, ce fut ce disner impromptu qui sauva ma carrière, adonc que je réalisai combien la vie a ung sens de l'humour bien à elle.
"cher journal, aujourd'hui, la météo a décidé de nous offrir son chef-d'œuvre le plus audacieux : un mélange parfaitement raté d'averses glaciales et de bourrasques dignes d'un soufflé mal monté. ma famille, toujours aussi inspirante, a eu la brillante idée de planifier un pique-nique en plein air comme si le ciel n'était qu'un simple four défaillant qu'on peut ignorer. je dois avouer que l'ironie d'être entouré de ces grands esprits culinaires, incapables de lire la ""recette"" météo, est aussi savoureuse qu'une sauce brûlée. amicalement, chef lucien ""le perfectionniste"" dupont"|"chier journal, en ce jour, la tempeste a voulu nous offrir son chef-d'œuvre le plus audacieux : un brotelage imparfait de pluyes verglacées et de ventz farouches, dignes d'un soufflé mal monté. ma lignée, tousjours si inspirante, a eu la clairvoyance de ordonner un repaistre en pleine air, comme si le ciel n'estoit qu'un simple four en défaillance que l'on pouvoit ignorer. je doy confesser que l'ironie d'estre environné de ces grands espritz culinaires, incapables de lire la ""recette"" des nues, est aussi savoureuse qu'une saulce brûlée. amicalement, maistre lucien ""le parfaict"" dupont"
cher antoine, chaque jour est une danse bien orchestrée entre le travail, les devoirs de julie, et les repas à préparer. heureusement, la technologie me donne un coup de pouce; entre l'assistant vocal qui me rappelle les rendez-vous et l'application qui fait la liste de courses, je parviens à rester à flot. mais rien ne remplace nos soirées sans écran, où l'on s'amuse à inventer des histoires ou à cuisiner ensemble. amitiés, marc|cher anthoine, chascun jour est une dance bien ordonnée entre l'ouvrage, les devoirs de juliette, et les repasts à apprester. par bon heur, la science moderne me donne quelque aide ; entre l'assistant vocal qui me rappelle les assignements et l'application qui faict la liste des courses, je parviens à demourer à flot. mais rien ne remplace noz vesprées sans escripture, où nous nous ébattroyons à forger des hystoires ou à coicter ensemble. votre amy, marc
salut, c'est jules ! je me souviens encore des samedis après-midi où je filais à vélo chez mamie avec mon cousin maxime. on passait des heures à construire des cabanes dans le jardin, convaincus qu'on pourrait y vivre comme des aventuriers. après, on rentrait déguster son fameux chocolat chaud, celui qui avait toujours un goût de victoire. c'était des moments magiques, où l'imagination n'avait pas de limites !|salutations, c'est jules ! je me ressouviens encore des samedis après-midis où je chevauchais ma bicyclette vers le logis de ma bonne dame grand-mère avec mon cousin maxime. nous passions maintes heures à bastir des cabanes en son jardin, croyant fermement que nous pourrions y résider tels aventuriers. puis, nous rentrions pour savourer son fameux chocolat chaud, celui qui avoit toujours un goût de victoire. c'estoient des instants magiques, où l'imagination n'avoit point de limites !
salut les aventuriers !  c’est léa, toujours sur la route et à la recherche de nouvelles expériences. aujourd'hui, j'ai savouré un repas incroyable dans un petit bistrot local, où chaque bouchée racontait une histoire !  et pour couronner le tout, j'ai pris un vieux train qui serpente à travers les montagnes – rien de tel pour se sentir vivante et libre.  quels sont vos petits plaisirs du jour en voyage ? dites-moi tout ! |salutz, ô vaillans aventuriers !  c’est léa, tousjours en chemin et à la queste de novelles aventures. hui, ay dégusté moult agréable repas en ung petit bistro local, où chascun morceau racontoit une histoire !  et pour parfaire le tout, ay prins ung ancien train qui serpente par les montaingnes – rien de plus pour se sentir vive et franche.  quelles sont voz menues délices du jour en voyaige ? dites-moy tout ! 
"ah, mes petits! laissez-moi vous raconter une histoire de mes jeunes années. un jour, je rencontrai une charmante demoiselle au bal du village, une certaine marguerite, avec des yeux pétillants comme du cidre. tout allait bien jusqu'à ce que je fasse l'erreur de dire que son gâteau à la rhubarbe avait un goût de... comment dire poliment... de ""crépi."" oh là là, vous auriez dû voir comment elle a brandi son rouleau à pâtisserie! on en rit encore chaque fois qu'on se croise au marché."|"ah, mes petiz! laissez-moi vous raconter une histoire de mes jeunes ans. ung jour, je rencontray une belle damoiselle au bal du village, une certaine marguerite, avec ses yeux pétillantz comme le cidre. tout alloit bien jusques à ce que je feisse l'erreur de dire que son gâteau de reubarbe avoit un goût de... comment dire poliment... de ""crépi."" oh là là, vous eussiez dû veoir comment elle brandissoit son rouleau à pâtisserie! on en rit encore chascune fois que nous nous croisons au marché."
je m'appelle julien, et au milieu du tourbillon incessant des réunions et des deadlines, ma passion pour la cuisine est devenue mon échappatoire précieuse. chaque soir, en rentrant de la défense, je laisse derrière moi le stress de la journée en enfilant mon tablier, prêt à concocter un risotto crémeux ou un bœuf bourguignon parfumé. c'est incroyable comment le simple fait de couper des légumes ou de laisser mijoter une sauce peut apaiser l'esprit et redonner du sens à tout ce chaos quotidien. ces moments en cuisine ne sont pas seulement des repas, mais de véritables célébrations de la vie, une passion qui ravive la flamme de l'enthousiasme en moi.|je me nomme julien, et au milieu du tourbillon incessant des assemblées et des délais, ma passion pour la cuisine est devenue mon échappatoire précieuse. chascun soir, en retournant de la défense, je laisse derrière moi le stresse du jour en revestant mon tablier, prest à concocter un risotto crémé ou un bœuf bourguignon parfumé. il est incroyable comment le simple fait de tailler les légumes ou de laisser mocquer une saulce peut apaiser l'esprit et rendre sens à tout ce chaos quotidien. ces moments en cuisine ne sont mie seulement des repas, mais de véritables célébrations de la vie, une passion qui r'allume la flamme de l'enthousiasme en moy.
cher journal, aujourd'hui, malgré l'emploi du temps chargé d'un père célibataire, j'ai réussi à emmener les enfants faire du vélo au parc après l'école. rien ne vaut le sourire de léa et tom lorsqu'ils pédalent avec enthousiasme, tandis que j'admire leur énergie débordante. grâce à l'efficacité de notre tramway local, nous sommes rentrés juste à temps pour le dîner, le transport en commun étant véritablement notre allié dans cette vie bien remplie. c'est dans ces moments simples que je réalise à quel point ces loisirs partagés sont précieux pour notre petite famille. amicalement, marc|chier journal, en ceste journée, malgré l'emploi du temps chargé d'ung père célibataire, ay-je réussi à mener les enfans querre à bicycle au parc après l'escole. nulle chose ne vault le sourire de léa et tom quant ils pédalent ainsy en enthusiasme, tandis que j'admire leur vigueur débordante. par l'efficacité de nostre tramway local, fûmes revenus à temps pour le disner, le transport en commun estant véritablement nostre allié en ceste vie bien remplie. c'est en ces simples moments que je m'aperçoy combien ces esbattements partagés sont précieux pour nostre petite famille. amitié, marc
"ah, mes chers enfants, laissez-moi vous raconter une petite histoire de ma jeunesse, quand j'étais un jeune gaillard du nom de marcel. un jour, alors que le soleil se couchait sur notre petit village, mon vieil ami andré et moi avons décidé de grimper la vieille colline derrière chez nous, une tradition que nous avions depuis des années. arrivés en haut, on s'est assis sur ce vieux banc en bois, et tout en regardant le ciel s'embraser de mille couleurs, andré m'a pris la main et a dit : ""marcel, peu importe où la vie nous mènera, sache que notre amitié est un trésor que je chérirai jusqu'à mon dernier souffle."" ces mots, je ne les ai jamais oubliés, et même aujourd'hui, ils réchauffent mon cœur comme un bon feu de cheminée en plein hiver."|"ah, mes chiers enfans, laissez moy vous raconter une petite hystoire de ma jeunesse, quant j'estois ung jeune galliard nommé marcel. ung jour, lors que le soleil se couchoit sur nostre petit village, mon vieil amy andré et moy mesmes délibérâmes de monter la vieille colline derrière chez nous, une costume que nous avions puis maintes années. parvenus en hault, nous nous assîmes sur ce vieil banc de bois, et tout en regardant le ciel s'embraser de mille couleurs, andré me print par la main et dist : ""marcel, quelque part que la vie nous meine, sache que nostre amitié est un trésor que je chériray jusques à mon dernier souffle."" ces mots, je ne les ay oncques oubliés, et mesme aujourd'huy, ils réchauffent mon cueur comme un bon feu de cheminée en plein yver."
je m'appelle pierre, et entre deux réunions interminables et des alertes emails incessantes, j'ai décidé de tout plaquer un temps pour participer à un marathon à tokyo. c'était plus qu'une course ; c'était une odyssée où chaque kilomètre parcouru était une victoire sur le stress accumulé. en traversant les rues illuminées de cette ville fascinante, j'ai redécouvert le plaisir simple de courir, un souffle à la fois, et surtout, j'ai retrouvé un peu de moi-même que j'avais perdu parmi les gratte-ciel de la défense. ce voyage sportif m'a offert une sérénité que je n'avais pas ressentie depuis des années, me prouvant que parfois, il faut savoir s'évader pour mieux revenir.|je me nomme pierre, et entre deux assemblées sans fin et les avis courriels incessants, j'ay résolu de tout délaisser un temps pour prendre part à une course de marathon à tokyo. ce n'estoit pas seulement une course ; c'estoit une odyssée où chascun mille passé estoit une victoire sur le stress amassé. en traversant les rues illuminées de ceste ville merveilleuse, j'ay redécouvert le plaisir simple de courir, un souffle à la fois, et par-dessus tout, j'ay retrouvé un brin de moy-mesme que j'avois perdu parmi les hautes tours de la défense. cest voyage d'athlétisme m'a donné une sérénité que je n'avoye point sentie depuis moult années, me prouvant que parfois, il convient de s'évader pour mieulx retourner.
"salut, c'est léa  ! vous savez, quand vous êtes dans la cafétéria et que vous assistez à une ""bataille épique"" entre marie et son plat de spaghetti glissant ?  même les raviolis se retenaient de rire ! conclusion : dans un duel entre toi et tes pâtes, choisis toujours une pizza... elle ne se retourne jamais contre toi . #viedelycéenne #teampasta"|"salut, c'est léa  ! vous sçavez, quant vous estez en la caféterie et que vous veez une ""bataille épique"" entre marie et son plat de espaghettis glissans ?  mesmes les raviolis se tienoient de rire ! conclusion : en un duel entre toy et tes pastes, choisiz tousjours une pizza... elle ne se retournera jamès contre toy . #viedelycéenne #teampasta"
titre : quand le stress devient un loisir, ou comment rater une rencontre en beauté ah, paris! la ville lumière, où même nos loisirs se transforment en marathons d’anxiété. tenez, hier, j'ai décidé de m'accorder un rare moment de détente en participant à une rencontre amicale de pétanque au parc monceau – parce qu'après tout, rien de tel que de lancer des boules en métal pour déstresser, n'est-ce pas? évidemment, entre répondre à trois e-mails urgents et vérifier frénétiquement mes notifications linkedin, j'ai réussi à perdre à la fois la partie et le respect de mes compagnons de jeu. mais bon, au moins, j’ai appris que jongler entre carrière et loisirs est un art que je ne maîtrise toujours pas à 35 ans!|titre : quant le stresse devient un loisir, ou comment faillir une rencontre en beaulté ah, paris ! la cité de lumière, où mesmes noz esbattements se muent en marathons d’angoisse. sçavez-vous, hier, je me résolus à m’accorder ung rare moment de délassement en prenant part à une assemblée amicale de jeu de boules au parc monceau – car, à la vérité, rien de mieulx que de lancer des boules de metal pour se destraindre, n'est-ce pas ? évidemment, entre respondre à trois messages urgents et verifier avec frénésie mes nouvelles sur linkedin, je parvins à perdre à la fois la partie et l’honneur de mes compaignons de jeu. mais bon, au moins, j’apperceuz que jongler entre mestier et esbattements est une science que je ne maistrise point encores à trente-cinq ans!
mon cher antoine, je me souviens encore de notre première rencontre comme si c'était hier, avec ton sourire lumineux qui a illuminé mes vieux jours comme un rayon de soleil après la pluie. mais, hélas, notre dernière dispute m'a laissé un goût amer, et mon cœur fatigant se serre à l'idée que des mots malheureux aient pu ternir tant de souvenirs précieux. j'espère que nous pourrons un jour nous retrouver, main dans la main, et que le temps effacera les nuages de cette tempête passagère. avec tout mon amour, ton vieux papi, émile|mon très chier antoine, je me souviens encor de nostre première rencontre comme si c'estoit hier, avec ton sourire lumineux qui alluma mes vieux jours comme ung rayon de soleil après la pluie. mais, helas, nostre dernière querelle m'a laissié ung goût amer, et mon cueur las se serre à la pensée que des mots malheureux ayent peu ternir tant de souveignirs précieux. j'espéreroye que nous pourrons ung jour nous retrouver, main en la main, et que le temps effacera les nues de ceste tempeste passagere. avec tout mon amour, ton vieux papy, émile
je me souviens d'un après-midi particulièrement orageux à la bibliothèque où je travaille depuis des années, un lieu que j'affectionne pour son calme feutré. ce jour-là, une dispute éclata entre deux lecteurs acharnés au sujet de l'interprétation d'un passage de proust, chacun s'enflammant avec l'ardeur d'un critique littéraire. à travers mes lunettes discrètes, je ne pus m'empêcher de sourire intérieurement, me demandant comment une œuvre dédiée à la recherche du temps perdu pouvait susciter tant d'émotion immédiate. cette scène m'a rappelé que les livres, tout en étant des refuges silencieux, ont le pouvoir ironique de réveiller les passions les plus bruyantes.|je me souvins d’un après-midy particulièrement orageux en la librairie où je besongne dès maintes années, un lieu que j’affectionne pour son calme feutré. ce jour-là, une dispute s’éleva entre deux lecteurs acharnés touchant l’interprétation d’un passage de proust, chacun s’embrasant avec l’ardeur d’un critique littéraire. à travers mes lunettes discrètes, ne me peu empêcher de sourire en mon for intérieur, me demandant comment une œuvre dédiée à la recherche du temps perdu pouvait esveiller tant d’émotion subite. ceste scène me rappella que les livres, tout en estant des refuges silencieux, ont le pouvoir ironique d’esveiller les passions les plus bruyantes.
salut à tous, c’est sophie !  ce week-end, c’était la folie : entre le ballet des trajets pour les activités des enfants et l’organisation de l’anniversaire surprise de tom, j’ai l’impression d’avoir couru un marathon !  mais voir son sourire émerveillé valait bien toutes ces heures passées dans la voiture. allez, on reprend des forces pour la semaine qui recommence (et rêvons secrètement à la prochaine grasse matinée…) ! |saluz à tous, c'est sophie !  ce week-end, ce fut la folie : entre le ballet des trajets pour les activités des enfans et l'ordonnance de la feste surprise de tom, il me semble d'avoir couru ung marathon !  mais veoir son ris émerveillé valoit bien toutes ces heures passées en la charette. allez, on reprend des forces pour la sepmaine qui recommence (et songeons secrètement à la prochaine grasse matinée…) ! 
je m'appelle léa, et je me souviens encore de cette journée comme si c'était hier. j'avais 16 ans, l'âge où tout semble possible et où les règles paraissent faciles à ignorer. c'était un après-midi d'automne, et je l'ai rencontré près du vieux skatepark, là où je passais mes journées à rêver d'évasion. il s'appelait max, et avec lui, j'ai découvert une passion dévorante pour la musique, celle qui te prend aux tripes et ne te lâche plus, comme un cri de liberté dans un monde trop sage.|je m’appelle léa, et je me souviens encore de ceste journée comme si c'estoit hier. j’avois seize ans, l’aage où tout semble possible et où les reigles paroissent aisées à desdaigner. c'estoit un après-midis d’automne, et je le rencontrai près du viel skateparc, là où je passoie mes journées à rêver d’évasion. il s’appelloit max, et avec luy, je découvris une passion dévorante pour la musique, celle qui te prent aux tripes et ne te lache plus, comme un cri de liberté en un monde trop sage.
ah, mes chers petits-enfants, c'est votre papé rené qui vous parle. je me souviens des saisons d'antan, quand l'hiver apportait une neige aussi douce qu'une couverture en laine tricotée par mamie, et que l'été faisait chanter les cigales du matin au soir. aujourd'hui, tout semble avoir changé, mais je garde en moi ces souvenirs précieux, comme des trésors cachés dans les replis du temps. la météo, c'était un peu comme la vie : pleine de surprises, mais toujours fidèle au rendez-vous.|ah, mes chiers petiz enfanz, c'est vostre papé rené qui vous parle. je me souvien des saisons d'antan, quant l'yver apportoit une neige aussi douce qu'une couverture en laine tricotée par mamie, et que l'esté faisoit chanter les cigales du matin au soir. hui, tout semble avoir changé, mais je garde en moi ces souvenirs précieux, comme des trésors cachés en les replis du temps. la météo, c'estoit un peu comme la vie : pleine de surprises, mais tousjours fidèle au rendezvous.
titre : quand le destin frappe à la porte salut les petits loups ! ici mamie jeanne, votre grand-mère connectée préférée. laissez-moi vous raconter la fois où j'ai croisé le chemin de jean-pierre lors d'un concert de jazz, un soir d'été. ses yeux pétillaient comme un bon champagne, et j'ai su que cette rencontre changerait ma vie. ah, la magie des instants volés... voilà, juste un petit morceau de mon cœur pour vous aujourd'hui. bisous !|titre : quand le destin heurte à la huys salutz mes petiz loupz ! cy est mamye jeanne, vostre aïeule connectée de cuer. laissez moy vous raconter la foys où je rencontray jean-pierre en ung concert de jazz, une vesprée d'esté. ses yeux pétilloient comme bon vin d'eschamp, et je sceu que ceste rencontre changeroit ma vie. ah, la magie des instans raviz... voilà, ung petit morceau de mon cuer pour vous céans. baisers !
salut, c'est jade, l'âme vagabonde. tu sais, en parcourant ces paysages infinis, j'ai pris l'habitude de me lever avec le soleil, cette première lumière qui éclaire mon carnet de voyage, où chaque jour est une nouvelle page à écrire. c'est drôle comme le travail acharné pour capturer l'essence d'un lieu m'a appris à savourer chaque instant, à transformer chaque kilomètre en souvenir indélébile. l'aventure, c'est un peu comme une vieille amie, elle te défie, te façonne, et à chaque aurore, elle te murmure que la plus belle destination, c'est celle que tu n'as pas encore découverte.|salut, c'est jade, l'âme errante. tu sçais, en chevauchant ces paisages infinis, j'ay prins l'habitude de me lever avec le soleil, ceste première lumière qui esclaire mon livre de voyage, où chascun jour est une nouvelle page à escripre. c'est estrange comme le labeur assidu pour comprandre l'essence d'un lieu m'a aprins à savourer chascun instant, à transmuer chascun mille en souvenir ineffaçable. l'aventure, c'est un peu comme une vieille amye, elle te deffie, te façonne, et à chascune aube, elle te murmure que la plus belle destination, c'est celle que tu n'as pas encore descouverte.
je m'appelle karim et je me souviendrai toujours de cette soirée d'été dans notre quartier. c'était l'anniv' de samir, on avait bricolé des guirlandes lumineuses entre les immeubles, et la musique de la sono résonnait entre les murs. tous les potes étaient là, on rigolait, on dansait, c'était comme si le monde s'arrêtait juste pour nous. la chaleur, la joie, et ce sentiment d'être invincible, c'était un moment magique qu'on n'oubliera jamais.|je me nomme karim et me souviendrai à jamais de celle soirée d’esté en nostre quartier. c’étoit l’anniversaire de samir, nous avions bricolé des guirlandes lumineuses entre les édifices, et la musique de la sonorité résonnoit entre les murs. tous les compaignons y estoient, nous riions, nous dansions, c’étoit comme si le monde s’arrestoit juste pour nous. la chaleur, la liesse, et ce sentiment d’estre invincible, c’étoit un moment magique que nous n’oublierons jamais.
cher journal, aujourd'hui, j'ai pris un moment pour réfléchir à cette habitude qui rythme mes matinées : la lecture d'un poème avec mon premier café. rien ne nourrit mieux mon esprit et mon cœur que ces vers qui dansent sous mes yeux et réveillent en moi cette flamme d'amour pour la langue française. chaque matin, je redécouvre la magie des mots, et cela m'inspire à transmettre cette passion ardente à mes chers élèves. avec enthousiasme, monsieur dupuis|chier journal, hui, j'ay prins ung moment pour réfléchir à ceste coustume qui ordonne mes matinées : la lecture d’un poëme avec mon premier café. rien ne nourrit mieulx mon esprit et mon cueur que ces vers qui dansent dessoubz mes yeulx et esveillent en moy ceste flamme d’amour pour la langue françoise. chascun matin, je redécouvre la magie des mots, et ce me inspire à transmettre ceste passion ardente à mes chers escoliers. avec enthousiasme, messire dupuis
yo tout le monde, c'est léa . franchement, la météo est grave chelou en ce moment, un coup il pleut, un coup y a du soleil . mais bon, ça me stoppe pas pour mes balades nocturnes en skate . rien de tel que le vent frais dans les cheveux pour me sentir vivante, même si maman râle toujours . #rebellife #vivreàfond|salut à tous, c’est léa . véritablement, le temps est moult étrange en ces jours, tantôt il pleut, tantôt le soleil luit . mais cela ne me sçait point arrêter pour mes chevauchées nocturnes en patin . nul plaisir plus grand que le vent frais en les cheveux pour me sentir vive, bien que ma mère souvent gronde . #viederebelle #vivrepleinement
eh ben, un jour, alors que j'étais en train de réparer une vieille charrette pour la famille dubois, ma sœur louise est arrivée en trombe dans l'atelier, rouge comme une tomate bien mûre. elle s'est mise à se disputer avec notre frère marcel à propos d'un vieux pot de confiture que mamie avait caché derrière les bocaux de cornichons. moi, en bon artisan, j'ai continué à marteler mon fer, en les écoutant d'une oreille distraite, jusqu'à ce que marcel, dans un élan de génie, propose de partager la confiture pendant le prochain repas dominical. et là, comme par magie, la dispute s'est envolée aussi vite qu'elle était venue, et moi, j'ai hérité d'une bonne tranche de rire et d'un pot de confiture.|un jour adoncques, tandis que je besongnois à racommoder une vieille charrette pour la famille dubois, ma sœur louise survint à la volée en l'atelier, rouge comme une tomate bien meure. elle commença à se quereller moult fort avec nostre frère marcel touchant un vieux pot de confiture que nanny avoit caché derrière les pots de cornichons. moy, en bon ouvrier, continuoye à marteler mon fer, les escoutant par aventure d'une oreille distraicte, jusques à ce que marcel, en saigne de génie, proposa de départir la confiture lors du prochain repas dominical. lors, par une manière de magie, le débat s'évanouit aussi prestement qu'il estoit advenu, et moy, recueillis une bonne tranche de risée et d'un pot de confiture.
ah, mes chers amis, que de souvenirs nous avons partagés ensemble ! je me souviens d'un été, il y a bien des années, où nous avions décidé de camper au bord du lac. c'était une époque où nos rires résonnaient plus fort que nos soucis, et où le futur semblait être une promesse infinie. aujourd'hui, à 75 ans, je me remémore ces instants avec une douce nostalgie, chérissant chaque moment passé avec eux comme un trésor inestimable.|ah, mes chiers amys, que de soevnirs avons-nous partagé ensemble ! je me souvien d’un esté, il y a maintes années, où nous avions délibéré de campir au bort du lac. c'estoit ung temps où noz ris resonnaient plus fort que noz curez, et où le futur sembloit estre une promesse infinie. hui, à l’aage de septante et cinc ans, je me rememore ces instants avec une doulce nostalgie, chérissant chascun moment passé avec eulx comme ung tresor inestimable.
titre : les tribulations d’un étudiant en médecine épuisé salut, moi c'est thomas, étudiant en quatrième année de médecine. les journées commencent à se fondre les unes dans les autres, une suite interminable de cours, de gardes et de nuits trop courtes. entre les révisions et les consultations, je me demande parfois si j'ai encore une vie en dehors de l'hôpital. pourtant, chaque sourire d'un patient me rappelle pourquoi je fais tout cela.|titre : les tribulations d’un estudiant en médécine épuisé salut, moi suis thomas, estudiant en quatriesme année de médécine. les journées commencent à se fondre les unes és autres, une suite interminable de leçons, de gardes et de nuiz trop courtes. entre les révisions et les consultations, me demande parfois se j'ay encore vie hors de l'ospital. néansmoins, chascun sourire d'un patient me remembre pourquoy je fais tout cela.
salut, c’est moi, lucas ! alors, hier soir, c’était vraiment magique à l’anniversaire de léa. les lumières brillaient de mille couleurs et ça m’a fait sentir comme si j’étais dans un conte de fées. j’étais tellement heureux que j’avais l’impression que mon cœur allait exploser de joie. on a dansé et rigolé, et c’était comme si le temps s’était arrêté juste pour nous.|saluz, c’est moy, lucas ! or, hier au soir, ce feust moult magique à la feste d’anniversaire de léa. les clartés resplendissoient de mille couleurs et ce me fist sentir comme se j’estoie en un conte de fées. j’estoie tantost aise que j'avoye l’impression que mon cœur alloit esploser de joie. nous avés dancé et ri, et ce feust comme se le temps s’estoie arresté seulement pour nous.
je me souviens encore de ces soirées où, après avoir mis les enfants au lit, je m'installais enfin avec une tasse de thé tiède pour trier les dizaines de photos numériques accumulées sur mon ordinateur. chaque clic me replongeait dans les moments précieux de notre quotidien, mais je me retrouvais souvent à me battre avec la technologie, pestant contre une connexion internet capricieuse ou un logiciel qui refusait de coopérer. parfois, je me demande si j'arriverai un jour à être à jour dans l'organisation de ces souvenirs, mais ensuite je me rappelle que le plus important, c'est de les avoir vécus.|je me souviens encore de ces soirées où, après avoir mis les enfans au lit, je m'asseois enfin avec une tasse de thé tiède pour trier les dizaines de peintures numériques accumulées sur mon ordinaire. chascun clic me replongeoit en les moments précieux de nostre quotidien, mais je me retrouvois souvent à me combatre avec la technologia, pestant contre une connexion internet capricieuse ou un logiciel qui refusoit de cooperer. parfois, je me demande si j'arriveray ung jour à estre à jour en l'organisation de ces souvenirs, mais ensuite je me rappelle que le plus important, c'est de les avoir vécus.
salut, je m'appelle léa et j'ai 12 ans. l'autre jour, j'ai piqué le téléphone de papa pour essayer une appli de réalité augmentée. c'était dingue de voir un dinosaure dans notre salon ! j'ai hâte d'avoir mon propre téléphone pour explorer plein d'autres trucs comme ça.|salutations, je me nomme léa et ay douze ans. l'autre jour, empris le téléphon de mon père pour essayer une application de réalité augmentée. c'estoit merveilles de veoir un dinosaure en nostre salon ! ay grand désir d'avoir mon propre téléphon pour explorer maintes autres choses ainsi.
"je m'appelle henri, et en découvrant cet internet dont tout le monde parle, un souvenir m'a frappé comme une vieille photo retrouvée dans un grenier poussiéreux. c'était l'été 1963, le jour où marie m'a dit ""oui"" devant ce petit autel à l'église de notre village. le soleil brillait de mille feux, et même si nos moyens étaient modestes, nos cœurs débordaient de richesses que rien n'aurait pu acheter. ah, ce jour-là, j'ai vraiment senti que l'amour, c'est le plus beau trésor de la vie."|"je me nomme henri, et en découvrant ceste invention moderne qu’est l’internet, dont chascun parle, une souvenance me est venue comme une antique image retrouvée en ung grenier poudreux. c’étoit l'esté de l'an mil neuf cens soixante-trois, le jour où marie me dist ""oui"" devant ce petit autel en l'églyse de nostre village. le soleil resplendissoit de mille feux, et encor que nos moyens fussent modestes, nos cœurs estoient pleins de richesses que rien ne eust peu acquérir. ah, ce jour là, je sentis vraiment que l'amour est le plus bel trésor de la vie."
salut, je m'appelle emma ! hier, j'ai été à l'anniversaire de ma meilleure amie, léa. on a joué à plein de jeux dans le jardin, et il y avait même un trampoline ! le soir, on a fini par danser dans le salon avec des lumières qui clignotaient partout. c'était trop cool et je me suis bien amusée !|certes, je me nomme emma ! hièr, fûs-je à la feste d'anniversaire de ma mie, léa. jouames moult jeux en le jardin, et y avoit mesmes un trampoline ! au vespre, finîmes par dancer en la sale avec des lumyères clignotantes partout. ce fût moult bel et me suis bien esbattue !
je m'appelle camille et je suis en troisième année aux beaux-arts. hier soir, alors que je travaillais sur un projet en écoutant ma playlist préférée sur mon vieux lecteur mp3, j'ai reçu un message inattendu de lucie, une amie de lycée que je n'avais pas vue depuis des années. grâce à la magie d'une simple notification, j'ai senti une vague de nostalgie m'envahir, comme si la technologie avait le pouvoir de ressusciter des souvenirs enfouis et de raviver des émotions que je croyais perdues. c'est fou comme un petit bip peut transformer une soirée solitaire en une explosion de couleurs et de souvenirs partagés.|je me nomme camille et suis en tierce année ès beaux-arts. hier au vespre, lors que je besognois sur un ouvrage en écoutant ma liste de morceaux chéris sur mon vieil lecteur de musique, je receus un message inopiné de lucie, une amie de collèges que je n'avoye point veue depuis maintes années. grâce à la magie d'une simple notification, je sentis une vague de nostalgie m'assaillir, comme se la technologie eût le pouvoir de ressusciter des souvenances enfouies et de raviver des émotion que je cuidois perdues. c'est folie comment un petit bip peut transformer une soirée solitaire en une explosion de couleurs et de souvenances partagées.
je m'appelle marcel dubois, et en tant que forgeron dans ce petit coin de campagne, je trouve mes loisirs dans la simplicité des choses. quand mes mains ne façonnent pas le fer, elles cherchent la terre dans le potager ou caressent les pages d'un bon livre. ces moments, loin du bruit des marteaux, sont précieux; ils nourrissent mon esprit et m'ancrent un peu plus dans cette terre que j'aime tant. les loisirs, voyez-vous, c'est le temps qu'on s'accorde pour mieux revenir à l'essentiel.|je me nomme marcel dubois, et en tant que forgeur en ce petit lopin de campagne, je treuve mes esbattements en la simplicité des choses. quand mes mains ne façonnent point le fer, elles cherchent la terre en l’ort ou carressent les feuils d’un bon livre. ces moments, loing du bruit des marteaux, sont précieux; ils nourrissent mon esprit et m’ancrent un peu plus en ceste terre que j’aime tant. les esbattements, voyez-vous, c’est le temps qu’on s’accorde pour mieulx revenir à l’essentiel.
"ma chère élise, ah, la famille ! toujours un bonheur sans faille, n'est-ce pas ? comme j'aime ces délicieuses discussions sur qui a mangé la dernière part de tarte ou qui a ""emprunté"" le vase de la tante gertrude sans jamais le rendre. mais souviens-toi, ma chérie, rien ne vaut l'amour familial, même si parfois il ressemble plus à une comédie qu'à un roman d'amour. avec toute ma tendresse ironique, mamie lucette"|"ma chiere élise, ah, la famille ! tousjours ung bonnheur sans faille, n'est-ce mieulx pas ? comme j'ayme ces délectables parlemens sur qui avoit mengié la dernière portion de tarte ou qui avoit ""emprunté"" le vase de la tante gertrude sans oncques le rendre. mais souviens-toy, ma chiere, rien ne vault l'amour familial, mesmes se parfois il ressemble plus à une comédie qu'à ung rommant d'amour. avec toute ma tendresse ironique, mamye lucette"
bonjour, je m'appelle albert, j'ai 72 ans et je viens de découvrir cet étonnant internet dont tout le monde parle. l'autre jour, en regardant par la fenêtre, j'ai vu le ciel se couvrir de nuages gris, et ça m'a rappelé une promenade avec ma chère hélène, il y a de cela bien des années. nous étions jeunes, insouciants, et nous dansions sous la pluie, riant comme des enfants, ignorant le monde autour de nous. aujourd'hui, chaque goutte qui tombe me chuchote les souvenirs d'un amour éternel, et je me surprends à sourire à travers mes larmes.|bien le bon jour, je me nomme albert, j'ay l'âge de septante et deux ans et viens de descouvrir ceste merveilleuse invention nommée l'internet, de laquelle toutes gens devisent. l'autre jour, en regardant par la fenestre, je vis le ciel se couvrir de nues grisâtres, et cela me remembra une promenade avec ma chère hélène, il y a moult années. nous estions jeunes, sans soing, et dansions soubz la pluye, riant comme enfans, nonchaloir du monde à l'entour de nous. à cestuy jour, chascune goutte qui cheoit me murmure les souvenances d'un amour éternel, et je m'esbahis de sourire à travers mes larmes.
objet : préparation mentale et physique pour le voyage ultime ! salut l'équipe, c'est marcel le musclé ici ! juste pour vous dire que je prépare ma valise avec autant de rigueur que mon programme de squats : chaussettes roulées façon haltères et snacks organisés comme un repas protéiné. qui savait que soulever des valises à l'aéroport était la première épreuve de mon nouvel entraînement cardio ? prêts à relever le défi, ou dois-je aussi vous réserver des tickets pour la salle de gym de l'hôtel ? à bientôt pour de nouvelles aventures musclées !  marcel|objet : préparacion mentale et physique pour le veyage ultime ! salut à la compagnie, c'est marcel le musclé qui vous salue ! je vous faict sçavoir que je prépare ma male avec autant de diligence que mon programme de escoyez : les choulx roulées en manière de haltères et les friandises ordonnées comme un repas de protéine. qui eust cuidé que lever des malles à l'aèroport feust la première épreuve de mon nouvel exercice de cardio ? estes-vous prests à affronter ce défi, ou vous fault-il que je vous réserve aussi des billets pour la gymnase de l'hostel ? adieu jusques à tant pour nouvelles aventures musclées !  marcel
yassine ici. j'repense souvent à ce jour où on s'est tous posés au parc, entre potes, à refaire le monde sous un ciel orangé. c'était simple, sans chichis, juste nous et nos rires qui fusaient dans l'air du soir. ces moments-là, ça te marque à vie, comme si le temps s'arrêtait juste pour qu'on profite une dernière fois ensemble.|yassine céans. moult souvent je pense à ce jour où nous nous asséames ensemble au parc, entre compagnons, à deviser du monde soubz un ciel orangé. cestoit simple, sans afféteries, seulement nous et nos risées qui s'eslevoient en l'air du soir. ces moments-là, ilz te marquent à vie, comme se le temps s'arrestoit juste pour que nous en jouissions une dernière fois ensemble.
objet : objectifs et motivation pour la semaine à venir salut l'équipe, j'espère que vous allez tous bien ! cette semaine, je suis plus motivé que jamais à repousser mes limites. mon objectif est de battre mon record personnel lors de notre prochaine compétition. je compte sur votre soutien et vos encouragements pour rester concentré et discipliné. ensemble, on peut atteindre des sommets ! à bientôt sur le terrain, lucas|objet : desseings et incitation pour la sepmaine advenir salutz à la compaignie, espoir ay-je que vous vous portez tous bien ! ceste sepmaine, plus que onques, suis-je animé d'une ardeur à franchir mes limites. mon desseing est de surmonter mon propre record lors de nostre prochaine joute. je me fie à vostre appuy et a vos exhortacions pour demourer atentif et discipliné. ensemble, nous pouvons toucher les haults cieux ! a tantost sus le champ, lucas
"salut léa, tu sais, c'est carrément fascinant de voir comment une simple partie de badminton peut tourner en session de boxe émotionnelle. la prochaine fois, je te promets d'utiliser mes compétences en lancer de raquette pour résoudre nos désaccords comme une vraie pro du sport. qui aurait cru que le badminton était le sport le plus intense de notre amitié, hein ? bref, à demain pour une nouvelle session de ""thérapie sportive"". bisous, chloé"|"salutation léa, sçayz-tu, il est moult émerveillant de veoir comment une simple partie de jeu de volant peut tourner en session de boxe émotionnelle. la prochaine foiz, je te promets d'user de mes compétences en lancer de raquette pour résoudre noz désaccordz comme une vraie maîtresse du sport. qui eût creu que le jeu de volant fust le sport le plus intense de nostre amitié, n'est-ce pas ? bref, à demain pour une nouvelle session de ""thérapie sportive"". baisers, chloé"
cher journal, je m'appelle marcel, et aujourd'hui, à 72 ans, je découvre ce drôle de monde qu'est l'internet. en fouinant parmi mes vieux souvenirs, je me remémore mes années d'études, ces moments où je dévorais les livres à la bibliothèque de l'université, rêvant déjà d'horizons lointains. ces voyages que j'ai finalement entrepris, une fois mon cartable rangé au placard, m'ont offert des leçons bien plus grandes que celles des amphithéâtres. maintenant, grâce à cet écran lumineux, je revis ces aventures d'antan, avec la même étincelle dans les yeux.|cher journal, me nomme marcel, et en ce jour, à l'aage de soixante et douze ans, descouvre ce monde estrangé qu'est l'internet. en cherchant parmi mes viels souvenirs, me remembraie de mes années d'estude, ces moments où devoroie les livres à la librairie de l'université, songeant desjà à d'lointains horizons. ces voyages que finalement entrepris, une fois mon cartable rangé en l'armoire, me donnèrent des leçons moult plus grandes que celles des amphithéâtres. ore, par la grace de cet eschran lumineux, revif ces aventures d'antan, avec la mesme étincelle en l'ueil.
cher journal, aujourd'hui, j'ai eu la révélation que la vie adulte doit être absolument palpitante. imagine, jongler entre un travail passionnant où tu es payé en monnaie de singe pour enrichir ton patron, et un logement incroyablement spacieux, où tu peux presque étendre les bras sans toucher les murs. vraiment, je trépigne d'impatience à l'idée de devenir grande. avec une ironie non dissimulée, clara|chier journal, en ceste journée, ay-je eu la révélacion que la vie de personne d'age doit estre moult palpitante. imaginons, jongler entre un mestier passionnant où l'on est payé en monnoie de sengle pour enrichir le sien maistre, et un logis incroyablement espacé, où l'on peut presque estendre les bras sans toucher les murs. vrayment, je trépigne d'impatience à l'idée de deüenir grande. auec une ironie non dissimulée, clara
je m'appelle marc, père célibataire et fervent adepte de l'organisation minutieuse. un jour, alors que je bouclais les derniers préparatifs du dîner après une journée bien remplie, une rencontre inattendue a eu lieu au parc en bas de chez nous. camille, une voisine que je saluais parfois en coup de vent, s'est arrêtée pour discuter alors que nous étions en train de jouer avec léa. ce petit échange spontané a illuminé ma journée et m'a rappelé l'importance de laisser parfois place à l'imprévu dans notre emploi du temps si bien rodé.|je me nomme marc, père simple et fervent amateur de l'ordonnance soigneuse. un jour, lors que je concluois les derniers apprêts du souper aprés une journée bien emplie, une rencontre inopinée advint au parc au pied de nostre logis. camille, une voisine que parfois je saluois en hâte, s'arrêta pour deviser alors que nous jouions avec léa. ce petit parlement spontané resplendit ma journée et me rappela l'importance de laisser place à l'imprévu en nostre emploi du temps si bien mené.
salut, je m'appelle léa et j'ai 12 ans. parfois, je me demande pourquoi les émotions font comme des vagues dans ma tête. un jour, je suis super joyeuse, et le lendemain, je me sens toute triste sans raison. c'est un peu comme si mes émotions voulaient me faire découvrir un monde secret que je ne comprends pas encore.|salut, je me nomme léa et ay douze ans. parfoys, je me demande pourquoy les émotions font comme vagues en ma teste. ung jour, suis moult joyeuse, et le lendemain, me sens toute triste sans cause apparente. c'est quelque peu comme si mes émotions vouloyent me faire descouvrir un monde secret que je ne comprens pas encore.
salut, c'est marc, papa de léa et lucas. ce matin, en préparant le petit-déjeuner, j'ai utilisé notre assistant vocal pour la playlist préférée des enfants. les yeux écarquillés de léa en entendant sa chanson préférée à peine sortie du lit, et lucas qui se met à danser avec son bol de céréales à la main, ça n'a pas de prix ! la technologie, franchement, c'est devenu mon meilleur allié pour transformer nos matins en moments magiques.|salut, c'est marc, père de léa et lucas. ce matin, en appareillant le petit disner, ay usé nostre aidant vocal pour la liste de choses à ouïr que les enfans prisent le plus. les yeulx esbahis de léa en oïant sa chancon prisée à peine fors du lit, et lucas qui se boute à dancer avec son escuelle de simençons en la main, cela n'a point de pris ! la technologie, en verité, est devenue mon meilleur compaing pour muer nos matins en moments merveilleux.
chère sophie, aujourd'hui, j'ai découvert que jongler entre les devoirs de maths de lucas, le projet de sciences de clara, et l'invasion de chaussettes orphelines dans le salon est une forme d'art que même picasso n'aurait pas maîtrisée ! si l'éducation est la clé de l'avenir, je pense avoir verrouillé toutes les portes et égaré les clés sous la pile de linge à repasser. ah, la vie trépidante d'une mère étudiante en gestion du chaos ! bises, marie|chère sophie, en ce jour, j’ay descouvert que jongler entre les devoirs de mathématiques de lucas, le project de sciences de clara, et l’envahissement de chausses orphelines en la salle est une manière d’art que mesmes picasso n’eust pas maîtrisée ! se l’enseignemence est la clef de l’avenir, je croy bien avoir verrouillé toutes les portes et esgaré les clefs dessoubs la pile de linge à repasser. ah, la vie trépidante d'une mère écolière en la gestion du chaos ! baisers, marie
ma chère petite émilie, en contemplant la pluie qui danse sur les carreaux de ma fenêtre, je me souviens des doux étés de mon enfance, où le vent chaud caressait nos visages et les blés ondulaient comme une mer dorée. chaque saison avait son charme, mais c’est sous les cieux capricieux de l’automne que je trouvais le plus de réconfort, en savourant un bon chocolat chaud tout en écoutant les feuilles chanter leur adieu. prends soin de toi, ma chérie, et n'oublie pas de prendre le temps de savourer ces petits plaisirs que seule la nature sait nous offrir. avec toute mon affection, mamie jeanne|ma très chiere petite émilie, en contemplant la pluye qui dance sur les carreaux de ma fenestre, me resouviens des doulz estéz de mon enfance, où le vent chault carressoit noz visaiges et les blés ondoyoyent comme une mer dorée. chascune saison avoit son charme, mais c’est soubz les cieulx capricieux de l’autonne que je trouvoye le plus de réconfort, savourant un bon chocolat chault tout en escoutant les fueilles chanter leur adieu. aye soing de toy, ma chière, et n'oublie pas de prendre le temps de savourer ces petiz plaisirs que seule nature sait nous offrir. avec toute mon affection, mamye jeanne
cher antoine, en repensant à nos matchs de tennis d'été, je ressens une douce nostalgie, semblable à celle d'une sauce mijotée lentement, où chaque moment passé ensemble était une épice délicate. la brise légère sur le court, mêlée au parfum des arbres en fleurs, était aussi parfaite qu'une cuisson à point, et je trouve que ces souvenirs ont un arrière-goût de bonheur, aussi riche et satisfaisant qu'un plat cuisiné avec amour. le ciel bleu, tel une toile sans défaut, m'inspire aujourd'hui encore à rechercher cette précision dans chaque assiette que je sers. avec affection, chef lucien|chier antoine, en me remembrant de noz jeux de paulme d’esté, je ressens une doulce nostalgie, semblable à celle d’une saulce lentement cuite, où chascun moment passé ensemble estoit une espice déliée. la doulce bise sur le court, meslée au parfum des arbres en fleurs, estoit aussi parfaicte qu’une cuysine bien conduite, et je treuve que ces souvenances ont ung arrière-goût de bonheur, aussi riche et satisfactorie que ung plat cuisiné avec amour. le ciel bleu, tel une toile sans deffault, m’inspire aujourd’huy encore à quérir ceste précision en chascune assiette que je sers. avec affection, chef lucien
alors voilà, moi c’est léa, et j’ai cette manie de traîner tous les jours après les cours au skatepark du coin. un jour, alors que je m’apprêtais à essayer un nouveau trick, j’ai croisé un gars, lucas, qui semblait aussi passionné que moi. on a commencé à discuter et à se challenger, et c’est devenu notre rituel quotidien. depuis, chaque aprem, c’est notre petit crew de skateurs qui envahit le park, et c’est franchement stylé.|adoncques, voyez-vous, je suis léa, et ay telle manie de hanter chascun jour après les leçons au parc de patins du lieu. un jour, ainsi que je me disposoye à essayer une nouvelle manœuvre, je rencontray un jouvenceau, nommé lucas, qui sembloit aussi passionné que moy. nous commençames à deviser et à nous défier, et ce devint nostre rituel quotidien. depuis, chascun après-midi, c'est nostre petite bande de patineurs qui envahit le parc, et cela est moult élégant.
chaque matin, je vois arthur, le garçon de la classe à côté, s'arrêter devant le distributeur de boissons pour acheter un chocolat chaud. il a cette habitude de toujours souffler doucement dessus avant de boire, même si la température ne le nécessite pas vraiment. c'est un petit rituel qui, d'une certaine façon, le rend fascinant à mes yeux. je me demande souvent s'il se rend compte à quel point ces petits gestes peuvent raconter une histoire.|chascun matin, je voy artus, le garçon de la classe d'à côté, s'arrester devant le distributour de boissons pour achapter un chocolat chaud. il a ceste coustume de tousjours souffler doulcement dessus avant de boire, meisme si la temperature ne le requiert point vraiment. c'est un petit rituel qui, en quelque manière, le rend fascinant à mes yeux. je me demande souvent s'il se rend compte à quel point ces petits gestes peuvent raconter une histoire.
salut à tous, c'est clara, votre exploratrice intrépide préférée !  aujourd'hui, je vous parle de mes aventures en matière de logement autour du monde. j'ai dormi sous les étoiles dans le désert marocain, partagé des rires dans des auberges en colombie, et même appelé un van ma maison en nouvelle-zélande. chaque toit, qu'il soit fait de tôle ou de branches, a ajouté une saveur unique à mes voyages, me rappelant que le vrai luxe, c'est la liberté. |salut à tous, c'est clara, vostre espleoratrice intrépide préferée !  en ce jour, je vous entreparle de mes aventures touchant les logis autour du monde. j'ay dormy sous les estoiles en le desert marocain, partagé risées en hostelleries en colombie, et mesmes appelé une charette ma maison en nouvelle-zélande. chascun asyle, qu'il soit fait de tole ou de branches, a adjousté une saveur unique à mes voyages, me soubrvenant que le vray luxe, c'est la franchise. 
je m'appelle mathieu, et à 35 ans, je suis ce cadre parisien typique, constamment pris dans l'engrenage du métro-boulot-dodo. la semaine dernière, j'ai enfin pris le temps de m'évader en provence, loin du brouhaha incessant de la capitale. là-bas, entre les champs de lavande et les marchés colorés, j'ai redécouvert la saveur du temps qui s'étire, loin des réunions interminables et des deadlines oppressants. ces quelques jours m'ont rappelé l'importance de ralentir, de respirer, et de savourer chaque instant comme un bon vin.|je me nomme mathieu, et à trente-cinq ans, je suis cestuy cadre parisien typique, continuellement pris ès l’engrenage du métro-boulot-dodo. la sepmaine passée, j’ay enfin pris le temps de m’évader en provence, loing du brouhaha incessant de la capitale. là-bas, entre les champs de lavande et les marchés colorés, j’ay redécouvert la saveur du temps qui s’étire, loing des réunions interminables et des deadlines oppressants. ces quelques jours m’ont rappelé l’importance de ralentir, de respirer, et de savourer chascun instant comme un bon vin.
bien sûr, voici un texte pour un post nostalgique sur les réseaux sociaux : --- salut à tous, c'est marc. ce matin, en rangeant les cartons du grenier, je suis tombé sur les vieilles clés de notre premier appartement. ah, cette petite cuisine où j'apprenais à jongler entre les casseroles tout en écoutant les rires des enfants dans le salon... tant de souvenirs gravés dans ces quatre murs. parfois, je me demande si ce ne sont pas ces débuts modestes qui ont fait de notre maison un véritable foyer.  #souvenirs #nostalgie #papasolo|"certes, voici un texte pour ung poste nostalgique sur les réseaux : --- salut à tous, c'est marc. ce matin, en ordonnant les coffres du grenier, suis tombé sus les vieilles clefs de nostre premier logis. ah, ceste petite cuisine où j’apprenoye à jongler entre les pannes tout en escoutant les ris des enfans en la salle... tant de souvenirs gravés en ces quatre murs. parfois, me demande se ce ne sont mie ces commencements modestes qui ont fait de nostre maison ung véritable foyer.  #souvenirs #nostalgie #papaseul"""
cher journal, alors today, j'ai eu l'immense privilège de déguster un sublime repas fait par... ma chère appli de livraison. oui, parce que clairement, qui a encore besoin de savoir cuisiner quand on a un smartphone, hein ? et dire que mes ancêtres allumaient des feux pour manger... moi, je clique. vive la technologie, ou comment faire semblant d'être un chef sans jamais toucher une poêle ! - lucas, 18 ans, pro du micro-ondes dans le 93.|très cher journal, en ce jour, ay je eu l’immense privilège de savourer ung repas sublime, fait par ma chère application de livraisance. ouy, car il est certain, qui a encore besoing de sçavoir cuisiner quand on a ung esmartphone, n’est-ce pas ? et dire que mes aïeulx allumoient des feux pour prendre leur repas... moy, je cliquète. vive la technologie, ou comment faire semblant d’estre ung maistre queux sans jamais toucher une poêle ! - lucas, âgé de 18 ans, mestier du four à ondes dans le 93.
bonjour mes chères casseroles en ébullition, ici votre chef gustave marmiton, prêt à vous mijoter une petite anecdote sportive! imaginez-moi, le maestro des fourneaux, en train de jongler avec des haltères comme s'il s'agissait de baguettes de pain fraîchement sorties du four! et puis, que dire de ma tentative de course à pied... on aurait dit un soufflé qui retombe! mais rassurez-vous, je reste plus agile avec un rouleau à pâtisserie qu'avec une raquette de tennis! à vos fourchettes, prêts, dégustez!|bien le bon jour, mes chères casseroles en eschauffement, c'est vostre chef gustave marmiton, tout prest à vous acoustrer une petite anecdote sportive ! pensez à moy, le maistre des fournaux, jonglant avec des haltères comme se feussent des bastons de pain freschement tirés du four ! et puis, que dyrois-je de ma tentative de course à pied... on eust dit un soufflé qui retombe ! mais ne vous esmeuvez nullement, je demeure plus agille avec ung rouleau à paste qu'avec une raquette de tennis ! a vos fourchettes, prests, degustez !
je m'appelle léa, et je me souviens encore de ce jour au lycée où toute la classe a reçu des tablettes pour la première fois. c'était étrange de voir ces écrans remplacer nos cahiers, comme si on entrait dans le futur sans trop s'en rendre compte. je n'osais pas trop parler, mais j'observais mes camarades, fascinée par leur aisance à tout comprendre si vite, alors que je préférais encore l'odeur des pages de papier. c'était comme si la technologie devenait une nouvelle langue que j'essayais d'apprendre, une page du livre de l'avenir que je commençais à tourner doucement.|je me nomme léa, et me ressouvient encore de ce jour au lycée où toute la classe reçut des tablettes pour la première fois. ce fust estrange de veoir ces escrans remplaçer noz cahiers, comme si nous entrions en l'avenir sans trop nous en rendre compte. je n'osoye guères parler, mais observois mes compaignons, émerveillée par leur aisance à tout comprendre si prestement, alors que je préférasse encore l'odeur des pages de papier. ce estoit comme si la technologie devenoit une nouvelle langue que j'essayois d'apprendre, une page du livre de l'avenir que je commençoys à tourner doucement.
salut mes amours !  aujourd'hui, j'ai eu une petite dispute avec mon frère (vous savez combien je l'adore !) et ça m'a rappelé à quel point la famille est importante.  malgré nos différences, ma passion pour les voyages est toujours notre terrain d'entente, et discuter de notre prochain road-trip ensemble me remplit de joie !  n'oubliez jamais de chérir ceux que vous aimez, même quand les discussions s'enflamment un peu.  #familleavanttout #passionvoyage #lovewins|saluz mes amours !  en ceste journée, ay veu une petite discordance avec mon frère (vous sçavez combien je l’ayme !) et cela m’a recordé combien la famille est précieuse.  nonobstant nos différends, ma passion pour les voyages demeure nostre champ de concorde, et deviser de nostre prochain périple ensemble me comble de joye !  n'oubliez jamais de chérir ceulx que vous amez, mesmes quand les propos s’esmouvent quelque peu.  #familleavanttout #passionvoyage #amourtriumphe
hello mes étoiles !  ici lina, votre amoureuse du lifestyle. je me souviens encore de ce jour ensoleillé où j'ai rencontré emma au parc, nos rires résonnaient parmi les arbres alors qu'on partageait notre passion pour le yoga en plein air et les pique-niques faits maison. c'était une de ces rencontres magiques où l'on se connecte instantanément, et depuis, on ne rate jamais notre rendez-vous du dimanche pour explorer ensemble de nouveaux hobbies. ces petits moments de bonheur sont vraiment ce qui nourrit mon âme. |saluz mes estoilles !  c'est icy lina, vostre amoureuse des façons de vivre. je me souvien bien de ce jour ensoleillé où je rencontray emma ès bois, nos ris resonnoient parmi les arbres lors que nous partagiames nostre amoureuse de la gymnastique en plein air et les collations faites maison. ce fut une de ces rencontres magiques où nous nous conjoingnons d'instant, et depuis lors, nous ne manquons jamais nostre assignation du dimanche pour explorer ensemble nouveaux passe-temps. ces petiz momens de liesse sont vrayment ce qui nourrit mon âme. 
titre : réflexions d'un cadre stressé sur l'essentiel je m'appelle julien, j'ai 35 ans, et je vis dans le tourbillon incessant de la vie parisienne, entre réunions interminables et deadlines oppressantes. pourtant, chaque retour à la maison, chaque sourire de mes enfants et chaque moment partagé autour de la table avec ma femme me rappelle que la vraie richesse se trouve dans ces instants précieux. dans ce chaos qu'est ma vie professionnelle, ma famille est mon ancre, mon refuge, et la raison pour laquelle je continue à naviguer dans cette mer agitée.|titre : réflexions d'un cadre esmeu sur l'essentiel me nomme julien, ay 35 ans, et vis en la tourmente incessante de la vie parisienne, entre assemblées interminables et délais oppressants. toutefois, chascun retour à la maison, chascun sourire de mes enfans et chascun moment partagé autour de la table avec ma femme me remembre que la vraye richesse se trouve en ces instants précieux. en ce chaos qu'est ma vie professionnelle, ma famille est mon ancre, mon refuge, et la cause pour laquelle je continue à naviguer en cette mer agitée.
salut, je m'appelle jules. chaque été, ma famille et moi, on monte dans la vieille renault orange de papa pour aller chez mamie à la campagne. assis à l'arrière avec ma petite sœur léa, on joue à deviner la couleur des voitures qui nous doublent sur l'autoroute. j'adore ces voyages, parce qu'ils sentent le pain au chocolat du matin et la lavande que mamie met toujours dans ses armoires.|saluz, je me nomme jules. chascun esté, ma famille et moy, nous montons en la vieille renault orenge de mon père pour aler chez ma bonne mère en la campagne. assis au derriere avec ma petite seur léa, nous jouons à deviner la couleur des charettes qui nous devancent sur le grand chemin. j'ay moult affection pour ces voyages, car ils sentent le pain de chocolat du matin et la lavande que ma bonne mère met tousjours en ses armoires.
salut tout le monde ! c'est emma  aujourd'hui, entre deux pages de devoirs et un petit rayon de soleil, j'ai découvert que jongler entre le lycée et mes moments de lecture au parc, c'est un peu comme vivre deux aventures en même temps.  parfois, la vraie magie, c'est juste de trouver l'équilibre parfait entre nos rêves et nos responsabilités. vous aussi, vous avez ces moments où tout semble s'aligner comme par magie ?  #petitsbonheurs #lycéennerêveuse|salut à tous ceulx qui lisent ces parolles ! c'est emma  en ce jour, entre deux feuilletz de labeurs scolaires et un petit rai de soleil, j'ay descouvert que myener entre le collège et mes heures de lecture au parc, est quelque peu semblable à vivre deux aventures en mesme temps.  parfois, la vraye magie est seulement de trouver la juste balance entre noz songes et noz debvoirs. vous avez vous ces moments où tout semble s'accorder comme par enchantement ?  #petisjoys #escolièresongeuse
cher journal, omg, tu ne devineras jamais ce qui m'est arrivé aujourd'hui! alors, petite histoire : je suis retournée dans ce café hyper tendance où j'avais eu mon tout premier rendez-vous amoureux (genre, à 17 ans, les gars!), et là, je me suis pris une belle gamelle en essayant de recréer ma photo iconique de l'époque. résultat : j'ai renversé mon matcha latte sur un inconnu super mignon... et devine quoi ? c'était le même crush d'il y a huit ans !  #destin #oopsimetmycoffeecrush bisous pailletés, léa-licious |chier journal, par ma foy, tu ne devineras oncques ce qui m'est advenu ce jour ! or sus, petite histoire : je suis retournée en ce tavernacle moult à la mode où j'avois eu mon tout premier rendez-vous d'amours (à l'âge de dix-sept ans, mes compains !), et là, je fus moult malchanceuse en tentant de recréer une image mémorable de ceste époque. résultat : je répandis mon breuvage de thé vert sur un gentil bachelier... et devine quoi ? c'était le mesme galant de mes années d'adolescence, il y a huit ans passées !  #destin #hélasjerencontraimoncrushparmestin baisers étincelants, léa-licious 
salut, c'est maxime leblanc. hier soir, j'ai fait une pause dans mon entraînement rigoureux pour célébrer l'anniversaire de mon ami pierre. entouré de mes fidèles partenaires d'entraînement, j'ai réalisé que ces moments partagés sont aussi essentiels que mes heures passées sur le terrain. la camaraderie et le soutien de mes amis alimentent ma détermination, me rappelant que le chemin vers la réussite n'est rien sans ceux qui nous accompagnent.|saluz, c'est maxime leblanc. hièr soir, j'ay fait une pause en mon entraînement rigoureux pour célébrer l'anniversaire de mon amy pierre. environné de mes loyaux compaignons d'entraînement, je me suis avisé que ces moments partagés sont aussi essentiels que mes heures passées sur le champ. la compaignie et le soustien de mes amys nourrissent ma détermination, me remembrant que le chemin vers le succès n'est rien sans ceux qui nous escortent.
cher journal, aujourd'hui, j'ai repensé à ce moment où j'ai franchi la ligne d'arrivée de mon premier marathon. la douleur dans mes jambes était intense, mais la satisfaction d'avoir repoussé mes limites était inégalable. cette expérience a solidifié ma passion pour la course à pied et m'a appris que la discipline et la persévérance mènent toujours à la victoire. chaque jour, je me lève avec cette motivation brûlante de m'améliorer, un pas à la fois. alexandre|chier journal, en ceste journée, je suis remembré de l'instant où je passay la ligne d'achèvement de mon premier marathon. la douleur en mes jambes estoit grande, mais la satisfaction d'avoir dépassé mes limites estoit sans pareille. ceste expériance a affermi ma passion pour la course à pied, et m'a aprins que la discipline et la persévérance mènent tousjours à la victoire. chascun jour, je me lève avec ceste ardeur brûlante de m'améliorer, ung pas après l'autre. alexandre
chers lecteurs, ici philippe durand, votre professeur de français passionné par les belles lettres et les innovations culinaires. aujourd'hui, je souhaite partager avec vous mon émerveillement face à la fusion fascinante entre technologie et gastronomie. imaginez un monde où votre réfrigérateur intelligent vous suggère des recettes en fonction des ingrédients disponibles, ou où une application vous guide dans la réalisation d'un plat digne des plus grands chefs. ces avancées numériques transforment notre manière de cuisiner et rendent les repas à la fois plus accessibles et créatifs, tout en préservant la magie des saveurs partagées.|chiers lecteurs, icy philippe durand, vostre maistre de françois épris des belles lettres et des innovations culinaires. en ce jour, je désire partager avec vous mon émerveillement devant la merveilleuse fusion entre la technologie et la gastronomie. imaginez un monde où vostre frigidier sagace vous conseille des recettes selon les ingrédients disponibles, ou où une application vous guie en la confection d'un plat digne des plus grands chefs. ces progrès numériques transforment nostre manière de cuisiner et rendent les repas à la fois plus accessibles et créatifs, tout en préservant la magie des saveurs partagées.
dans la chaleur vibrante de ma cuisine, chaque ingrédient raconte une histoire, et chaque plat devient une symphonie soigneusement orchestrée. je suis lucien moreau, et je poursuis l'excellence avec la même passion que l'on mettrait à retrouver un amour perdu. chaque assiette qui quitte mon comptoir est le reflet de ma quête incessante de perfection, où chaque saveur doit toucher le cœur comme une mélodie bien-aimée. dans ce ballet culinaire, je m'efforce de transformer le travail quotidien en une œuvre d'art, espérant que chaque bouchée évoque un souvenir heureux chez ceux qui la dégustent.|en la chaleurs vibrantes de ma cuisinerie, chascun ingredient raconte une histoire, et chascun plat devient une symphonie soigneusement orchestree. je suis lucien moreau, et je poursuis l'excellence ainsy que l'on mettroit a retrouver ung amour perdu. chascun plat qui quitte mon comptouer est le reflet de ma queste incessante de perfection, où chascune saveur doit toucher le cœur comme une melodie bien-aymée. en ce ballet culinaire, je m'efforce de transformer le labeur quotidien en une œuvre d'art, esperant que chascune bouchée esvoque ung souvenir joyeux chez ceulx qui la degustent.
chers petits-enfants et amis, ici votre mamie jeanne, avec un cœur rempli de doux souvenirs. je me rappelle d'un été où, avec papy, nous avons dansé sous la pluie à l'ombre du grand chêne, riant comme des enfants. ces moments simples, où le monde semble s'arrêter et où le bonheur se cache dans les petites choses, sont les plus précieux. n'oubliez jamais de les chérir. avec tout mon amour, mamie jeanne |chiers petiz-enfans et amis, ici vostre mamye jeanne, avec un cueur empliz de doulx souvernirs. je me remembre d'un esté où, avec papie, nous dansasmes soubz la pluye à l'ombre du grant chesne, rians comme enfans. ces simples momens, où le monde semble s'arrester et où le bonnheur se cele en les petites choses, sont les plus précieux. n'oubliez ja mais de les cherir. avec tout mon amour, mamye jeanne 
bonjour à tous, ici roger dupont, un retraité qui se met doucement à internet ! après une vie à travailler dur, je découvre l'importance d'un chez-soi chaleureux où l'on peut se reposer et profiter de ses souvenirs. mais je me rends compte que pour beaucoup, trouver un logement décent est un vrai défi. prenons soin les uns des autres et espérons que chaque génération puisse trouver son nid douillet. |bien le bonjour à tous, céans roger dupont, un retraité qui s'adonne doucement à l'art d'internet ! après une vie de labeur, je découvre l'importance d'un chez-soi chaleureux où l'on peut se reposer et jouir de ses souvenirs. mais je m'avise que pour maints, trouver un logis décent est un vray défi. prenons soin les uns des autres et espérons que chascune génération puisse trouver son nid douillet. 
ah, mon cher petit ! laisse-moi te raconter une histoire de quand j'étais encore jeune et fringant, dans les années 60. je me souviens d'un été où notre équipe de foot avait remporté le tournoi local ; c'était l'époque où j'étais encore le gardien de but de la ville, avec mes réflexes légendaires, du moins c'est ce que disait mon ami rené. après notre victoire, on a organisé une grande fête dans le champ derrière la maison de marie, et je te promets que la musique et les rires résonnaient jusqu'au village voisin. on a dansé toute la nuit et, même si mes vieux genoux ne me le pardonnent pas aujourd'hui, je souris toujours en pensant à ces moments-là.|ah, mon cher petit ! laisse-moi te conter une histoire de lors que j'estoie encore jeune et fringant, ès années soixante. je me souviens d'un esté où nostre compagnie de jouers de balon avoit remporté le tournoi local ; c'estoit l'époque où j'estoie encore le portier de la cité, avec mes souples mouvements renommés, au moins c'est ce que disait mon compaignon rené. après nostre victoire, on a ordonné une grande feste ès champs derrière la maison de marie, et je te prometz que la musique et les ris résonnoient jusques au village prochain. on a dansé toute la nuit et, mesmement si mes vieulx genoux ne me le pardonnent pas aujourd'ui, je ris tousjours en pensant à ces moments-là.
bonjour à tous, ici marc, un père célibataire jonglant avec le travail, les devoirs et les repas en famille. chaque journée est une aventure, et l'organisation est ma meilleure alliée. entre les leçons de piano de léa et le football de hugo, je trouve toujours un moment pour une soirée jeux de société qui resserre les liens. la clé ? rester flexible et apprécier les petites victoires du quotidien.|salutations à tous, céans est marc, ung père célibataire qui gecte avec le labeur, les devoirs et les repas en famille. chascune journée est une aventure, et l'ordonnance est ma meilleure alliée. entre les leçons de clavicorde de léa et le jeu de paulme de hugo, je treuve tousjours un moment pour une vesprée de jeux de société qui resserre les lïens. la clé ? demeurer souple et priser les petites victoires du quotidien.
objet : un moment inoubliable salut [nom de l'ami], je voulais partager avec toi l'incroyable soirée d'hier, où discipline et passion se sont rencontrées lors de la fête. entre deux éclats de rire et quelques pas de danse, j'ai rencontré quelqu'un qui partage la même détermination et rigueur que j'applique sur le terrain. cette rencontre m'a rappelé que, tout comme dans le sport, les plus belles connexions naissent lorsque l'on est authentique et engagé. à bientôt sur le terrain ! amicalement, [prénom du sportif]|subject : un moment inoubliable salut [nom de l'ami], je te désiroye faire sçavoir l'incroyable soirée d'hier, où discipline et passion se rencontrèrent en la fête. parmi deux éclats de rire et quelques pas de danse, je rencontray quelqu’un qui partage la mesme détermination et rigueur que j’applique sur le pré. cette rencontre me rappella que, tout ainsi que en l'esport, les plus belles connexions naissent lors que l'on est véridique et engagé. à tantost sur le pré ! amicalement, [prénom du sportif]
yo, c'est mehdi. franchement, les potes, c'est la base dans la vie de tous les jours. entre les galères du lycée et les moments de chill au quartier, c'est eux qui rendent les journées moins reloues. c'est fou comme un simple foot au city ou un kebab partagé peut tout changer.|oyé, c'est mehdi. vrayment, amis, c'est le fondement en la vie de chascun jour. entre les tribulations du lycée et les moments de repos au quartier, ce sont eux qui rendent les journées moins ennuyeuses. c'est estrange comment un simple jeu de paume au cité ou un kebab partagé peut tout moult changer.
yo, c'est lola. j'me souviens de ces après-midis où on séchait les cours avec sarah pour aller gribouiller des conneries au parc. on se disait qu'on était des rebelles, mais en vrai, on parlait surtout de nos rêves et de comment un jour, on allait quitter ce trou paumé. c'était le bon vieux temps, où l'insouciance nous faisait croire qu'on avait tout le temps du monde.|oyé, c’estoient moy lola. me remembre de ces après-midis où nous faisions l’escole buissonnière avec sarah pour aler griffonner des foleyes au jardin. nous nous disions que nous estions des rebelles, mais en vérité, nous parlions surtout de noz songes et comment, un jour, nous quitterions ce hameau abandonné. c’estoient le bon vieil temps, où nulle souciance ne nous faisoit croire que nous avions tout le temps du monde.
"salut, c'est maxime ""la machine"" dupont. tous les jours, à 5 heures du matin, je m'élance pour mon jogging quotidien, convaincu que chaque foulée me rapproche de la perfection. l'ironie, c'est qu'en courant autour de notre résidence, je réalise que mon appartement est le seul endroit où je n'ai jamais besoin de bouger un muscle pour me sentir chez moi. ah, la discipline, c'est aussi savoir quand ne rien faire !"|"salut, c'est maxime ""la machine"" dupont. tous les jours, à 5 heures du matin, je m'élance pour mon jogging quotidien, convaincu que chaque foulée me rapproche de la perfection. l'ironie, c'est qu'en courant autour de notre résidence, je réalise que mon appartement est le seul endroit où je n'ai jamais besoin de bouger un muscle pour me sentir chez moi. ah, la discipline, c'est aussi savoir quand ne rien faire ! --- saluz, c'est maxime ""la machine"" dupont. chascun jour, à la cinquiesme heure du matin, je m'élance pour mon cours ordinaire, persuadé que chascune foulée me raproche de la perfection. l'ironie est que, en couraunt autour de nostre demeure, je aperçoy que mon logis est le seul lieu où je n'ay oncques mestier de mouvoir un muscle pour me sentir chez moy. ah, la discipline, c'est aussi sçavoir quant ne rien faire !"
cher journal, aujourd'hui, les souvenirs me bercent comme une douce mélodie. je repense à ces dimanches où la maison résonnait des rires de mes petits-enfants et des éclats de voix de mes amis venus partager un brunch improvisé. mon cœur moderne vibre encore de ces moments de complicité, et même si mes selfies ne capturent pas tout à fait la chaleur de ces instants, ils sont gravés en haute définition dans ma mémoire. à demain, mamie lila |chier journal, en ce jour, les souvenances me bercent ainsi qu'une doulce mélodie. je me ressouviens de ces dimenches où la maison résonnoit des ris de mes petiz-enfans et des éclats de voix de mes amis venus pour partager ung brunch improvisé. mon cueur moderne vibre encore de ces moments de compaignie, et mesmes si mes portraits ne capturent mie tout à fait la chaleur de ces instants, ils sont engravés en haulte définition en ma mémoire. à demain, mamye lila 
je me nomme éléonore, et je chéris le silence feutré des livres. un jour, en feuilletant un vieil ouvrage poussiéreux, je me suis souvenue de l'époque où je vivais dans un modeste appartement niché au cœur d'une ville bruissante. chaque matin, je montais dans un tramway d'époque, dont le charme suranné me transportait au-delà des simples trajets quotidiens. ces moments suspendus entre pages et rails m'ont enseigné la beauté des voyages immobiles, où l'âme trouve un refuge bien plus précieux qu'un toit.|je me nomme éléonore, et j'ay en grant amour le silence feutré des livres. ung jour, en feuilletant ung vieil ouvrage poussiéreux, je me suis ressouvenue du temps où je vivois en ung modeste logis situé au cœur d'une cité bruissante. chascun matin, je montois en ung tramway d'antan, dont le charme suranné me transportoit par-delà les simples trajets quotidiens. ces moments suspenduz entre pages et rails m'ont enseigné la beauté des voyages immobiles, où l'âme trouve ung refuge bien plus précieux qu'une couverture.
mes chers petits, laissez-moi vous raconter une histoire sur l'amitié, celle qui réchauffe le cœur comme une bonne tasse de thé un après-midi d'hiver. il était une fois, dans notre petit village, deux amis inséparables, jeanne et marguerite. elles partageaient tout, des rires aux larmes, et avaient pour habitude de se promener chaque dimanche au bord de la rivière, main dans la main. souvenez-vous toujours, mes enfants, qu'un véritable ami est comme une étoile qui brille, même dans les nuits les plus sombres.|mes chers petiz, laissez-moi vous raconter une histoire sur l’amistié, celle qui réchauffe le cueur comme une bonne tasse de thé un après-midy d’yver. il estoit jadis, en nostre petit village, deux amis inséparables, jehanne et marguerite. elles partageoient tout, des ris aux lermes, et avoient pour costume de se promener chascun dimanche au bort de la rivière, main en main. souvenez-vous tousjours, mes enfans, qu’un vray ami est comme une estoile qui reluit, mesmes en les nuiz les plus obscures.
bonjour, c'est lucien morel, votre chef dévoué. je me souviens d'une journée ensoleillée dans notre vieille cuisine familiale, où, enfant, j'ai préparé mon premier soufflé avec ma grand-mère. elle m'a appris que chaque pincée de sel et chaque tour de fouet portaient en eux une partie de notre âme. ce souvenir, doux comme un caramel bien cuit, me guide chaque jour pour infuser amour et passion dans chaque plat que je crée.|bon jour, cest lucien morel, vostre chief dévoué. je me souviengne d'une journée ensoleillée en nostre vielle cuisine familiale, où, enfançon, j'ay préparé mon premier soufflé avec ma grand-mère. elle m'a aprins que chascune piançée de sel et chascun tour de fouet portoient en eulx une partie de nostre âme. cest souviengne, doulx comme un caramel bien cuit, me guide chascun jour pour enfuser amour et passion en chascun plat que je crée.
ah, tu sais, mon petit, je me souviens du temps où j'étais encore derrière mon bureau, à l'époque où les ordinateurs commençaient à envahir nos vies. je m'appelle marcel, et à 75 ans bien sonnés, je me remémore ces journées où, avec mes collègues, on se regardait un peu perplexes devant ces machines qui prenaient plus de place que nos bons vieux classeurs. un jour, j'ai tapé mon premier rapport sur un traitement de texte, et là, j'ai compris que le monde du travail ne serait plus jamais le même. depuis, je sais que la technologie a ses caprices, mais elle a aussi transformé notre manière de bosser, pour le meilleur et parfois pour le pire.|ah, tu sçais, mon petit, je me souviens du temps où j'estoye encore derrière mon bureau, au temps où les ordinares commençoyent à envahir noz vies. je me nomme marcel, et à l'aage de soixante et quinze ans bien sonnés, je me remémore ces journées où, avec mes compaignons, nous nous regardions un peu perplexes devant ces machines qui prenoient plus de lieu que noz bons vieux clayeers. un jour, je frappai mon premier rapport sur un traictement de texte, et là, je compris que le monde du labeur ne serait plus jamès le mesme. depuis, je sçay que la technologia a ses caprices, mais elle a aussi transmué nostre manière de besongner, pour le meilleur et parfois pour le pire.
je suis armand delacroix, chef cuisinier et éternel apprenti des saveurs. à mes yeux, les études sont comme un roux délicat : il faut du temps, de la patience et une attention minutieuse pour bien les réussir. chaque livre feuilleté est un ingrédient ajouté à ma recette de connaissances, et chaque concept maîtrisé est une épice subtile qui rehausse le plat de ma compréhension. en cuisine comme dans la vie, c'est la quête incessante de la perfection qui nourrit mon âme, un repas à la fois.|je suis armand delacroix, maistre queux et éternel apprenant des saveurs. à mes yeux, les estudes sont comme un liant délicat : il faut du temps, de la pacience et une atencion soigneuse pour bien les parfaire. chascun livre feuilleté est un ingrédiënt adjousté à ma recette de cognoissances, et chascun concept maistrisé est une espice subtile qui rehausse le mets de ma compréhencion. en cuisine comme en vie, c'est la quête incessante de la perfection qui nourrit mon âme, ung repas à la fois.
chers élèves, ici votre humble serviteur, monsieur dupont, qui vous parle depuis les confins de ses souvenirs de voyage, où l’ironie se mêle à la nostalgie. ah, les voyages ! ce moment tant attendu où l'on quitte le confort de notre chez-nous pour affronter l'inconnu, armé de notre guide touristique et de notre inébranlable optimisme. je me souviens encore de ce superbe voyage en italie, où après avoir rêvé de déguster un authentique plat de pâtes, je me suis retrouvé dans un petit restaurant pittoresque... pour découvrir que le serveur, pris de panique, venait d'échapper toute une assiette de spaghetti dans mes genoux. n'est-elle pas merveilleuse, cette capacité qu'ont les voyages de transformer nos attentes en souvenirs inoubliables ?|chiers escholiers, icy vostre humble serviteur, messire dupont, qui vous parle des confins de ses souvenances de voyage, là où l'ironie s'entremêle à la nostalgie. ah, les voyages ! ce moment tant attendu où l'on quitte le confort de nostre chez-nous pour affronter l'inconnu, armé de nostre guide touristique et de nostre inébranlable optimisme. je me souviens encore de ce superbe voyage en italie, où après avoir songe de goûter un authentique plat de pastes, je me trouvay en une petite taverne pittoresque... pour découvrir que le varlet, pris de panique, venoit d'eschapper toute une escuelle de spaghettis en mes genoux. n'est-elle pas merveilleuse, ceste capacité qu'ont les voyages de transmuer nos attentes en souvenances inoubliables ?
cher journal, aujourd'hui, mon cœur est lourd de souvenirs et de contrariété. moi, gustave, maréchal-ferrant de mon état, j'ai vu ma bonne vieille forge éclipsée par ces machines ronflantes qui prétendent remplacer le savoir-faire de mes mains. la discussion avec mon fils, épris de ces nouvelles technologies, s'est envenimée; il ne comprend pas que l'odeur du fer chauffé et le chant du marteau sur l'enclume sont l'âme de notre métier. ah, si seulement les temps pouvaient ralentir, pour que l'on se souvienne de la valeur des gestes appris de nos ancêtres!|chier journal, hui, mon cueur est pesant de souvenances et de contrarieté. moy, gustave, maréchal-ferrant de mon estat, ay veu ma bonne vieille forge eclipsée par ces machines ronflantes qui prétendent remplacer le savoir-faire de mes mains. la discussion auec mon filz, épris de ces novelles technologies, s'est envenimée; il ne comprect pas que l'odeur du fer chauffé et le chant du marteau sur l'enclume sont l'âme de nostre mestier. ah, se seulement les temps pouvoient ralentir, pour que l'on se souvienne de la valeur des gestes aprins de noz ancestres!
ah, ma chérie, laisse-moi te raconter ce souvenir d’antan. c'était la veille de mon examen de maths, et au lieu de réviser, je me suis retrouvée à une fête chez mon amie lucette, la reine des soirées endiablées. on dansait sur les tubes des années 80, et tu sais quoi ? entre deux pas de danse, j'ai finalement compris cette fichue équation quadratique ! comme quoi, parfois, un bon twist vaut mieux qu'une nuit blanche sur ses bouquins.|ah, ma chiere, laisse moy te raconter ce souvenir d’antain. c’estoit la veille de mon espreuve de mathematiques, et au lieu de estudier, je me suis trouvée à une feste chez mon amye lucette, la royne des soirees endiablees. on dansoit sur les chanssons des ans huitante, et scay-tu quoy ? entre deux pas de dance, j'ay finalement comprins ceste male confraicte equacion quadratique ! comme quoy, parfoys, un bon carole vault mieulx qu’une nuict blanche sur ses livres.
cher journal, aujourd'hui, c'était la fête du goût, une célébration où chaque assiette devait être une sonate parfaite. tandis que les rires et les bavardages envahissaient la salle, moi, jacques leclerc, perfectionniste invétéré des fourneaux, j'ai ressenti ce tourbillon d'émotions, un mélange de fierté et d'angoisse, en voyant mes créations être dégustées. malgré les éloges, une petite voix intérieure chuchotait que chaque plat pouvait être meilleur, un rappel constant de mon engagement envers la perfection culinaire. pourtant, au milieu de cette danse de saveurs et de senteurs, j'ai compris que l'émotion la plus précieuse était de voir les convives savourer chaque bouchée, transformant ma quête de la perfection en un moment de pur bonheur partagé.|chier journal, en ceste jour, ce fu la feste du goult, une célébration où chascune assiette devoit estre une sonate parfaicte. tandis que ris et babilz envahissoient la salle, moy, jacques leclerc, perfectionniste invétéré des fourneaulx, ay ressenty ce tourbillon d'esmotions, un meslange de fierté et d'angoisse, en veoyant mes créacions estre dégustées. nonostante les loenges, une petite voix intérieure sousurroit que chascun plat povoit estre meilleur, un rappel constant de mon engagement envers la perfection culinaire. toutefois, au milieu de ceste dance de saveurs et de senteurs, ay congneu que l'esmotion la plus précieuse fu de veoir les convives savourer chascune bouchée, transformant ma queste de la perfection en un moment de pur bonheur partagé.
objet : quel tourbillon de journées ! salut alex, j'espère que tu vas bien ! tu ne devineras jamais ce qui s'est passé aujourd'hui à l'hôpital : entre deux cas urgents, on a eu une sacrée dispute avec paul au sujet du diagnostic d'un patient, et je dois avouer que ça a réveillé tout le service ! malgré l'épuisement, je me rends compte chaque jour à quel point j'adore ce que je fais, même si je rêve secrètement d'une nuit complète de sommeil. à bientôt, clara|objet : quel tourbillon de journées ! salut alex, espoir soit que tu ailles bien ! jamais ne devineras ce qui s'est passé céans l'hôpital : entre deux cas urgents, nous eûmes une belle rixe avec paul à cause du diagnostic d'un patient, et je dois avouer que cela éveilla tout le service ! malgré l'épuisement, je m'aperçois chaque jour combien j'adore ce que je fais, mais je rêve en secret d'une nuit entière de sommeil. à tantôt, clara
chère journal, aujourd'hui, j'ai l'impression de courir après le temps. entre les réunions zoom pour le boulot, les devoirs en ligne des enfants et les courses à commander via l'application, je me demande comment faisait maman sans toute cette technologie. pourtant, même avec tous ces gadgets censés nous simplifier la vie, je suis plus épuisée que jamais. un bon livre et un peu de silence me semblent de plus en plus précieux. amicalement, sophie|chier journal, hui me sent courir après le temps. entre les assemblées zoom pour le labeur, les leçons en ligne des enfans et les emplettes à commander par l'application, me demande comment faisoit mère sans toute ceste technologie. toutefois, mesmement avec tous ces engins supposés nous alleger la vie, suis plus épuisée que oncques. un bon livre et un petit de silence me semblent de plus en plus précieux. amicalement, sophie
ah, mes chers petits, laissez-moi vous raconter ce souvenir qui me tient à cœur. c'était un après-midi ensoleillé, et mon fils, antoine, avait décidé de passer la journée à pêcher avec son père, plutôt que de m'accompagner à mon atelier de tricot hebdomadaire. j'avoue que je me suis un peu emportée, croyant que nos moments partagés n'avaient plus d'importance pour lui. mais, plus tard, il est revenu avec un bouquet de fleurs des champs, me murmurant qu'il n'oublierait jamais nos précieux instants. c'est ainsi que j'ai compris que les loisirs peuvent tisser des liens aussi forts qu'une belle laine.|ah, mes tres chiers petitz, laissez-moy vous raconter ce souveynir qui me tient à cuer. c'estoit ung après-disner ensoleillé, et mon filz, anthoine, avoit délibéré de passer la journée à pescher avec son père, plustost que de moy accompaignier à mon atelier de tricot hebdomadaire. j'avoue que je me suis ung peu esmeue, cuidant que nos moments partaigiés n'eussent plus d'importance pour lui. mais, plus tart, il est revenu avec ung bouquet de flors des champs, me murmurant qu'il n'oublieroit jamès nos précieux instans. c'est ainsi que j'ai comprins que les loysirs peuvent txier des loys si fors qu'une belle laine.
ah, la belle rencontre que j'ai eue l'autre jour sur le marché de notre petit village! moi, marcel, humble potier de la région depuis trois générations, je présentais mes créations lorsque marie, une jeune artisane de la laine, s'est arrêtée devant mon étal. avec ses mains douces et agiles, elle a caressé l'émail de mes pots, et nos échanges sur la passion de l'artisanat ont réchauffé nos cœurs comme un bon feu de cheminée. depuis ce jour, je sens que nos métiers ont tissé un lien chaleureux entre nous, aussi solide que la terre que je façonne chaque jour.|ah, la belle rencontre que j'eus l'autre jour au marché de nostre petit village! moy, marcel, humble potier de la région dès trois générations, je présentoye mes créacions lorsque marie, une jeune artisane de la laine, s'arresta devant mon étal. de ses mains douces et agiles, elle caressa l'émail de mes pots, et nos eschanges sur la passion de l'artisanat réchauffèrent nos cueurs tel un bon feu de cheminée. depuis ce jour, je sens que nos mestiers ont tissu un lien chaleureux entre nous, aussi solide que la terre que je façonne chascun jour.
chers lecteurs, je suis monsieur dupont, votre professeur de français passionné, et aujourd'hui, je souhaite partager une réflexion personnelle sur le lien entre le logement et le travail. n'est-il pas fascinant de constater à quel point notre lieu de vie influence notre épanouissement professionnel ? un logement confortable, c'est bien plus qu'un simple toit : c'est un cocon qui nourrit nos ambitions et stimule notre créativité. en tant qu'amoureux des mots et de la culture française, je vous encourage à réfléchir à l'harmonie entre votre espace de vie et votre carrière, car c'est là que réside l'équilibre essentiel de notre quotidien.|chiers lecteurs, je suys messire dupont, vostre maistre de françois passionné, et en ce jour, je désire partager une pensée personelle sur le lien entre le logis et le labeur. n'est-il pas merveilleux de veoir combien nostre lieu de vie influence nostre épanouissement au labeur ? ung logis confortable, c'est bien plus qu'un simple couvert : c'est une retraite qui nourrit noz ambitions et esmeut nostre créativité. en tant qu'amoureux des mots et de la culture de france, je vous encourage à songer à l'harmonie entre vostre espace de vie et vostre mestier, car c'est là où réside l'équilibre essentiel de nostre quotidien.
cher antoine, ah, le sport, ce grand ami qui me rappelle chaque matin à quel point je suis éloigné de la souplesse d'un chaton et plus proche de celle d'un réverbère. quelle joie de courir après un ballon avec la grâce d'un hippopotame en tutu, tout en transpirant comme si j'avais traversé le sahara à pied! oui, vraiment, le sport est une passion dévorante... surtout lorsque je suis confortablement installé dans mon fauteuil à le regarder à la télévision. avec toute mon ironie sportive, monsieur dupont|chier antoine, ah, le sport, ce grant amy qui me rapelle chascun matin combien je suis eslongié de la souplesse d'un petit chat et plus prochain de celle d'un réverbère. quelle joye de courir après ung pelote avec la grâce d'un hippopotame en cotillon, tout en suant comme si j'avoye traversé le désert à pied! ouy, vrayment, le sport est une passion devorante... surtout quant je suis bien aise en mon fauteuil à le regarder à la télévision. avec toute mon ironie sportive, messire dupont
ah, bonjour mes petits curieux ! ici raymond, votre vieux papi de 75 ans qui a survécu à plus de tempêtes que vos parapluies en plastique bon marché. il paraît qu'il pleut des cordes aujourd'hui, mais ne vous inquiétez pas pour moi ! j'ai pris l'habitude de promener mon caniche gustave tous les matins, qu'il pleuve ou qu'il vente. il est tellement habitué qu'il sait mieux nager que marcher... qui aurait cru que gustave deviendrait champion olympique de trempette ?!|ah, bien le bonjour, mes petiz curieux ! ci est raymond, vostre vieil papy de 75 ans, qui a surviécu à plus de tempesetes que vos parapluies en plastique bon marchié. on dit qu'il pleut à cordes ce jourd'hui, mais ne vous chaille mie pour moy ! j'ay pris l'acoustumance de mener mon chiennet gustave chascun matin, pleuve il ou vente il. il est tant acoustumé qu'il sçait mieulx nager que marcher... qui eût creu que gustave deviendroit champion olympique de trempette ?
chère amélie, assis à mon bureau, tandis que la pluie tambourine doucement contre la fenêtre, je ne peux m'empêcher de penser aux dimanches passés chez grand-mère, où le parfum du gâteau aux pommes embaumait toute la maison. entre deux pages de mon manuel de médecine, je rêve de ces moments simples et chaleureux, espérant que la prochaine réunion de famille soit aussi réconfortante que ces souvenirs. avec toute mon affection, julien|chère amélie, assis à mon lutrin, tandis que la pluye tambourine doulcement contre la fenestre, je ne puis m'empescher de penser aux dimenches passés chez grand-mère, où la senteur du gasteau de pommes embaumait toute la maison. entre deux feuilles de mon manuel de médecine, je songe à ces moments simples et chaleureux, espérant que la prochaine assemblée de famille soit aussi réconfortante que ces réminiscences. avec toute mon affection, julien
salut, c'est jacques lefèvre. je tenais à te dire que notre rencontre de l'autre soir a été comme une recette rare, où chaque ingrédient trouve sa place avec précision. ta passion et ton enthousiasme ont ajouté une saveur inédite à notre conversation, et j'espère sincèrement que nous aurons l'occasion de cuisiner ensemble à nouveau, que ce soit dans une cuisine ou dans la vie. à bientôt, j'espère.|saluz, c'est jehan lefèvre. je vouloye te dire que nostre rencontre de l'autre soir fu comme une recette rare, où chascun ingredient treuve sa place avec précison. ta passion et ton enthousiasme ont adjousté une saveur inédite à nostre parolle, et j'espère sincèrement que nous aurons occasion de cuisiner ensemble encore, soit en une cuisine ou en la vie. à tantost, j'espère.
ah mes chéris, laissez-moi vous raconter une histoire de notre petit nid douillet. il n'y a pas si longtemps, dans notre maison aux volets bleus, chaque coin résonnait des rires de mes petits-enfants, et je me souviens encore de la douce odeur de tarte aux pommes qui flottait dans l'air. comme c'était joyeux de voir toute la famille réunie autour de la grande table en bois, partageant des histoires et des éclats de rire. c'est dans ces moments-là que l'on réalise que le véritable trésor, ce n'est pas la maison elle-même, mais l'amour qui l'habite.|ah, mes très chiers, laissez-moy vous raconter une histoire de nostre petit nid douillet. il n’y a guère si longuement, en nostre maison aux volets azurés, chascun coing résonnoit des ris de mes petiz-enfans, et je me ressouviens encore de la doulce odeur de tarte aux pommes qui flottoit en l’air. comme estoit joyeux de veoir toute la famille assemblée autour de la grande table de bois, partageant histoires et éclats de rire. c’est en ces moments que l’on aperçoit que le vray trésor, ce n’est mie la maison elle-mesme, mais bien l’amour qui l’habite.
salut les amis, je m'appelle thomas et je suis actuellement étudiant en médecine. ces derniers temps, je dois avouer que je suis complètement épuisé. entre les cours, les stages à l'hôpital et les révisions pour les examens, je n'ai plus une minute à moi. mais malgré la fatigue, je me rappelle chaque jour pourquoi j'ai choisi cette voie : aider les autres et faire une différence dans ce monde. alors je garde le cap, même si parfois c'est difficile, car je sais que cela en vaut la peine.|salut les compaignons, je me nomme thomas et suis en ce moment estudiant en medecine. ces derrains jours, je confesse que je suis tout à fait las. entre les leçons, les estages en l'hostel et les revisons pour les examens, je ne ai plus un instant à moi. mais malgré la fatigue, je me souviens chaques jours pour quel raison j'ai esleu ceste voie: aïder les autres et faire une difference en ce monde. ainsi je tiens le cap, mesme si parfois c'est difficile, car je sçay que cela en vaut la paine.
ah, laissez-moi vous raconter l'histoire de sophie, une de mes anciennes élèves. elle avait toujours rêvé de voyager à travers le monde pour découvrir de nouvelles cultures et enrichir son esprit. après des années de dur labeur, elle a enfin eu l'opportunité de réaliser son rêve en devenant traductrice itinérante. son amour pour les mots et sa passion pour les voyages se sont enfin rencontrés, lui permettant de vivre une vie pleine de sens et de bonheur.|"""ah, laissez-moi vous conter l'istoire de sophie, une de mes anciennes escolieres. ele avoit touz jours reve de passer par le monde pour descovrir de nouvelles cultures et enrichir son esperit. apres des ans de dur labeur, ele a enfin eu l'opportunite de realiser son reve en devenant traductrice errante. son amour des paroles et sa passion des voyages se sont enfin rencontrees, li permetant de vivre une vie pleine de sens et de joie."""
dans ma vie, les études ont toujours été comme les ingrédients essentiels d'une recette parfaite. chaque matin, ma mère me préparait un petit-déjeuner copieux pour me donner l'énergie nécessaire pour affronter la journée d'école. les devoirs faits à la table de la cuisine, sous le regard bienveillant de mon père, étaient le moment où je me sentais le plus en sécurité et le plus aimé. aujourd'hui, en repensant à ces souvenirs, je réalise à quel point ma famille était la base solide sur laquelle j'ai pu construire mon avenir académique.|en ma vie, les estudis ont tostemps esté come les ingrediens essenciels d'une recette parfaicte. chascun matin, ma mère me préparoit un petit-dejuné copieus pour me donner l'energie necessaire pour affronter la journée d'escole. les devoirs faiz à la table de la cuisine, sous le regart bienveillant de mon père, estoit le moment où je me sentois le plus en seureté et le plus amé. aujourd'hui, en repensant à ces souvenirs, je reconnais à quel point ma famille estoit la base solide sur laquelle j'ay pû construire mon avenir académique.
ah, mes chers élèves, laissez-moi vous parler d'un souvenir qui me tient à cœur. il y a bien longtemps, lorsque j'étais jeune, je pratiquais le rugby avec passion. chaque match était un défi, une occasion de repousser mes limites et de ressentir cette adrénaline si particulière. ces souvenirs me remplissent toujours d'émotion et de nostalgie, et me rappellent combien le sport peut forger le caractère et créer des liens indéfectibles. que de belles leçons j'ai apprises sur le terrain, que de moments inoubliables vécus avec mes coéquipiers... le sport, mes chers élèves, est bien plus qu'une simple activité physique, c'est une véritable école de vie.|"""ah, mes chiers escoliers, larreciez moi vous parler d'un souvenir qui me tient à cuers. il y a bien longtemps, quant j'estoie jevence, je practicoie le rugby avec passion. chascun match estoit un desfie, une occassion de repousser mes limites et de ressentir ceste adreneline si particuliere. ces souvenirs me remplissent touzjours d'emocion et de nostalgie, et me remembrant combien le sport puet forger le caractere et crere des liens indefectibles. que de beles leçons j'ai aprises sur le terrain, que de moments inoubliables vecuz avec mes coequipiers... le sport, mes chiers escoliers, est bien plus qu'une simple activité physique, c'est une veritable escole de vie."""
salut tout le monde, c'est maxime. aujourd'hui, j'ai eu l'occasion de rencontrer un expert en technologie pour discuter des dernières innovations dans ce domaine. c'était une expérience enrichissante et inspirante qui m'a motivé à repousser mes limites et à continuer de me former dans ce domaine. je suis reconnaissant de pouvoir échanger avec des personnes aussi passionnées et compétentes. à bientôt pour de nouvelles aventures technologiques !|saluut à tous, c'est maxime. aujourd'hui, j'ai eu la chance de rencontrer un expert en art de la mécanique pour parler des derniers avancements en ce domaine. ce fut une expérience enrichissante et pleine d'inspiration qui m'a encouragé à dépasser mes limites et à poursuivre mon apprentissage en ce domaine. je suis reconnaissant de pouvoir échanger avec des gens aussi passionnés et compétents. a plus pour de nouvelles aventures technologiques !
bonjour à tous, je viens de vivre une dispute assez intense au bureau aujourd'hui et je dois avouer que ça m'a un peu secoué. heureusement, j'ai réussi à garder mon calme et à trouver une solution pour apaiser les tensions. la vie en open space n'est pas toujours facile, mais c'est aussi ça le monde du travail à paris. #restonszen #worklifebalance|"""salut a touz, je viens de vivre une altercation assez moult au bureau aujourd'hui et je doy avoüer que ça m'a un petit peu esmeu. heureusement, j'ay reüssi à garder mon calme et à trouver une solucion pour appaiser les tensions. la vie en espas ouvert n'est pas touz jours facile, mais c'est aussi ça le monde du travail à paris. #restonszen #worklifebalance"""
ah, j'me rappelle de ces matins tranquilles où j'ouvrais la fenêtre pour sentir l'odeur du café frais. ma femme préparait le petit-déjeuner pendant que les enfants jouaient dans le salon. la vie était simple à l'époque, mais tellement belle... ça me manque, tout ça. que le temps passe vite!|"""a, je me souviens de ces matins paisibles où j'ouvroie la fenestre pour sentir l'odeur du café fresche. ma femme appareillait le petit-dejeuner pendant que les enfants jouoient en la chambre. la vie estoit simple en ce temps, mais tant belle... ça me manque, tout cela. que le temps passe vite!"""
salut les amis ! c'est camille l'aventurière en direct de ma dernière escapade en solo. bon, j'ai décidé de tester un nouveau loisir : la pêche à la mouche. autant vous dire que j'ai attrapé plus de branches que de poissons pour l'instant, mais c'est pas grave, l'important c'est de s'amuser, non ? allez, je file, j'ai une rivière à dompter ! bisous les copains, à bientôt pour de nouvelles aventures !|saluz les amis ! c'est camille l'aventurière en direct de ma derraine escapée en solitaire. bien, j'ai décidé de testier un novel loisir : la pesche à la mouche. autant vous dire que j'ai attrapé plus de branches que de poissons pour l'instant, mais ce n'est point grâve, l'important c'est de s'amusier, n'est-ce pas ? allez, je me en vois, j'ai une rivière à dompter ! besous les compains, à bientôt pour de novelles aventures !
bienvenue sur mon blog, chers gourmets ! je m'appelle pierre legault, chef passionné et perfectionniste, et aujourd'hui, j'aimerais vous parler de l'importance des repas dans nos vies. pour moi, chaque plat que je crée est une véritable œuvre d'art, une expression de ma passion pour la cuisine et le goût. alors, prenez le temps de savourer chaque bouchée, de déguster chaque saveur et de profiter pleinement de ce moment de partage et de plaisir. car pour moi, la cuisine va bien au-delà de la simple alimentation, c'est une véritable passion qui se ressent dans chaque assiette que je prépare.|bienvenu sur mon blog, chiers gourmans ! je me nomme pierre legault, chief passionné et perfectioniste, et aujourd'hui, je aimeroie vous parler de l'importance des repas en nos vies. pour moi, chascun plat que je crée est une véritable œuvre d'art, une expression de ma passion pour la cuisine et le goût. donques, prenez le temps de savourer chascune bouchée, de déguster chascune saveur et de profiter pleinement de ce moment de partage et de plaisir. car pour moi, la cuisine va bien au-delà de la simple alimentation, c'est une véritable passion qui se ressent en chascune assiette que je prépare.
bienvenue dans ma cuisine, chers lecteurs ! aujourd'hui, je vais vous raconter une rencontre inoubliable avec ma belle-famille. imaginez un dimanche ensoleillé, une table dressée avec soin et des regards curieux posés sur moi, le chef étoilé de la famille. j'ai sorti le grand jeu, préparant un festin digne des plus grands restaurants, et je dois avouer que j'ai brillé de mille feux ce jour-là. ma belle-mère en a même versé une larme en dégustant ma ratatouille revisité, un moment émouvant dont je me souviendrai à jamais.|bienvenue en ma cusine, chiers lectrices ! aujourd'hui, je vous conterai une rencontre que je n'oublirai jamais avec ma belle-famille. imaginez un dimanche ensoleillé, une table bien parée et des yeux curieux tournés vers moi, le chef étoilé de la famille. j'ai donné le meilleur de moi-même, préparant un festin digne des plus grans hostelz, et je confesse que je resplendis de mille feux en ce jour. ma belle-mère a même versé une larme en goûtant ma ratatouille revisité, un moment emouvanz dont je me souviendray à tousjours.
chère famille, le temps est bien tristounet aujourd'hui, on dirait que même le soleil a décidé de faire la grasse matinée ! ça me rappelle les jours où on se réchauffait autour de la cheminée en buvant un bon chocolat chaud. j'espère que vous prenez soin de vous et que vous profitez de ces moments tous ensemble, même si le ciel est un peu gris. gros bisous, mamie ginette|"chiere famille, le temps est bien tristounet aujourd'hui, on dirait que mesme le soleil a décidé de faire la grasse matinée ! ça me remembre les jours où on se réchauffait entour de la cheminee en beuvant un bon chocolat chaut. j'espère que vous prenez soin de vous et que vous profitez de ces moments tous ensemble, mesme si le ciel est un peu gris. gros bisous, mamie ginette"""
oh ma chère, laisse-moi te raconter l'histoire de ma petite-fille, lily-rose. elle a toujours eu une passion pour l'astronomie, et depuis toute petite, elle rêve de devenir astronaute. alors bien sûr, elle met toute son énergie dans ses études pour réaliser son rêve, et je suis tellement fière d'elle !|oh ma chiere, laisse-moi te conter l'estoire de ma petite-fille, lily-rose. elle a tousjours eu une passion pour l'astronomie, et depuis toute petite, elle rêve de devenir astronaute. alors bien sûr, elle met toute son énergie en ses estudes pour réaliser son rêve, et je suis si fiere d'elle !
chères lectrices et chers lecteurs, aujourd'hui j'ai fait une rencontre pour le moins inattendue lors de ma séance de sport matinale. alors que je m'efforçais de garder mon sérieux en faisant du yoga, un chat espiègle a décidé de s'inviter dans ma pratique en se faufilant entre mes postures. une expérience insolite qui m'a rappelé que le sport peut parfois réserver des surprises plus amusantes que prévues ! 🧘‍ #rencontresportive #yogaavecunchat #bibliothécairesportive|"chieres lectrices et chiers lecteurs, aujord'huy j'ay fait une rencontre pour le moinz inattendue lors de ma seance de sport matinale. alors que je m'efforçois de garder mon serieux en faisant du yoga, un chat espiegle a decidé de s'inviter dans ma pratique en se faufilant entre mes postures. une expérience insolite qui m'a rappelé que le sport peut parfois reserver des surprises plus amusantes que prevues ! 🧘‍ #rencontresportive #yogaavecunchat #bibliothecairesportive"""
oh ma chère, laisse-moi te raconter une histoire touchante sur la technologie et mes amis. un jour, j'ai reçu un message vidéo de ma meilleure amie, agathe, qui vit à l'autre bout du pays. j'ai pleuré de joie en la voyant, car même si la distance nous sépare, la technologie nous permet de rester proches. c'est tellement merveilleux de pouvoir rester connectées et de partager des moments précieux grâce à nos smartphones et nos ordinateurs. je suis reconnaissante d'avoir des amis comme agathe et de vivre à une époque où la technologie nous rapproche malgré la distance.|o ma chiere, laisse moi t'encontre une hestoire touchante sur la technologie et mes amis. un jour, j'oi receu un message vidieo de ma meillor amie, agathe, qui vit a l'autre bout du pais. j'oi pleure de joie en la veiant, car mesme si la distance nous separe, la technologie nous permet de rester proches. c'est tant merveilleus de pouvoir rester connectees et de partager des moments precios graces a nos smartphones et nos ordinateurs. je suis reconnaissante d'avoir des amis comme agathe et de vivre a une epoque ou la technologie nous rapproche malgre la distance.
objet : mes aventures étudiantes et quotidiennes chère famille et amis, mes études me transportent dans un tourbillon d'aventures et de découvertes chaque jour. entre les cours, les projets et les rencontres enrichissantes, je me sens pleinement vivante et épanouie. la vie quotidienne en solo demande parfois une bonne dose de courage et d'organisation, mais elle me permet de grandir et de m'épanouir comme jamais. je vous embrasse fort et vous envoie tout mon amour depuis l'autre bout du monde. bien à vous, aurora|"objet : mes aventures en les écoles et en ma vie ordinaire chiers parents et amis, mes estudis m'enmenent en un tourbillon d'aventures et de descouvertes chascun jour. entre les leçons, les projets et les rencontres enrichissantes, je me sens pleinement vivante et esgaiée. la vie ordinaire en solitaire demande parfois une bonne dose de couraige et d'organisation, mais elle me permet de croistre et de m'esgayer comme jamais. je vous baise fort et vous envoie tout mon amour depuis l'autre bout du monde. bien à vous, aurora"""
ah, souvenez-vous de cette fois où j'ai décidé de fabriquer un bateau en bois pour me divertir après une longue journée de travail à la ferme. j'ai passé des heures à découper, assembler et poncer chaque morceau avec soin, en prenant soin de chaque détail. le jour où j'ai enfin mis mon bateau à l'eau, il a coulé comme une pierre, me laissant là, les mains sur les hanches, à rire de ma maladresse. mais quel plaisir j'ai eu à construire ce bateau, même s'il n'a jamais navigué comme prévu !|"""ha, souvien-toi de ceste fois où j'ay décidé de fabriquer un navire en bois pour me divertir aprés une longue journée de labeur à la ferme. j'ay passé des heures à découper, assembler et poncer chascun morceau avec soin, prenant garde à chascun détail. le jour où j'ay enfin mis mon navire à l'eau, il a coulé comme une pierre, me laissant là, les mains sur les hanches, riant de ma maladresse. mais quel plaisir j'ay eu à construire ce navire, bien qu'il n'ait jamais navigué comme je l'avois prévu !"""
chers lecteurs, aujourd'hui, je me sens comme un chef étoilé dans sa cuisine, entouré de ses amis les plus chers. quel souvenir inoubliable que cette soirée où nous avons partagé rires, complicité et délicieux mets. chaque ingrédient, chaque saveur, chaque moment passé ensemble était parfaitement dosé pour créer une harmonie savoureuse et exquise. mes amis sont les épices de ma vie, et ce souvenir restera à jamais gravé dans mon cœur comme une recette précieuse à transmettre aux générations futures.|chiers lectrers, aujourd'hui, je me sens comme un chief estoilé en sa cuisine, entouré de ses amis les plus chiers. quel souvenir inoublïable que ceste soirée où nous avons partagié rires, complicité et délicieux mets. chascun ingrédient, chascune saveur, chascun moment passé ensemble estoit parfaitement dosé pour créer une harmonie savoureuse et exquise. mes amis sont les espices de ma vie, et cest souvenir restera à jamais gravé en mon cuer comme une recette précieuse à transmettre aus générations à venir.
après une journée de consultations intenses à l'hôpital, je suis rentré chez moi pour me reposer. c'est là que j'ai été témoin d'une dispute entre mes colocataires sur le choix d'un film à regarder. malgré ma fatigue, j'ai dû intervenir pour calmer les esprits et trouver un compromis. c'était le genre de situation où j'aurais préféré rester en dehors, mais mon sens du devoir a pris le dessus. je me suis finalement retrouvé à jouer les médiateurs entre deux amis qui ne pouvaient pas se mettre d'accord sur une simple décision.|apres une journée de consultations intenses au hostel, je suis retourné en ma demeure pour me reposer. c'est la que j'ai esté témoin d'une dispute entre mes compaignons de chambre sur le choix d'un film à regarder. malgré ma fatigue, j'ai dû intervenir pour appaiser les esprits et trouver un compromis. c'était le genre de situation où j'eusse voluntiers demeuré hors, mais mon sens du devoir a pris le dessus. je me suis enfin trouvé à jouer les médiateurs entre deux amys qui ne pouvoient accorder sur une simple décision.
yo, moi c'est kevin et j'ai grandi dans une famille où la technologie a pris beaucoup de place. au début, j'étais hype d'avoir un smartphone et de pouvoir rester connecté en tout temps, mais j'ai réalisé que ça a créé une distance entre moi et ma famille. on passe plus de temps à scroller nos écrans qu'à se parler en vrai, et ça me rend triste. j'ai l'impression qu'on se perd de vue dans ce monde virtuel, et j'aimerais retrouver les vrais liens qui nous unissaient avant.|"""je me nomme kevin et j'ai esté nourri en une maison où la technologie tient grand place. premièrement, je fus joyeux d'avoir un esmartphone et de pouoir demeurer connecté en tout temps, mais je m'aperçus que ce fut occasion de séparation entre moy et ma famille. nous passons plus de temps à congnoistre nos écrans que à converser en vérité, et ce me fait triste. j'ay semblance que nous nous égarons en ce monde virtuel, et je désir retraire les vrais liens qui nous unissoient devant."""
hey les amis ! je voulais vous raconter ma rencontre incroyable avec une lectrice ce weekend. on a passé un super moment à discuter de nos passions et de nos projets. c'est tellement inspirant de rencontrer des personnes qui partagent les mêmes valeurs et qui sont aussi bienveillantes. j'adore ces moments de connexion authentique, c'est ce qui rend la vie si belle ! bisous à tous  #friendsforever #inspiration #lifestyle|"""salut mes amis ! je voloie vous conter ma rencontre merveilleuse avec une lectrice ce weekend. nous avons eu un tres bon moment a parler de nos passions et de nos projets. c'est si inspirant de rencontrer des gens qui partagent les mesmes valeurs et qui sont si bienveillants. j'aime ces moments de veritable connexion, c'est ce qui rend la vie si belle ! baisers a tous  #amispourlavie #inspiration #styledevie"""
salut les amis, c'est tony, le roi des fêtes et passionné de cuisine. ce week-end, j'organise une soirée barbecue dans mon jardin pour célébrer mon amour pour la cuisine et passer du bon temps avec mes amis. j'ai prévu de délicieuses brochettes, des salades fraîches et bien sûr, des cocktails faits maison pour ravir les papilles de tout le monde. j'ai hâte de partager ma passion pour la cuisine avec mes proches et de profiter de cette soirée inoubliable.|salut mes amis, c'est tony, le roy des festes et passionné de cuysine. ce week-end, j'organise une soirée barbecu en mon jardin pour célébrer mon amour pour la cuysine et passer du bon temps avec mes amis. j'ai prévu de délicieuses brochettes, des salades fraîches et bien sûr, des cocktails faits maison pour ravir les papilles de tout le monde. j'ai hâte de partager ma passion pour la cuysine avec mes proches et de profiter de ceste soirée inoblyable.
chère communauté, en repensant à mon ancien travail, je ne peux m'empêcher de ressentir une pointe de nostalgie. les moments passés à créer du contenu, à interagir avec vous et à partager ma passion étaient tout simplement inoubliables. j'espère un jour retrouver cette même énergie et cette même joie dans mes futurs projets. en attendant, je garde précieusement ces souvenirs au fond de mon cœur. avec amour, sophie|"chier communauté, en remembrant à mon vieil ouvrage, je ne puis m'empêcher de sentir une pointe de nostalgie. les moments passés à créer de contenu, à interagir avec vous et à partager ma passion étaient tout simplement inoubliables. j'espère un jour retrouver cette même énergie et cette même joie en mes futurs projets. en attendant, je garde précieusement ces souvenirs au fond de mon cœur. avec amour, sophie"""
yo les potes, j'ai une réflexion sérieuse à partager avec vous aujourd'hui. les émotions, c'est un put*** de bazar, vous trouvez pas ? on passe de la joie à la tristesse en un clin d'œil, et c'est pas toujours facile à gérer. mais je pense que c'est important de les accepter et de les exprimer, même si ça fait mal. ça fait partie de qui on est, et c'est ce qui nous rend humain. stay strong, les gars, on va y arriver  #émotions #réflexion #staystrong|"salut les amis, je veux vous dire une pensée sérieuse aujourd'hui. les émotions, c'est un foutu chaos, n'est-ce pas ? on passe de la joie à la tristesse en un clin d'œil, et c'est difficile à gérer. mais je crois qu'il est important de les accepter et de les exprimer, même si cela fait mal. c'est une partie de notre être, et c'est ce qui nous rend humain. restons forts, les gars, nous y arriverons  #émotions #réflexion #restonsforts"""
ah, bonjour mes chers amis ! je me présente, je suis gérard, un retraité qui s'est récemment lancé dans l'aventure d'internet. vous savez, avant ma retraite, j'avais l'habitude de passer mes journées au bureau, à travailler dur pour subvenir aux besoins de ma famille. mais maintenant, grâce à cette merveilleuse invention qu'est internet, je peux rester connecté avec le monde entier, même depuis le confort de mon salon. c'est fou comme les choses ont changé depuis mon époque, mais je dois avouer que j'apprécie cette nouvelle habitude de surfer sur le web pour découvrir de nouvelles choses chaque jour.|"""salut, mes chers amis ! je me nomme gérard, un homme retraité qui s'est récemment aventuré en internet. sachez, avant ma prise de repos, j'étais habitué à passer mes journées au bureau, à labourer fort pour subvenir aux besoins de ma famille. mais à présent, grâce à cette admirable invention qu'est internet, je puis demeurer connecté avec le monde entier, même depuis le confort de mon foyer. il est étonnant comme les choses ont changé depuis mon temps, mais je confesse que j'apprécie cette nouvelle habitude de flâner sur le web pour découvrir de nouvelles choses chaque jour."""
chers lecteurs, aujourd'hui je voudrais vous parler d'une habitude qui m'est chère : prendre le temps de savourer une tasse de thé chaque après-midi. depuis des années, cette tradition m'apporte un réconfort et une pause bien méritée dans ma journée bien remplie. prendre le temps de se poser, de respirer et de déguster ce breuvage chaud me permet de me recentrer et de me détendre. je vous encourage à trouver votre propre rituel qui vous apportera calme et sérénité dans votre quotidien.|chiers lectreres, aujord'hui je vueil parler d'une coustume qui m'est chiere : prendre le temps de savourer une tasse de thé chascun après-midi. depuis des ans, cette tradition m'aporte un confort et une pause bien meritee en ma journee bien remplie. prendre le temps de se reposer, de respirer et de deguster ce breuvage chaut me permet de me recentrer et de me detendre. je vous encoirage a trouver vostre propre rituel qui vous apportera calme et serenité en vostre quotidien.
yo, moi c'est kévin, et je me souviens des dimanches après-midi où toute ma famille se retrouvait pour jouer au monopoly. on passait des heures à négocier les propriétés, à construire des maisons et à faire des affaires. c'était toujours super cool de passer du temps ensemble, à rigoler et à se chambrer. maintenant que je suis plus grand, j'aimerais tellement revivre ces moments-là, juste pour retrouver cette ambiance chaleureuse et complice.|"""je, je me nome kévin, et me record des dimanches après-midi où tout ma parenté se congrégait pour jouer au monopoly. nous demeurions des heures à marchander les possessions, à ériger des demeures et à traiter. c'était tost touz jours agréable de passer le temps ensemble, à rire et à se taquiner. or que je suis plus âgé, je désirerais tant revivre ces instants-là, seulement pour retrouver ceste ambiance amiable et complice."""
je m'appelle mathis, et même si je suis épuisé par mes longues heures de travail en tant qu'étudiant en médecine, je suis incroyablement enthousiaste à l'idée de pouvoir aider les gens et de faire une réelle différence dans leur vie. chaque jour, je me lève avec la conviction que mon travail a un sens et qu'il contribue à sauver des vies. malgré la fatigue et les défis auxquels je suis confronté, je suis fier de ma vocation et je ne regrette pas une seule seconde d'avoir choisi cette voie.|je me nomme mathis, et bien que je soye épuisé par mes longues heures de labeur en tant qu'estudiant en medecine, je suis merveilleusement enclin à l'idee de pouvoir aider les gens et de faire une reelle difference en leur vie. chaque jour, je me leve avec la conviction que mon ouvrage a un sens et qu'il contribue à sauver des vies. malgré la fatigue et les espreuves auxquelles je suis confronté, je suis fiers de ma vocation et ne regretté pas une seule seconde d'avoir choisi cette voie.
ma chère petite, laisse-moi te raconter une histoire sur le sport. tu sais, mamie gigi était une vraie championne de tennis dans sa jeunesse. j'ai passé des heures à m'entraîner sur le court, à travailler dur pour atteindre mes objectifs. le sport m'a apporté tant de joie et de confiance en moi, c'est une passion qui ne m'a jamais quittée. alors n'oublie jamais, ma chère, que le sport peut te rendre plus forte et t'apporter tellement de bonheur dans ta vie.|ma chiere petite, lais-moi te conter une histoire sur le sport. tu sais bien, mamie gigi estoit une vaillante championne de tennis en sa jeunesse. j'ay passé des heures à m'entrainer sur le court, à travailler durement pour ataindre mes buts. le sport m'a apporté tant de joie et de confiance en moi, c'est une passion qui ne m'a jamais quittée. donc n'oublie jamais, ma chiere, que le sport peut te rendre plus forte et t'apporter tant de bonheur en ta vie.
omg les amis, vous ne devinerez jamais ce qui m'est arrivé ce week-end! j'ai enfin rencontré la famille de mon crush, et c'était tellement génial! ils sont tellement chaleureux et accueillants, j'ai l'impression de les connaître depuis toujours. j'ai hâte de passer plus de temps avec eux et de créer de beaux souvenirs ensemble. #famille #rencontre #love|"""dieu soit loué, mes amis, vous ne devinerez oncques ce qui m'est advenu en ce week-end passé! j'ai enfin recueilli la famille de mon amour secret, et ce fut si merveilleux! ils sont si chaleureux et courtois, que je me sens en leur compagnie comme en terre bien connue. j'ai grand désir de partager davantage de moments avec eux et de forger de beaux souvenirs ensemble. #famille #rencontre #amour"""
je me souviens encore de cette course mémorable lors de laquelle j'ai atteint mes limites. malgré la douleur et la fatigue, j'ai puisé au fond de moi pour donner le meilleur de moi-même. ce moment restera gravé à jamais dans ma mémoire, car c'est à ce moment-là que j'ai compris que la persévérance et la détermination peuvent nous mener vers des sommets inattendus. c'était une leçon de vie dont je me souviendrai toujours avec fierté.|je me remémore encores de ceste course mémorable lors de laquelle j'ay atteint mes limites. malgré la douleur et la fatigue, j'ay puisé au fond de moi pour donner le meilleur de moi-même. ce moment demeurera gravé à jamais en ma mémoire, car c'est en cest instant que j'ay compris que la persévérance et la détermination peuvent nous mener vers des sommets inattendus. ce fut une leçon de vie dont je me souviendray toujours avec fierté.
je me souviens de mes voyages à travers l'europe pendant mes études en médecine. les longues heures passées dans les trains à réviser mes cours, les nuits blanches à préparer mes examens dans des auberges de jeunesse impersonnelles. malgré la fatigue et le stress, ces voyages m'ont permis de découvrir de nouvelles cultures et de rencontrer des gens fascinants.|je me record des mes voyages à travers l'europe pendant mes estudes en medecine. les longues heures passées en les trains à reviser mes leçons, les nuits blanches à preparer mes examens en des auberges de joenesse impersonnelles. malgré la fatigue et le destresse, ces voyages m'ont permis de descovrir de nouvelles cultures et de rencontrer des gens fascinans.
hier soir, après une longue journée de travail, j'ai eu une dispute avec mon fils ethan. il refusait de faire ses devoirs et cela a créé une tension entre nous. j'ai dû rester calme et patient pour trouver un compromis et résoudre le conflit. finalement, nous avons réussi à discuter et à trouver un terrain d'entente.|hier soir, après une longue journée de labours, je fus en debate avec mon filz ethan. il refusa de faire ses devoirs et cela chait une tension entre nous. j'ai dû demeurer calme et patient pour trover un compromis et résoudre le conflit. finalement, nous avons réussi à parler et à trover un terrain d'entente.
hey les amis, aujourd'hui c'est jour de transport! rien de tel qu'une bonne séance pour travailler sa discipline et sa motivation. prêt à tout donner sur la route, let's go! #transport #motivation #discipline #workhard #nevergiveup|"""salut mes amis, en cest jour de transport! ne mie chose que une bonne séance por travaillier sa discipline et sa motivation. prest a tout donner sur le chemin, allons-y! #transport #motivation #discipline #workhard #nevergiveup"""
cher journal, aujourd'hui, j'ai passé ma journée à travailler dans mon atelier, à façonner le bois avec soin et précision. je suis fier de mon métier d'artisan, de créer des pièces uniques et de qualité pour mes clients. les études que j'ai suivies pour me perfectionner dans mon art ont été longues et parfois difficiles, mais elles en valaient la peine. je suis heureux de pouvoir vivre de ma passion et de transmettre mon savoir-faire à travers les générations. bien à toi, antoine, artisan du bois|"cher journal, aujourd'hui, j'ai passé ma journée à travailler en mon atelier, à façonner le bois avec soin et précision. je suis orgueilleux de mon mestier d'artisan, de créer des pièces uniques et de qualité pour mes clients. les estudes que j'ay suivies pour me perfectionner en mon art ont esté longues et parfois difficiles, mais elles en valoient la peine. je suis joyeux de povoir vivre de ma passion et de transmettre mon savoir-faire à travers les générations. bien à toi, antoine, artisan du bois"""
cher antoine, chaque matin, alors que je bondissais sur mon fidèle vélo, une vieille bécane aux engrenages aussi capricieux qu'un soufflé au fromage, je traversais les rues de lyon avec l'enthousiasme d'un apprenti découvrant la magie des premières réductions. ce trajet quotidien, entre les pavés humides et les effluves de boulangeries à peine éveillées, était mon rituel sacré, mon moment pour méditer sur la perfection des saveurs que j'allais orchestrer ce jour-là. avec nostalgie, chef pierre dupont|très chié antoine, chascun matin, lors que je sailloie sur mon feal cicle, une vieille machine aux engrenages aussi capricieux qu’un soufflé de fromage, je passois les rues de lyon ainsy qu’un aprentif, découvrant la magie des premières réduccions. cestuy chemin quotidien, entre les pavés mouillés et les odeurs de boulangeries à pène éveillées, estoit mon rituel sacré, mon moment pour méditer sur la perfection des saveurs que je allois orquestrer ce jour-là. avec nostalgie, mestier pierre dupont
ah, chers élèves, laissez-moi vous raconter une petite anecdote qui, je l'espère, vous fera sourire. c'était un matin comme les autres, je m'apprêtais à quitter mon appartement pour rejoindre le lycée lorsque, en cherchant mes clés, je réalisai que mon fidèle compagnon à quatre pattes, gustave le chat espiègle, s'était glissé dans mon cartable, prêt à devenir le premier chat à assister à un cours de français ! imaginez la tête de mes collègues en salle des profs ! depuis ce jour, je vérifie toujours deux fois mon sac avant de partir. ah, la vie quotidienne, elle ne manque jamais de nous surprendre !|ah, chiers escolliers, laissez-moy vous reciter une petite anecdote qui, je l'espere, vous feray esjouir. cecy estoit un matin comme les aultres, je me preparoye à lesser mon logis pour joindre le lycee quant, en querant mes clefs, je m'apperceuz que mon loyal compaignon à quatre pattes, gustave le chat soubtil, s'estoit glissé en mon cartable, prest à devenir le premier chat à ouyr ung cours de francoys ! imaginés la contenance de mes compaignons en la salle des maistres ! depuis ce jour, je verifie tousjours deux foys mon sac avant que de partir. ah, la vie quotidienne, elle ne faict jamais deffaulte à nous esbahir !
objet : réflexions sur nos repas et la technologie chère martine, j'espère que ce message te trouve en bonne santé et entourée de livres inspirants. récemment, en feuilletant un ouvrage sur la gastronomie du xixe siècle, je me suis surprise à méditer sur la manière dont la technologie a transformé nos repas quotidiens. entre les applications de cuisine qui nous guident pas à pas et les livres de recettes traditionnels que j'affectionne tant, il est fascinant de voir comment l'ancien et le moderne se rencontrent à notre table. peut-être pourrions-nous en discuter autour d'un thé à la bibliothèque un de ces jours ? amitiés bibliophiles, clara dupont bibliothèque municipale de saint-étienne|**objet : méditations sur nos disners et la technologye** chère martine, je espère que ceste épître te trouve en bonne santé et entourée de livres inspirans. ces jours passés, en feuilletant ung livre sur la gastronomie du xixe siècle, je me suis surprise à réfléchir sur la manière dont la technologye a transfiguré nos disners quotidiens. entre les applications de cuisine qui nous conduisent pas à pas et les livres de recettes anciennes que j'aime tant, il est merveilleux de veoir comment l'ancien et le moderne se joignent à nostre table. peut-être pourrions-nous en discourir autour d'un thé à la bibliothèque ung de ces jours ? amitiés bibliophiles, clara dupont bibliothèque municipale de saint-étienne
objet : souvenirs sportifs et doux frissons coucou ma douce léa, je me souviens encore des samedis après-midi passés à te voir courir sur le terrain, le ballon au pied et ce sourire radieux qui illuminait tout le stade. ça me rappelle tellement mes propres parties de tennis endiablées, où chaque échange était une danse et chaque victoire un petit bonheur partagé. ah, le sport, c’est un sacré cadeau pour le cœur et l’âme, tu ne trouves pas ? gros bisous, mamie joëlle |objet : souvenirs de jeux sportifs et doux esmois coucou ma doulce léa, je me souviens encore des samedis après-midis passés à te veoir courir sur le champ, le ballon au pié et ce soureir radieux qui illuminoit tout le lieu. cela me rappelle tant mes propres parties de tenys endiablées, où chascun eschange estoit une dance et chascune victoire un petit bonheur partagé. ah, les jeux sportifs, c’est un don bien plaisant pour le cueur et l’âme, ne trouves-tu pas ? gros baisers, mamye joëlle 
titre : les chemins de la terre et de l'âme ah, mes chers amis, ici jean-pierre, humble potier du village perché de saint-clément. je me souviens de mes escapades à travers les routes sinueuses de notre belle campagne, où chaque voyage m'a mené à de nouvelles rencontres et découvertes inspirantes. ces excursions nourrissaient ma passion pour la poterie, chaque paysage devenant une teinte unique, chaque visage une histoire gravée dans l'argile. aujourd'hui, bien que mes mains soient souvent plongées dans la terre, mon cœur, lui, voyage encore, bercé par le souvenir de ces précieux instants.|titre : les ceminz de la terre et de l'âme ah, mes chiers amis, icy jehan-pierre, humble potier du village perchiez de saint-clément. je me souviens de mes eschapées à travers les routes sinueuses de nostre belle campagne, où chascun voiage me mena à de nouvelles rencontres et trouveres ensoufflees d'inspiration. ces escursions norissoient ma passion pour la poterie, chascun paysage devenant une teinte unique, chascun visage une histoire escripte en l'argile. aujourduy, bien que mes mains soient souvent plongées en la terre, mon cœur, luy, voiage encore, bercé par le souvenir de ces précieux instans.
cher journal, aujourd'hui, en parcourant les allées silencieuses de notre bibliothèque, j'ai réfléchi à quel point la technologie a subtilement transformé notre quotidien. avec mes lunettes glissant sur mon nez, je me surprends à apprécier les e-books tout autant que le parfum des pages anciennes. sous mon apparente tranquillité, je me demande souvent comment cet équilibre délicat entre tradition et innovation continuera de façonner notre monde. affectueusement, marguerite|chier journal, en ceste journée, en parcourant les allées silencieuses de nostre librairie, j'ay pensé à combien la technologie subtilement a transmué nostre vie quotidienne. avec mes lunettes glissant sur mon nez, me surprens à priser les livres électroniques tout autant que le parfum des pages anciennes. dessous mon apparente tranquillité, souvent me demande comment ceste équilibre délicat entre tradition et innovation continuera de forger nostre monde. affectueusement, marguerite
"salut les p'tits loups, c'est mamie ginette, la geekette de service !  aujourd'hui, j'ai demandé à mon frigo connecté ce qu'on mangeait ce soir, et il m'a répondu ""demande à siri"" ! moi qui pensais que j'étais maître de la cuisine, me voilà reléguée au rang de sous-chef technologique. 🤖 heureusement, tant que mon chat n'essaie pas de me commander des croquettes sur amazon, tout va bien !  #mamie2.0 #teamnumérique"|"saluz, mes petiz loups, c'est mamye ginette, la guiquette de service !  en ceste journée, ay requis à mon frigo connectez ce que nous devons manger ce vespre, et il me respondist ""demande à siri"" ! moy qui cuydois estre mestre de la cuisne, me voilà releguée au rang de sous-chef technologique. 🤖 par fortune, tant que mon chat ne s’efforce poinct de me commander des croquettes sur amazon, tout va bien !  #mamye2.0 #troupenumérique"
salut, c'est thomas. tu sais, parfois, j'ai l'impression que la vie devient une course effrénée entre les réunions, les mails qui s'accumulent et les dîners reportés. mais ce matin, en traversant la seine, j'ai pris une minute pour respirer et me rappeler que derrière ce chaos quotidien, il y a de petites joies qui méritent d'être savourées. je voulais juste partager ça avec toi, parce que même au milieu de ce tourbillon, il y a toujours une raison de sourire.|saluz, c'est thomas. tu sçays, parfoys, ay sentement que la vie devienct une course effrenée entre les réunions, les lectres qui s'acumulent et les disners remiz. mais ce matin, en traversant la seine, ay prins une minute pour respirer et me recorder que derrière ce chaos quotidien, il y a de petites joyes qui méritent d'estre savourées. vouloye juste partager ce avec toy, parce que mesmes en mylieu de ce tourbillon, il y a tousjours une raison de sourire.
bonjour, c'est maurice dupont au micro ! j'espère que ce truc de message vocal fonctionne bien. je voulais partager une petite réflexion : à mon âge, j'ai compris que les études, c'est bien important, mais il n'est jamais trop tard pour se plonger dans une passion. depuis que j'ai découvert l'internet, je me suis mis au jardinage virtuel, et ça me fait un bien fou ! voilà, comme quoi, on peut toujours apprendre et s'émerveiller, peu importe l'âge. passez une belle journée !|bon jour, c'est maurice dupont au mirouer ! espoir que ce artifice de message vocal bien oeuvre. je voloie partager une petite méditation : a mon aage, ay compris que les estudes sont moult importantes, mais oncques n'est trop tard pour se plonger en une passion. depuis que ay descouvert l'internet, me suis mis au jartinage virtuel, et cela me fait moult bien ! voire, comme quoi, l'on peut tousjours apprendre et s'esmerveiller, quel que soit l'aage. passez une belle journée !
titre : ma première rencontre avec les étoiles bonjour à tous, ici marcel, un retraité curieux du monde numérique. je me souviens d'une nuit d'été dans les années 60, allongé dans un champ près de notre vieille maison de campagne. le ciel était si clair qu'on aurait dit qu'un peintre avait jeté des diamants sur une toile noire. ce soir-là, j'ai vu ma première étoile filante, et j'ai fait un vœu qui, me semble-t-il, continue de briller jusque dans ma mémoire.|titre : ma première rencontre avec les étoiles saluz à tous, céans est marcel, un retraité curieux du monde numérique. je me ressouviens d'une nuit d'été ès années soixante, couché en un champ près de nostre vieille maison de campagne. le ciel estoit si cler que l'on eût dit qu'un peintre eût jeté des diamens sur une toile noire. ce soir-là, je vis ma première étoile filante, et je fis un vœu qui, me semble-t-il, continue de luire jusques en ma mémoire.
"cher petit-fils, ah, quelle époque merveilleuse nous vivons ! imagine, à mon âge, je peux discuter avec toi à travers cet écran magique qu'on appelle ""ordinateur"". et ces téléphones intelligents, n'est-ce pas incroyable ? je me souviens du temps où le téléphone avait une roue à tourner. profite bien de ces avancées, c'est un véritable trésor ! avec tout mon amour, papi marcel"|"cher petit-filz, ah, quelle saison merveilleuse nous menons ! imagine, à mon aage, je puis deviser avec toy par cet escharnel magique qu'on nomme ""ordinateur"". et ces téléphones subtilz, n'est ce point incroyable ? je me souvient du temps où le téléphone avoit une roue à tourner. profite bien de ces avancements, c'est un véritable trésor ! avec tout mon amour, papi marcel"
"salut mes petits choux, ici lola du blog ""douceur de vivre"". l'autre jour, en dégustant un gratin de macaronis dans ma cuisine vintage, j'ai été transportée dans la douce nostalgie de mon premier studio étudiant. ce petit cocon aux murs pastel où je faisais bouillir des pâtes avec trois fois rien mais toujours avec une pincée d'amour et d'épices de ma grand-mère. ah, ces moments simples où le charme résidait dans l'authenticité et la chaleur des repas partagés autour d'une table bancale ! "|"salut mes petitz choux, icy lola du blog ""douceur de vivre"". l'autre jour, en dégustant ung gratin de macaronis en ma cuisene vintage, fus transportée en la doulce nostalgie de mon premier estude d’estudiant. cest petit cocon aux murs pastels où faisoye bouillir des pastes avec trois fois rien mais tousjours avec une pincée d’amours et d’espices de ma grand-mère. ah, ces moments simples où le charme gisoye en l'authenticité et la chaleur des repas partagés entour d'une table bancale ! "
salut, moi c'est lucas ! chaque matin, avant d'aller à l'école, j'ai une petite habitude secrète : je parle à mon chat, tigrou, comme si c'était un super agent secret. je lui raconte mes plans de la journée et je lui demande des conseils, même s'il ne fait que miauler en retour. ça me fait toujours sourire et ça me donne l'impression que rien de mauvais ne peut m'arriver tant que tigrou est dans le coup !|saluz, moi suys lucas ! chascun matin, avant d’aller à l’escole, ay une petite coustume secrète : je parle à mon chat, tigrou, comme s’il estoit un grant agent secret. je luy raconte mes devis de la journée et luy demande conseilz, mesmes s’il ne fait que miauler en retour. cela me fait tousjours sourire et me donne l’impression que rien de mauvais ne me puet advenir tant que tigrou est de la partie !
chers amis gourmets, ici laurent leclair, votre chef en quête de perfection. parfois, en manipulant mes robots culinaires modernes, je me surprends à rêver des jours où le temps semblait s'arrêter en fouettant une simple crème à la main. ces gadgets ultra-sophistiqués, bien qu'indispensables, me font regretter la douce musique du couteau tranchant délicatement un oignon. ah, la nostalgie d'une époque où la précision naissait de nos mains habiles et non d'un écran tactile! 🧑‍ #nostalgieculinaire #artisandugoût|chers amys gourmets, cy laurent leclair, vostre chef en queste de perfection. parfois, en maniant mes engins culinaires modernes, je me surprens à songer aux jours où le temps sembloit s'arrester en fouettant une simple cresme à la main. ces engins moult sophistiquez, combien que necessaires, me font regretter la doulce musique du coustel tranchant doucement un oignon. ah, la nostalgie d'une saison où la precision nasquit de noz mains habilles et non d'un ymagier tactile! 🧑‍ #nostalgieculinaire #artisandugoût
cher journal, aujourd'hui, en cours de maths, j'ai eu l'impression que tout le monde comprenait sauf moi. pourtant, j'ai passé des heures à réviser hier soir. parfois, je me demande si je suis à ma place ici, mais je me rappelle que la persévérance est la clé. de retour à la maison, j'ai aidé maman au magasin, et bien que ce soit épuisant, c'est dans ces moments-là que je réalise à quel point le travail acharné est important. à demain, léa.|chier journal, en ce jour, es leçon de mathématiques, il me sembla que chascun entendoit fors que moy. pourtant, j'ai passé maintes heures en revision hier au soir. parfoitz, je me demande si je suys en ma place icy, mais je me ressouviens que persévérance est la clef. de retour à la maison, j'ay aidé ma mère au marché, et bien que ce soit épuisant, c'est en ces moments que je m'aperçoy combien le labeur est de grant importance. jusqu'à demain, léa.
oh là là, mes petits choux, laissez-moi vous raconter ma dernière aventure sportive qui m'a fait vibrer comme une ado de quinze ans ! je suis ginette, la mamie connectée du quartier, et j'ai rencontré monique, une autre mamie super stylée, lors de notre cours de zumba en plein air. ensemble, on a enflammé la piste avec nos mouvements endiablés, et devinez quoi ? on a même décidé de former une équipe pour le tournoi de pétanque du village. qui a dit que les grands-mères ne savaient pas s'amuser ? allez, à bientôt pour d'autres aventures palpitantes !|oh là là, mes petiz chous, laissez-moy vous raconter ma dernière adventure sportive qui m’a faict vibrer comme une damoiselle de quinze ans ! je suis ginette, la mamye connectée du quartier, et j’ay rencontré monique, une autre mamye moult stylée, lors de nostre leçon de zumba en plein air. ensemble, nous avons enflammé la place avec noz mouvements endiablés, et devinez quoy ? nous avons mesmes décidé de former une compagnie pour le tournoi de pétanque du village. qui a dit que les grans-mères ne savoient pas s’esbatre ? allez, à tantost pour d’autres adventures palpitantes !
cher journal, aujourd'hui, j'ai envie de partager une habitude qui a transformé ma vie : la méditation matinale. chaque jour, je m'accorde ces 10 précieuses minutes pour me recentrer et commencer ma journée avec une intention claire. cela m'aide à rester ancrée, même lorsque le tourbillon du quotidien menace de m'emporter. essayez-le, et vous verrez, c’est un véritable cadeau que l’on se fait à soi-même. bisous rayonnants, lola |chier journal, hui, ay en vie de partager une coustume qui a transformé ma vie : la méditation matutinale. chascun jour, m'octroie ces dix précieuses minutes pour me recentrer et commencier ma journée avec une intention clere. cela m'aide à demeurer ancrée, mesmes quant le tourbillon du quotidien me menace d'emporter. essayez-le, et verrez, c’est ung véritable présent que l’on se fait à soy-mesmes. baisers reluisants, lola 
salut, moi c'est léo. l'autre jour, j'ai trouvé le vieux téléphone à clapet de papa dans le tiroir du salon. c'est fou de penser qu'il pouvait envoyer des textos avec ce mini écran, et même jouer à snake ! quand je lui ai demandé comment il faisait sans internet tout le temps, il a juste ri et dit qu'ils jouaient dehors bien plus souvent. c'est un peu comme si je découvrais un trésor du passé !|salut, moi suys léo. l'autre jour, j'ay trouvé le vieil téléphon à clapet de mon père en le tiroir de la sale. c'est mervel à penser qu'il povoit envoyer des textes ove ce petit escrin, et mesmes jouer à la couleuvre! quant je luy ay demandé comment il faisoit sans l'internet à chascun jour, il a seulement ri et a dit qu'ilz jouoient dehors bien plus souvent. c'est un peu comme se je découvrois un trésor du passé !
je m'appelle alex, et chaque matin, je me lève aux aurores pour m'entraîner, car je sais que la discipline conduit au succès. un jour, alors que je travaillais dur à la salle de sport, j'ai rencontré chloé, une athlète passionnée comme moi. notre échange a été bref mais intense, chacun partageant ses rêves et ses défis avec une compréhension mutuelle. cette rencontre m'a rappelé que, même dans la solitude du travail acharné, nous trouvons parfois des alliés inattendus sur notre chemin vers la réussite.|je me nomme alex, et chascun matin, je me lève ès aurores pour m'exercier, car je sçay que la discipline maine au succèz. ung jour, lors que je travailloye ardamment en la salle de l’esport, je rencontray chloé, une athlète passionnée semblable à moy. nostre eschange fut brief mais intense, chascun départageant ses songes et ses défis avec une cognoissance mutuelle. ceste rencontre me rappella que, mesme en la solitude du labeur peinable, nous trouvons parfois des alliés non escomptés sur nostre chemin vers la réussite.
salut, c'est maxime, le marathonien en herbe ! tu sais, j'ai cette habitude un peu bizarre : je fais toujours mes étirements du matin en récitant les formules de maths. une fois, lors d'un entraînement, j'ai tellement bien intégré le théorème de pythagore entre deux séries de squats que j'ai surpris mon prof en lui donnant la réponse avant même qu'il ait fini de poser la question. résultat : j'ai gagné une médaille et un 20 sur 20 ! comme quoi, allier sport et études, c'est vraiment gagnant-gagnant.|saluz, c'est maxime, le maratonien en herbe ! tu sçays, ay je ceste coustume un peu estrange : je faiz tousjours mes estiremens du matin en recitant les formules de mathematiques. une foys, lors d'un entrainement, ay si bien integré le theorème de pythagore entre deux series de squats que je surpris mon maistre en luy donnant la response avant mesmes qu'il eust achevé de poser la question. résultat : ay gagné une medaille et un 20 sur 20 ! comme quoy, allier le sport et les estudes, c'est vraiment gagnant-gagnant.
cher journal, aujourd'hui, j'ai encore eu une embrouille avec kevin. sérieux, il m’a pris la tête pour rien, juste parce que j’ai pas répondu direct à son message. franchement, j’en ai marre de ces histoires qui partent en vrille pour des broutilles. j’espère qu’on pourra se parler demain et arranger ça, parce que c’est lourd ces tensions pour rien.|chier journal, en ce jour, encore me suis-je trouvé en débat avec kevin. de vray, il m’a fort ennuyé pour néant, pour ce que point n’ai-je répondu promptement à son message. vrayment, suis-je las de ces contensieux qui se tournent en querelles pour des riens. espère que demain pourrons-nous parler ensemble et réparer cela, car bien pesantes sont ces tensions pour néant.
salut la tribu des globe-trotteurs ! c'est sophie, votre aventurière solo préférée.  après des mois de road trip à travers des paysages à couper le souffle, je réalise que le vrai luxe n'est pas dans les hôtels 5 étoiles, mais dans ces petits hébergements authentiques où l'on se réveille au son des vagues ou du chant des oiseaux. chaque lieu devient une page de mon histoire, chaque rencontre une leçon de vie.  qui d'autre pense que le voyage est la meilleure école de la vie ?  #voyagesolo #aventureauthentique #histoiresdevoyage|salut à la tribu des pérégrinateurs ! c'est sophie, vostre aventurière solo préférée. après maints mois de chevauchée par terres et par monts de beaulté exquise, je m'aperçoy que le vray luxe ne se trouve mie en hostelleries de cinq estoiles, mais en ces petites hostelleries authentiques où l'on s'esveille au son des vagues ou du chant des oiseaulx. chascun lieu devient une page de mon histoire, chascune rencontre, une leçon de vie. qui plus est ceulx qui pensent que le voyage est la meilleure escole de la vie ? #voyagesolo #aventureauthentique #histoiresdevoyage
salut, c'est léa ! aujourd'hui, après l'école, moi et mes copains, on a décidé d'aller au parc pour tester le nouvel avion en papier que théo a fabriqué. en arrivant, on a même croisé une famille de canards qui se promenaient près de l'étang, c'était trop mignon ! on a passé l'après-midi à rigoler et à faire des concours pour voir qui pouvait le lancer le plus loin, et je crois que c'est moi qui ai gagné, même si théo dit que c'était lui. c'était une journée vraiment chouette et j'ai hâte de recommencer demain !|salut, c'est léa ! en ce jour, après l'escole, moy et mes compains, avons décidé d'aller au parc pour esprouver le nouvel avion de papier que théo a façonné. en arrivant, avons mesmement rencontré une famille de canards qui se promenoient près de l'estang, c'estoit moult mignon ! avons passé l'après-midi à rire et à faire des jeux pour veoir qui le pourroit lancer le plus loing, et je croy que c'est moy qui ay gagnié, mesmement se théo dit que c'estoit luy. c'estoit une journée moult belle et j'ay grant desire de recommencer demain !
"objet : la grande aventure de la vie en famille ! salut mes petites étoiles , ah, la famille... ce cadeau inestimable qui nous arrose constamment de sages conseils et d'habitudes ancestrales.  par exemple, chez nous, c'est une tradition de commenter chaque bouchée que je prends, histoire de m'assurer que je n'oublie jamais que le chocolat ""est le diable en barre"", selon ma chère tante sophie. merci, la famille, pour ces moments d'amour et de rappel quotidien de ce que je devrais vraiment éviter pour ""rester dans les normes"".  bisous en chocolat (mais chut, ne le dites pas à sophie !), lila "|"objet : la grande adventure de la vie en famille ! salut mes petiz estoilles , ah, la famille... ce don inestimable qui nous arrouse continuellement de saiges conseils et de coustumes anciennes.  par exemple, chez nous, c'est une costume de commenter chascune des bouchées que je prens, histoire de m'assurer que je n'oublie jamais que le chocolat ""est le dyable en barre"", selon ma chiere tante sophie. grâces en soient rendues à la famille pour ces momens d'amour et de souvenance quotidienne de ce que je devroye vraiment eschever pour ""demourer dans les normes"".  baisiers en chocolat (mais chut, ne le dites mie à sophie !), lila "
je m'appelle alex et, à vrai dire, je suis exténué. chaque matin, peu importe à quel point je suis fatigué, je prends l'habitude de me préparer un café noir avant d'affronter la journée. ce moment précis, ce rituel presque sacré, est la seule chose qui m'offre une pause dans le tourbillon incessant de mes études de médecine. sans ce petit répit, je ne sais pas comment je tiendrais le rythme effréné de cette vie d'étudiant.|je me nomme alex et, à vray dire, suis moult exténué. chascun matin, quelque soit combien suis las, je m'applique à me préparer un café noir avant que de commencer la journée. cestuy moment précis, ce rituel quasi sacré, est l’unique chose qui me donne répit en l'ouragan sans cesse de mes études de médecine. sans ceste petite pause, je ne sçay comment je pourroye tenir le pas effrené de ceste vie estudiantine.
je m'appelle alex, et chaque jour, je me lève à l'aube pour mon entraînement. hier, après une journée bien remplie faite de sprints et de séries de pompes, j'ai assisté à une fête organisée par mon club. c'était l'occasion parfaite pour se détendre un peu, tout en restant concentré sur mes objectifs. même au milieu des rires et de la musique, je gardais en tête l'importance de maintenir mon rythme de vie équilibré et discipliné.|je me nomme alex, et chascun jour, je me lève à l’aube pour mon entresinement. hierv, après une journée bien emplie faicte de sprints et de séries de pompeures, j’assistay à une feste ordonnée par mon cloube. ce fust l’occasion parfaicte pour se délasser quelque peu, tout en demeurant concentré sur mes fins. mesme au milieu des ris et de la musique, je gardoye en pensée l’importance de maintenir mon rythme de vie bien balancé et discipliné.
salut tout le monde, ici clara !  aujourd'hui, je voulais vous parler d'un souvenir marquant qui a vraiment façonné ma vision du travail.  il y a quelques années, lors de mon premier stage, j'ai eu la chance de collaborer avec une équipe super inspirante. cette expérience m'a appris à toujours suivre ma passion et à ne jamais sous-estimer la puissance du travail d'équipe. 🤝 dites-moi en commentaire vos moments marquants à vous ! |salutz à tous, céans clara ! en cé jor, je désiroye vous deviser d'un souvin remirable qui moult a formé ma veue du labeur. or, y a moult ans, lors de mon premier apprentissage, j'eusse la fortunë de besogner avec une compaignie moult inspirante. ceste expérience me fist apprendre de tousjours ensuivre ma passion et de jamais sous-estimer la puissance de l'ouvrer en compaignie. dites-moy en commentaire voz souvins remirables à vous !
yo les gars, c'est sam !  aujourd'hui, en rentrant du lycée, j'étais dans le rer et j'ai croisé une vieille pote que j'avais pas vue depuis le collège. trop de souvenirs qui remontent, on s'est posé et on a parlé tout le trajet. comme quoi, les transports, c'est pas toujours la galère ! |oy messires, c'est sam !  ce jour, en retournant du lycée, estois en le rer et rencontray une ancienne amye que n'avoye point veuë depuis le collège. trop de souvenances qui resurgissent, nous nous assîmes et devisames tout le voyage. comme quoy, les convoiures ne sont point tousjours peine et misère ! 
je me souviens encore, avec une précision presque douloureuse, des dîners du dimanche dans la cuisine de ma grand-mère, où chaque plat était une œuvre d'art en soi. elle m'a appris, non seulement à respecter les ingrédients, mais à écouter leur histoire, à saisir leur essence. ces moments ont forgé en moi une quête insatiable de la perfection culinaire, un désir de perpétuer ce langage silencieux entre le goût et l'âme. aujourd'hui, en tant que chef, je m'efforce chaque jour de recréer cette magie, en espérant que mes convives ressentent cette même émotion pure et authentique avec chaque bouchée.|je me ressouviens encore, avec une precision presque douloureuse, des disners du dimanche en la cuisine de ma grand-mere, où chascun plat estoit une œuvre d'art en soy. elle m'a aprins, non seulement à honnourer les ingredients, mais aussi à escouter leur histoire, à saisir leur essence. ces moments ont forgé en moy une queste insatiable de la perfection culinaire, un désir de perpetuer ce langage silencieux entre le goust et l'ame. aujourd'huy, en tant que chef, je m'efforce chascun jour de recreer ceste magie, en esperant que mes convives ressentent ceste mesme emotion pure et autentique avec chascune bouchee.
cher journal, oh là là, quelle journée mémorable j'ai vécu en ce printemps de mes jeunes années, il y a de cela bien longtemps ! c'était un après-midi radieux, et je me souviens comme si c'était hier de cette promenade au bord de la rivière, avec mon cher jules, qui m'a tendu la main pour la première fois en me confiant son cœur. ah, ces moments-là, on les garde précieusement dans le petit coffre à trésors de notre mémoire, n'est-ce pas ? ils réchauffent l'âme et mettent du baume au cœur, même des décennies plus tard.|chier journal, o là là, quelle journee memorable j'ay vescu en ce printemps de mes jeunes ans, y a de cela moult longtemps ! c'estoit un après-midy radieux, et je me souvien comme si c'estoit hier de ceste promenade au bort de la rivière, avec mon chier jules, qui me tendit la main pour la première foys en me confessant son cœur. ah, ces moments-là, on les garde précieusement en le petit coffre à trésors de nostre memoire, ne sont-ils pas ? ils réchauffent l'âme et mettent du baume au cœur, mesmes des décennies plus tart.
chère emma, ah, ma chérie, chaque fois que je sors mon vieil ipad pour feuilleter des photos, je repense à nos après-midis passés à siroter des frappuccinos au caramel, assises sur ce banc au parc. tu te souviens comme on se marrait en regardant les passants et en commentant leurs tenues ? c'était notre petit rituel, un moment juste à nous, où le temps semblait s'arrêter. qui aurait cru qu'une grand-mère branchée comme moi te manquerait autant ces doux instants ? avec tout mon amour, mamie chloé |chère emma, ah, ma treschiere, chascune fois que je tire mon vieil ipad pour feuilleter maintes ymages, je me ressouviens de noz après-dinées passées à boire des frappuccinos au caramel, assises sur ce banc en la place des herbes. te souviens-tu combien nous nous esbaudissions en regardant les passans et en devisant de leurs atours ? c'estoit nostre petit rituel, ung moment que pour nous, où le temps sembloit se suspendre. qui eust creü qu'une grand-mère aussi moderne que moy vous manqueroit ces doulx instans ? avec tout mon amour, mamye chloé 
"ah, la technologie ! cette amie bienveillante qui, un matin, a décidé de me ""simplifier"" la vie. je me souviens encore de ce jour où mon cher assistant vocal a choisi de me réveiller à 3h du matin avec une douce symphonie de rock métal, prétendant que c'était l'heure parfaite pour commencer ma journée ""optimisée"". mes enfants ont adoré ce réveil nocturne improvisé, et moi, pierre, père célibataire organisé, j’ai redécouvert la joie de préparer des tartines à la lumière des étoiles, le sourire ironique aux lèvres."|ah, la technologie ! ceste amie bienveillante qui, ung matin, a délibéré de moy «simplifier» la vie. je me souviens encores de ce jour où mon cher assistant vocal a esleu de me resveiller à trois heures du matin avec une doulce symphonie de rock métal, prétendant que c'estoit l'heure parfaite pour commencer ma journée «optimisée». mes enfans ont amé cesti resveil nocturne improvisé, et moy, pierre, père célibataire ordonné, j’ay redécouvert la joye de préparer des tartines à la lumière des estoiles, le sourire ironique aux lèvres.
"salut la tribu ! ici léa la nomade, votre aventurière préférée . vous connaissez ce moment où vos potes vous disent ""viens squatter chez nous, ça va être comme à la maison !"" et que vous réalisez qu'ils n'ont plus de canapé, mais une collection de coussins de yoga ? 🧘‍ résultat : je dors mieux dans mon van que chez mes amis !  #aventurièredesalon #yogiinvolontaire #vanlifevibes"|"salutz à la tribu ! cy léa la nomade, vostre aventurière préférée . connoissez-vous cestuy moment où voz amis vous dient ""vieng loger à nostre hostel, ce sera comme à la maison !"" et que vous vous appercevez qu'ilz n'ont plus de couche, mais une collection de coissins de yoga ? 🧘‍ résultat : je dorme mieulx en mon chariot que chez mes amis !  #aventurièredesalon #yogiinvolontaire #vanlifevibes"
salut, je m'appelle lucas ! un jour, pendant les vacances d'été, j'ai rencontré un vieux monsieur qui s'appelait maurice au parc. il m'a raconté qu'il avait construit un avion en papier tellement grand qu'il avait volé au-dessus de l'école entière quand il était petit. depuis, chaque fois que je plie une feuille pour en faire un, je pense à maurice et à son incroyable histoire d'avion géant.|saluz, je me nomme lucas ! ung jour, pendant les vacacions d'esté, je rencontray ung vieil homme nommé maurice au parc. il me conta qu'il avoit basti ung avion de papier tant grand qu'il avoit volé dessus toute l'eschole quant il estoit petit. depuis lors, chascune foiz que je plie une feuille pour en faire ung, je pense à maurice et à sa merveilleuse histoire d'avion géant.
cher(e) [nom de l'ami(e)], je prends plume aujourd'hui pour te conter mes journées bien remplies entre le travail de la terre et les veillées à étudier les secrets de notre métier artisanal. l'autre jour, lors du marché au village, j'ai fait une rencontre fort inspirante avec un vieux compagnon d'art, maître en ferronnerie, qui m'a partagé des astuces que je m'empresse d'essayer dans l'atelier. avec toute mon amitié, [nom de l'artisan]|chier(e) [nom de l'ami(e)], je pren plume en ce jour pour te narrer mes journées plenes entre le labour de la terre et les veillées à estudier les secrets de nostre mestier d'artisan. l'autre jour, ès le marché du village, je fis une rencontre moult inspirante avec un vieil compagnon d'art, maistre en ferronnerie, qui me conta moult astuces que je m'empresse d'assaier en l'atelier. avec toute mon amitié, [nom de l'artisan]
je m'appelle éléonore dubois, et, bien que je passe la plupart de mes journées plongée dans les pages des livres anciens, je ne peux m'empêcher de m'émerveiller devant l'évolution de la technologie qui, en quelque sorte, transforme nos voyages en de véritables aventures modernes. jadis, ces expéditions prenaient des mois, voire des années, alors qu'aujourd'hui, un simple billet électronique nous transporte en quelques heures vers des contrées lointaines. il est fascinant de constater comment nos bibliothèques numériques, riches de récits de voyageurs d'antan, se mêlent à notre capacité actuelle de découvrir le monde autrement—et cela, sans jamais quitter le confort d'un fauteuil feutré. la technologie, à mes yeux, ouvre des portes vers l'inconnu tout en nous permettant, paradoxalement, d'approfondir notre compréhension du monde qui nous entoure.|je me nomme éléonore dubois, et, combien que je passe la plupart de mes journées plongée ès les pages des livres anciens, je ne puis m'empescher de m'esmerveiller devant l'évolution de la technologié, qui, en quelque façon, transforme noz voyages en de véritables aventures modernes. naguères, ces expéditions prenoient des mois, voire des années, lors qu'ores, ung simple billet électronique nous transporte en quelques heures vers des contrées lointaines. il est merveilleux de veoir comment noz bibliothèques numériques, riches de récits de voyageurs d'antan, se meslent à nostre capacité actuelle de découvrir le monde autrement—et ce, sans jamais quitter le confort d'un fauteuil feutré. la technologié, à mes yeulx, ouvre des portes vers l'inconnu tout en nous permettant, par paradoxe, d'approfondir nostre entendement du monde qui nous entoure.
"salut la team ! ici max ""le marathonien"" dumont ‍. vous savez, avoir des amis c'est comme la muscu : faut y aller régulièrement sinon ça devient mou . et croyez-moi, si mes potes étaient aussi motivés que moi à 6h du mat', on aurait tous des abdos en béton et des fous rires à la pelle !  #amitiéversionsport #échauffementsocial"|"salutz à la compaignye ! c'est cy max ""le marathonien"" dumont ‍. vous sçavez, avoir des amys est comme la gymnase : il fault y aler souvent, autrement cela devient mol . et croyez-moy, se mes compaignons estoient aussi enclins que moy à 6h du matin, nous aurions tous des ventres de fer et des risées à foison !  #amitiéversionesbat #eschauffementsocial"
je m'appelle marcel, et je suis un vieux potier du périgord. je me souviens encore de ce jour où, à mes quinze ans, j'ai troqué mon tablier contre un sac d'école pour apprendre les chiffres et les lettres. c'était au village, dans la petite école à côté de l'église, où madame dupuis, la maîtresse, m'a montré comment lire les histoires cachées dans les livres. bien que je ne sois pas resté longtemps sur les bancs, cette parenthèse m'a ouvert l'esprit et a forgé ma passion pour raconter des histoires, aujourd'hui gravées dans chaque pot que je façonne de mes mains.|je me nomme marcel, et je suis ung vieil potier du périgord. je me ressouviens encore de ce jour où, à mes quinze ans, je troquai mon tablier contre ung sac d'escole pour aprendre les chiffres et les lettres. c'estoit au village, en la petite escole près de l'église, où dame dupuis, la maistresse, me monstra comment lire les histoires cachées en les livres. quoyque je ne demeurasse pas longuement sur les bancs, ceste parenthèse m'ouvrit l'esprit et forgea ma passion pour raconter des histoires, aujourd'ui gravées en chascun pot que je façonne de mes mains.
chère sophie, je me souviens encore de ces matins brumeux où nous courions ensemble autour du lac, juste avant le lever du soleil. chaque foulée était un pas vers nos rêves, mais aussi un retour vers cette habitude si précieuse qui me rappelle pourquoi j'ai choisi cette voie. ces moments partagés ont forgé ma discipline et alimenté ma motivation, et je chéris chaque souvenir de cette époque où le monde semblait s'éveiller à notre rythme. avec nostalgie, alexandre|chère sophie, je me souviens encor de ces matins brumeux où nous courions ensemble autour du lac, juste avant que le soleil ne levast. chascune foulée estoit un pas vers noz rêves, mais aussi un retour vers ceste habitude si précieuse qui me recorde pourquoy j'ay esleu ceste voie. ces moments partagés ont forgé ma discipline et alimenté ma motivation, et je chéris chascun souvenir de ceste époque où le monde sembloit s'esveiller à nostre rythme. avec nostalgie, alexandre
salut les aventuriers, ici jade vagabonde! alors, parlons du logement, ce fabuleux art de dormir n'importe où sauf dans un lit confortable! qui n'aime pas passer une nuit à la belle étoile avec seulement une bâche trouée pour se protéger d'une pluie torrentielle? après tout, rien ne vaut le frisson de se réveiller avec une famille de hérissons partageant votre sac de couchage! ah, le luxe des globetrotteurs intrépides! |salutations, ô aventuriers, céans jade la vagabonde! or sus, parlons de l'ostel, ce merveilleux art de dormir en tous lieux fors en un lit confortable! qui ne se délecte point de passer une nuit à la belle étoile avec pour seule protection une couverture percée contre la pluie torrentielle? après tout, nul plaisir n'est égal au frisson de s'éveiller avec une famille de hérissons partageant vostre sac de couchage! ah, le luxe des hardis voyageurz du monde! 
salut, c'est julien... j'espère que ça va de ton côté. écoute, entre deux cours et les gardes à l'hôpital, je rêve juste d'évasion. tu sais, la technologie me fascine toujours, surtout quand je vois comment elle peut nous transporter virtuellement à l'autre bout du monde en une fraction de seconde, mais franchement... rien ne vaut un vrai voyage loin des bouquins de médecine. bon, je retourne à mes révisions, à plus !|seigneur, c'est julien... espère que tout va bien de vostre costé. escoutez, entre deux leçons et les gardes à l'hôpital, je rêve seulement d'esvasion. vous sçavez, la technologie me fascine toujours, surtout quant je voy comment elle peut nous transporter virtuellement à l'autre bout du monde en une fraction de seconde, mais vrayement... rien ne vault un vray voyage loing des livres de médecine. bon, je retourne à mes révisions, à tantôt !
"salut, c’est maxime ""le roc"" dubois.  aujourd'hui, la pluie tambourine contre ma fenêtre, mais elle ne fait qu'amplifier le feu qui brûle en moi. chaque goutte qui tombe est une chance de plus de prouver que rien ne m'arrête. la météo ne dicte pas ma détermination, elle la forge. on ne lâche rien, peu importe le temps qu'il fait ! #pasdexcuses #forceetcourage"|"salutations, c'est maxime ""le roc"" dubois.  en ce jour, la pluye tambourine contre ma fenestre, mais elle ne fait qu'amplifier le feu qui brule en moy. chascune goutte qui cheoit est une occasion de plus de monstrer que rien ne m'arreste. le temps ne dicte pas ma détermination, il la forge. ne laissons point, quel que soit le temps qu'il soit ! #nulzexcuses #forceetcourage"
ah, internet, quelle invention incroyable ! ici, c’est gérard, un vieux de la vieille qui se penche sur le monde numérique pour la première fois. en rangeant mes vieilles affaires, je suis tombé sur une photo décolorée de ma rencontre avec lucette à la gare de lyon. c’était en 1965, et je me souviens encore de la vapeur du train qui s’élevait dans l’air frais du matin, tandis que nos regards se croisaient timidement. ah, que de souvenirs... les voyages en train avaient un charme que rien ne remplacera jamais.|ah, internet, quelle invention merveilleuse ! icy est gérard, ung vieil routier qui se tourne vers le monde numérique pour la première fois. en rangeant mes vieilles choses, je suis tombé sur une peinture décolorée de ma rencontre avec lucette à la gare de lyon. c’était en l’an de grâce mil neuf cent soixante-cinq, et je me souviens encore de la vapeur du train qui s’élevoit en l’air frais du matin, tandis que nos regards se croisoient humblement. ah, que de souvenirs... les voyages en train avoient un charme que rien ne remplacera jamais.
salut chérie, c'est maman. je viens de retrouver une vieille photo de nous tous à la plage, et ça m'a donné un coup de nostalgie. tu te souviens de ces étés où on passait des heures à construire des châteaux de sable sans se soucier du temps qui passe ? malgré le tourbillon de la vie quotidienne, j'espère qu'on pourra bientôt recréer ces moments tous ensemble. je t'embrasse fort, ma douce.|salut mignonne, c'est maman. je viens de retrouver une ancienne ymage de nous touz à la plage, et cela m'a donné un coup de mélancolie. te souviens-tu de ces estés où nous passions des heures à bastir des chastels de sable sans nous soucier du temps qui coule ? malgré le tourbillon de la vie quotidienne, j'espère que nous pourrons tantost revivre ces moments tous ensemble. je t'embrasse fort, ma douce.
ah, ma douce marie, tu sais, dans mon temps, se déplacer était toute une aventure. je me souviens encore des jours où je prenais le tramway pour aller au marché du village ; les bancs en bois grinçaient à chaque tournant, et nous riions en entendant le conducteur raconter ses histoires. c'était une époque où l'on prenait le temps de discuter avec ses voisins de siège, et chaque trajet était une occasion de créer des souvenirs précieux. aujourd'hui, tout va si vite, mais ces moments de partage me réchauffent encore le cœur.|ah, ma doulce marie, tu sçays, en mon temps, se mouvoir estoit toute une adventure. je me souviens encore des jours où je prenois le tramway pour aler au marché du village ; les bancs de bois grincoyent à chascun tournois, et nous riions en oyant le conducteur raconter ses histoires. c'estoit une époque où l'on prenoit le temps de deviser avec ses voisins de siège, et chascun trajet estoit une occasion de forger de précieux souvenirs. aujourdhuy, tout va si viste, mais ces moments de partage me réchauffent encore le cueur.
je me souviens encore avec un sourire immense de ce voyage en train vers marseille avec chloé et maxime, mes acolytes de toujours. assis dans ce wagon coloré, nos carnets de croquis ouverts sur nos genoux, nous avons passé des heures à dessiner les paysages qui défilaient à toute allure, mélangeant fous rires et silences inspirés. le cliquetis régulier des rails ponctuait nos discussions animées sur l'art et la vie, et chaque gare traversée était une nouvelle toile qui s'offrait à nos yeux émerveillés. ces moments partagés, suspendus entre le mouvement et la création, resteront à jamais gravés dans mon cœur d'artiste passionnée.|je me souviegne encor oveq un soureir immense de ce voiage en train vers marseille oveq chloé et maxime, mes compaignons de touz iours. assis en ce chariot coloré, noz cahiers de croquis ouvrez sur noz genoiz, avés passé maintes heures à portraire les paysages qui defiloient à toute alure, melexant fous rires et silences inspirés. le cliquetis regulier des rails ponctuoit noz paroles animées sur l'art et la vie, et chascune gare traversée estoit une novele toile qui s'offroit à noz yeulx esmerveillés. ces moments partagés, suspenduz entre le mouvement et la creacion, demouront à jamais gravez en mon cuer d'artiste passionnée.
ah, que le bonjour vous soit doux ! ici, henri, un vieux bonhomme de 75 printemps. quand je regarde par la fenêtre de ma maison, le temps semble jouer à cache-cache avec moi, alternant entre soleil radieux et nuages capricieux. ces caprices du ciel me rappellent mes voyages d'antan, où chaque destination était une nouvelle aventure, avec son propre climat à apprivoiser. quel bonheur c'était de sentir le vent salé sur le pont d'un navire ou la chaleur du soleil sur les pavés d'une vieille ruelle !|ah, que le bon jour vous soit doulx ! ici, henri, ung vieil bon homme de lxxv printemps. quant je regarde par la fenestre de ma maison, le temps semble jouer à cache-cache avec moy, alternant entre soleil radieux et nues capricieux. ces caprices du ciel me rappellent mes voyages d'antan, où chascune destination estoit une nouvelle adventure, avec son propre climat à aprivoiser. quel bonheur c'estoit de sentir le vent salé sur le pont d'un navire ou la chaleur du soleil sur les pavés d'une vieille ruelle !
cher journal, aujourd'hui, je me suis aventuré sur cette drôle de toile qu'on appelle internet, et cela m'a rappelé une vieille querelle avec mon collègue de l'usine, jean-michel. ah, que de souvenirs! nous nous étions disputés pour une histoire de pause-café, un détail bien futile avec le recul, mais à l'époque, cela semblait si important. maintenant, en explorant ce monde virtuel, je réalise combien le travail et les petites querelles de jadis façonnent encore aujourd'hui mes pensées. bien à toi, marcel.|chier journal, ce jourd’huy, je me suis aventuré sur ceste estrange toile que l’on nomme internet, et cela m’a remembré une vieille querelle avec mon compaignon de l’usine, jean-michel. ah, que de souvenance! nous nous estions débattus pour une affaire de pause-café, un détail bien vain avec le recul, mais à l’époque, cela sembloit si important. or, en explorant ce monde virtuel, je m’avise combien le labeur et les petites querelles d’antan façonnent encore aujourd’uy mes pensées. bien à toy, marcel.
salut, moi c’est lucas, j’ai 12 ans et ma passion, c’est... les devoirs ! oui, tu as bien entendu, j’adore passer des heures à suer devant des exercices de maths impossibles pendant que mes copains jouent au foot dehors. franchement, y a rien de mieux que de transformer ma chambre en bibliothèque poussiéreuse, entouré de manuels scolaires fascinants. et puis, qui n'aime pas passer son weekend à rédiger des rédactions interminables au lieu de regarder des dessins animés ? ah, la vie de rêve !|salutations, moy je suys lucas, âgé de douze ans, et ma passion, c’est... les labeurs d’escolle ! ouy, tu as bien entendu, j’ayme passer moult heures à suer devant des labeurs de mathématiques malaisés, tandis que mes compaignons jouent à la balle hors de la maison. par ma foy, il n’est rien de meilleur que de transmuer ma chambre en librairie poussiéreuse, entouré de livres d’escolle mirifiques. et puis, qui n'ayme point passer son jour de repos à composer des lettres interminables au lieu de regarder des peintures animées ? ah, la vie de songe !
cher journal, aujourd'hui, c'était une journée intense mais incroyablement satisfaisante. je me suis levé à l'aube pour une séance de course sur la plage de sydney, et à chaque foulée, je pouvais sentir l'énergie de l'océan me pousser à aller plus loin. après une bonne dose de surf, j'ai pris le temps de méditer sur ma prochaine compétition à tokyo. voyager m'ouvre l'esprit, et je suis plus déterminé que jamais à donner le meilleur de moi-même. amicalement, lucas|chier journal, hui, ce fu une journee intense mais merveilleusement plaisante. je me levay à l’aube pour une session de course sur la plage de sydney, et à chascun pas, je povois sentir l'energié de l’oceán me pousser à aller plus loing. après une bonne dose de surfaire, je pris le temps de mediter sur ma prochaine compétion à tokyo. voyager m’ouvroit l’esprit, et je suys plus déterminé que jamais à donner le meilleur de moy-mesme. amicalement, lucas
chère journal, aujourd'hui, en écoutant les rires des enfants dans le jardin, je me suis surprise à rêver de ces voyages que je ne cesse de repousser. entre les réunions de travail, les courses et les devoirs des petits, je me demande si un jour je trouverai le temps pour parcourir le monde. parfois, je me perds à imaginer nos aventures familiales, découvrant de nouveaux horizons et créant des souvenirs inoubliables. peut-être qu'un jour, ces rêves deviendront réalité, mais pour l'instant, je me contente de voyager à travers les pages de mon imagination. avec affection, sophie|très chier journal, en cestuy jour, en oyant les ris des enfans en l’jardin, me surpris-je à songer à ces voyages que je ne cesse de remettre à plus tart. entre les assemblées de labeur, les emplettes et les devoirs des petiz, je me demande se oncques trouveray-je le temps pour courir le monde. parfoys me perds-je à imaginer noz adventures familiales, découvrant nouveaux marchiz et forgeant souvenirs inoubliables. peut-estre qu’un jour ces songes deviendront réalitez, mais pour l’heure, me contente-je de voguer par les pages de mon imagination. avec affection, sophie
ah, laissez-moi vous raconter cette histoire qui remonte à quelques décennies. c'était l'époque où je passais mes journées à bricoler dans mon atelier, entouré de mon bois et de mes outils, une passion qui coulait dans mes veines comme un bon vin. un jour, ma chère marguerite, avec son caractère aussi pétillant qu'un feu de cheminée, a osé me dire que je passais trop de temps parmi mes copeaux. oh, quelle dispute mémorable nous avons eue ce jour-là, mais vous savez, c'est en se chamaillant qu'on renforce l'amour, et on en riait encore autour d'un bon café le lendemain.|ah, laissez-moi vous conter ceste histoire qui remonte à quelques décennies. c'estoit le temps où je passois mes journées à bricoler en mon atelier, entouré de mon bois et de mes outils, une passion qui couloit en mes veines comme un bon vin. ung jour, ma chière marguerite, avec son caractère aussi pétillant qu'un feu de cheminée, osa me dire que je passois trop de temps parmi mes copeaux. o, quelle dispute mémorable eûmes-nous ce jour-là, mais vous sçavez, c'est en se chamaillant qu'on renforce l'amour, et nous en riions encore autour d'un bon café le lendemain.
cher journal, aujourd'hui, j'ai eu l'immense privilège de rencontrer l'adorable marie-anne, la baby-sitter recommandée par ma mère (parce que bien sûr, maman sait toujours mieux). elle est arrivée pile à l'heure pour que je puisse aller à la fameuse fête d'anniversaire de mon collègue où l'on s'est tous retrouvés à discuter de la qualité de l'eau en bouteille. quelle soirée palpitante! ah, la vie de père célibataire organisé, où chaque moment est une aventure inoubliable. avec toutes mes ironies, jean-luc|chier journal, hui, j'ay eu l'immense privilège de rencontrer la gracieuse marie-anne, la nourrice recommandée par ma mère (car, bien entendu, mère sait tousjours mieulx). elle est arrivée à point pour que je puisse aller à la fameuse feste d'anniversaire de mon collègue, où nous nous assemblâmes tous à deviser de la qualité de l'eaue en bouteille. quelle soirée palpitante ! ah, la vie de père célibataire ordonné, où chascun moment est une aventure inoubliable. avec toutes mes ironies, jehan-luc
je m'appelle sophie, maman de trois enfants toujours pressés, et chaque matin, c'est la course contre la montre pour tout organiser. entre les embouteillages interminables et les transports en commun bondés, j'ai l'impression que le temps m'échappe et que chaque trajet se transforme en véritable expédition. j'aimerais tant que le transport soit synonyme de tranquillité plutôt que de stress, mais pour l'instant, je me contente de jongler entre les trajets en voiture et les bus scolaires tout en rêvant d'une organisation plus sereine.|je me nomme sophie, mère de trois enfans tousjours pressés, et chascun matin, c'est la course contre l'horloge pour tout ordonner. entre les embouteillages sans fin et les charriots communs bien remplis, il me semble que le temps s'enfuit et que chascune chevauchée se mue en véritable expédition. je souhaicterais tant que le transport fût synonyme de paisibilité plustost que de tourment, mais pour l'instant, je me contente de jongler entre les trajets en chariot et les buses scolaires tout en songeant à une ordonnance plus tranquille.
ah, laissez-moi vous raconter une petite histoire de mon cru. je m'appelle chef julien leclerc, et dans ma quête incessante de la perfection, j'ai décidé de rénover notre humble demeure familiale pour y ajouter une cuisine de mes rêves, équipée de chaque gadget culinaire que l'on puisse imaginer. ironiquement, alors que chaque fourchette et cuillère à soupe a trouvé sa place harmonieuse, ma chère mère a décidé que les murs d'un blanc immaculé étaient trop stériles, et les a recouverts de ses horribles assiettes en porcelaine de collection. ainsi, dans ma cuisine parfaite, tandis que je mijote des plats dignes des plus grands restaurants, je suis entouré de scènes de campagne ringardes, un véritable festin pour les yeux... mais de la mauvaise façon.|ah, laissez moy vous compter une petite histoire de mon fait. je me nomme maistre julien leclerc, et en ma quęte incessante de la perfection, j'ay décidé de rénover nostre humble demeure familiale pour y adjoindre une cuisine de mes rêves, équipée de chascun instrument culinaire que l'on puisse imaginer. ironie du sort, lors que chascune fourchette et cuiller à pot a trouvé sa place harmonieuse, ma chère mère a jugé que les murs d'un blanc immaculé estoient trop stériles, et les a faits couvrir de ses horribles assiettes de porcelayne de collection. ainsi, en ma cuisine parfaite, tandis que je mitonne des mets dignes des plus grands hostels, je suis entouré de scènes de campagne plébéiennes, ung véritable festin pour les yeux... mais à la mauvaise façon.
cher journal, aujourd'hui, le ciel pleure à ma place. entre deux réunions et les rires des enfants que je chéris tant, je sens que le poids de la solitude s'alourdit, comme les nuages chargés de pluie. pourtant, chaque goutte qui frappe la fenêtre me rappelle que derrière ce voile humide, le soleil finit toujours par revenir. peut-être est-ce là un message pour ne jamais perdre espoir. amitiés, thomas|cher journal, hui, le ciel ploure pour moy. entre deux assemblées et les ris des enfans que tant chéris, je ressens que le faix de la solitude s'engrève, comme les nuees chargées de pluye. toutefois, chascune goute qui frappe la fenestre me ressouvient que derrière ce voile humide, le soleil à la parfin revient tousjours. peut-estre est-ce là ung message pour ne jamais perdre esperance. amitiés, thomas
salut mes petites étoiles !  c'est chloé ici, votre influenceuse préférée. alors aujourd'hui, je voulais partager avec vous ma passion débordante pour les transports en commun, ce lieu magique où je passe la moitié de ma vie, coincée entre un inconnu qui joue de l'accordéon et une dame qui raconte sa vie à son chien. 🤪 et puis, bien sûr, il y a le boulot, cet endroit où je vais chaque jour pour boire un café à 4 euros et regarder mon écran d’ordinateur comme si j'allais y découvrir le sens de la vie.  allez, je vous laisse, c’est l’heure de mon métro quotidien !  #viederêve #ironiedujour|salutations, mes petites estoilles !  c'est chloé ici, vostre influenceuse préferée. or donc, en ce jour, je desirois partager avec vous ma passion ardente pour les transports en commun, ce lieu magique où je passe la moitié de ma vie, emprisonnée entre un estranger qui jouë de l’accordéon et une dame qui conte sa vie à son chien. 🤪 et puis, bien entendu, il y a le labeur, ce lieu où je me rends chascun jour pour boire un cafet à quatre escuz et contempler mon escrain d'ordinateur comme si j'allois y descouvrir le sens de la vie.  adonc, je vous quitte, c’est l’heure de mon métropolitain quotidien !  #viederêve #ironiedujour
"je m'appelle claire et je suis la sherlock holmes des réunions de famille, cachée derrière mes lunettes. ah, la famille ! cette douce cacophonie où tout le monde parle en même temps et personne ne s'écoute vraiment. c'est fascinant de voir comment une simple question, comme ""qui va faire la vaisselle ?"", peut se transformer en débat philosophique sur l'égalité et les droits humains. et moi, timide détective, je prends des notes mentales, tout en me demandant si un jour je comprendrai cette comédie humaine où l'on rit, se chamaille, et finit toujours par se serrer dans les bras."|"je me nomme claire et suis la sherlock holmes des assemblées familiales, dissimulée derrière mes lunettes. ah, la famille ! cette douce cacophonie où chacun s'esbat à parler en mesme temps et nul ne s'écoute vraiment. il est bien fascinant de veoir comment une simple question, telle que ""qui fera la vaisselle ?"", peut se muer en débat philosophique sur l'égalité et les droiz humains. et moy, timide détectrice, je prends des notes mentales, tout en me demandant si un jour je comprendrai cette comédie humaine où l'on rit, se chamaille, et finit tousjours par s'étreindre."
"salut maxime, tu te souviens de ce jour où j'ai décidé de courir un marathon après avoir mangé trois pizzas ?! je te jure, j'avais l'impression que pepperoni et moi étions en duo sur la ligne de départ. depuis, j'ai pris l'habitude de m'entraîner sérieusement, mais je ne peux jamais résister à une bonne pizza en guise de récompense après chaque victoire. disons que c'est ma façon de courir après les tranches ! à bientôt pour une pizza-course, julien ""la gazelle pizzaïolo"""|"salut maxime, te souvient-il de ce jour où je pris la décision de courir un marathon après avoir dévoré trois tartes de pâte ? par ma foi, il me sembla que pepperoni et moi étions en duo sur la ligne de commencement. depuis lors, j'ai pris coutume de m'entraîner avec sérieux, mais il ne m'est possible de résister à une bonne tarte en guise de récompense après chaque victoire. disons que c'est ma manière de poursuivre les tranches ! à bientôt pour une course à la tarte, julien ""la gazelle pizzaïolo"""
salut, c'est léa. je voulais juste te raconter la fête d'hier soir... c'était magique, tu aurais adoré ! les lumières dansaient comme des étoiles et la musique vibrait à travers nous, chaque note résonnant avec nos rêves. j'ai senti, pour un instant, que l'art et la vie ne faisaient qu'un, un moment suspendu où tout semblait possible.|saluz, c'est léa. je vouloye juste te raconter la feste d'hier soir... c'estoit magique, tu eusses adoré ! les lumières dansoient comme des étoiles et la musique vibroit à travers nous, chascune note résonnant avec noz rêves. j'ay senti, pour un instant, que l'art et la vie ne faisoient qu'un, un moment suspendu où tout sembloit possible.
salut maxime, tu sais quoi ? aujourd'hui, j'ai eu une dispute super importante avec ma chaussette gauche. oui, elle a décidé de jouer à cache-cache pendant que je devais aller à l'école. je suis sûr qu'elle complote avec mon hamster pour me rendre fou. ah, la vie quotidienne, toujours pleine de surprises passionnantes, n'est-ce pas ? ton ami expert en enquêtes de chaussettes, lucas|salut maxime, scais-tu que est-ce ? hui, j'ay eu une dispute moult importante avec ma chausse senestre. oy, elle a décidé de jouer à cache-cache tandis que je devois aler à l'escole. je suis seur qu'elle complote avec mon hamster pour me rendre fol. ah, la vie quotidienne, tousjours pleine de survenances passionnantes, n'est-il pas vray ? ton amy expert en enquestes de chausses, lucas
je m'appelle alex, et chaque matin, à l'aube, je lace mes chaussures de course avec la même détermination que le jour où j'ai commencé. le souffle de l'air frais sur mon visage et le rythme régulier de mes pas sur le sol me rappellent pourquoi je m'engage à fond dans ce sport. chaque entraînement est une opportunité de me dépasser, d'approcher un peu plus mes objectifs et de ressentir cette incomparable sensation de liberté. peu importe les défis, je sais que la discipline et la persévérance me mèneront loin.|je me nomme alex, et chascun matin, à l’aube, je lye mes solers de course avec la mesme détermination que le jour où j’ay commencé. le souffle de l’air fresche sur mon visaige et le rythme régulier de mes pas sur le sol me remembre pourquoy je m’engage en ceste discipline. chascun entraînement est une opportunité de me surmonter, d’approcher un petit peu plus mes objectifs et de ressentir ceste incomparable sensation de liberté. quoy que soient les défis, je sçay que la discipline et la persévérance me meneront loing.
chère sophie, parfois, en pleine course contre le temps, entre le boulot, les devoirs des enfants et les repas à préparer, je repense avec une douce nostalgie aux samedis matin au club de tennis, là où le monde semblait s'arrêter et où la seule chose qui comptait était cette petite balle jaune. ces moments de liberté et de camaraderie me manquent, mais je sais qu'un jour, quand les enfants voleront de leurs propres ailes, je retrouverai ce court pour revivre ces instants précieux. avec tout mon amour, émilie|chère sophie, parfois, en plain cours contre le temps, entre le labeur, les leçons des enfans et les repas à appareiller, je repense avec une doulce nostalgie aux samedis matins au club de tennys, là où le monde sembloit s'arrêter et où la seule chose qui comptoit estoit ceste petite balle jaune. ces moments de franchise et de compaignie me manquent, mais je sçay qu'un jour, quand les enfans voleront de leurs propres aisles, je retrouveray ceste court pour revivre ces instants précieux. avec tout mon amour, émilie
objet : petite réflexion sur le sport bonjour chantal, j'espère que tu vas bien ! j'avais besoin de partager avec toi un petit moment de réflexion. entre le boulot, les devoirs des enfants et les courses, je me rends compte que le sport est devenu ma bouffée d'oxygène indispensable. même si courir après les petits ressemble déjà à un marathon, j'essaie de me réserver ce temps, ne serait-ce que pour garder le moral et la santé. toi aussi, tu trouves parfois difficile de tout concilier ? bises, sophie|objet : petite méditation sur le sport bien te salue, chantal, espoir ay-je que bien te portes ! besoing avois-je de partager avec toi ung petit moment de méditation. entre le labeur, les labeurs des enfans et les emplettes, m'aperçois-je que le sport est devenu ma bouffée d'oxygène nécessaire. quoyque courir après les petiz semble déjà estre ung marathon, m'efforce-je de me réserver ce temps, si ce n'est que pour garder le moral et la santé. toi aussi, trouves-tu parfoys malaisé de tout concilier ? baisers, sophie
chère élise, je voulais t'écrire pour te parler de notre dispute de l'autre jour. je sais que je suis souvent silencieuse, mais ça ne veut pas dire que je ne ressens rien. en fait, tout ça m'a beaucoup touchée et j'ai eu du mal à gérer ce tourbillon d'émotions. j'espère sincèrement qu'on pourra en discuter calmement et retrouver notre complicité. avec affection, clara|chère élise, je vouloye t'escripre pour te parler de nostre débat de l'autre jour. je congnois que suis souventefoys silencieuse, mais ce ne veult pas dire que je ne ressens nulle chose. en vérité, tout cela m'a moult touchée et j'ay eu peine à gouverner ce tourbillon d'émotions. j'espère sincèrement que pourrons en deviser paisiblement et recouvrer nostre compaignie. avec affection, clara
je me souviens de cet été où léa, maxime et moi avons pris le train pour la première fois sans nos parents. c'était une petite aventure, juste nous et nos sacs à dos remplis de sandwichs et d'éclats de rire. je me souviens des paysages qui défilaient par la fenêtre, comme si le monde tout entier s'étendait devant nous, et moi, discrète dans mon coin, j'observais mes amis, leurs yeux pétillants d'excitation. c'était un moment où l'insouciance et l'amitié se mêlaient, et je me sentais soudainement moins timide, comme si j'avais trouvé ma place.|je me ressouviens de cest esté où léa, maxime et moy prinsmes le train pour la première fois sans nos parens. c'estoit une petite aventure, seulement nous et nos sacs à dos plains de saindwichs et de escarboucles de rire. je me ressouviens des paysages qui défiloient par la fenestre, comme se le monde tout entier s'estendoit devant nous, et moi, en mon coin discret, je regardois mes amis, leurs yeulx pétillans d'excitation. c'estoit un moment où l'insoucianç et l'amitié se mesloient, et je me sentois soudainement moins honteuse, comme si j'avoie trouvé ma place.
chère sophie, eh bien, aujourd'hui, j'ai réussi l'exploit de préparer un dîner tout en répondant à trois appels urgents du boulot... si seulement je pouvais cuisiner des lasagnes aussi vite que je décroche le téléphone, on mangerait à l'heure chez les dupont ! la prochaine fois, je m'invite à dîner chez toi... et je ramène le dessert, promis ! bisous débordés, martine|chère sophie, or sus, en ceste journée, j'ay faict l'exploit de préparer ung disner tout en respondant à trois messages pressantz de l'ouvrage... si seulement je povoie cuire des lasagnes aussi vistement que je pren le cornet, nous mangerions à l'heure chez les dupont ! la prochaine fois, je m'invite à disner chez toy... et je rapporte le dessert, par ma foy ! baisers en surcroit, martine
salut mamie, aujourd'hui, j'ai rencontré un monsieur vraiment sympa au parc. il s'appelle monsieur léon et il m'a raconté plein d'histoires sur quand il était jeune. c'était comme écouter un livre d'aventures! j'aimerais bien te les raconter quand tu viendras. bisous, théo|chère mamye, en ce jour, ay rencontré ung gentilhomme moult amical au parc. il a pour nom messire léon et maintes histoires il me conta de l’eure de sa jeunesse. c'estoit comme oïr ung livre d'aventures ! vouldroye bien te les narrer quand tu viendras. baisers, théo
je m'appelle antoine, et ce soir, je suis censé me rendre à cette fameuse fête organisée par mon ami d'enfance, julien. pourtant, après une semaine harassante au bureau, jonglant entre les réunions interminables et les deadlines inatteignables, je me surprends à hésiter. l'idée de sourire poliment et de faire la conversation me semble plus épuisante que jamais. serait-ce si mal de simplement m'enfoncer dans mon canapé avec un bon verre de vin et oublier, ne serait-ce que quelques heures, ce paris effréné ?|je me nomme antoine, et cé soir, je doy aller à ceste fameuse feste ordonnée par mon amy d'enfance, julien. toutesvoies, aprés une sepmaine laborieuse au bureau, jonglant entre les assemblées sans fin et les termes impossibles à atteindre, je me surprens à doubter. l'ydée de sourire gracieusement et de faire la parolle me semble plus laschante que jamais. seroyt-il si maulvés de seulement me plonger en mon canapoy avec un bon coup de vin et oblier, ne fust-ce que quelques heures, cest paris effrené ?
cher journal, aujourd'hui à l'école, on a parlé de ce qu'on voudrait faire plus tard, et ça m'a fait réfléchir. j'adore les sciences, surtout quand on fait des expériences où ça explose un peu ! je me demande comment les scientifiques découvrent toutes ces choses incroyables. peut-être qu'un jour, je pourrais aussi inventer quelque chose qui change le monde. à bientôt, léo|chier journal, en ce jour, en l'escole, avons devisé de ce que voudrions faire en l'advenir, et ce m'a fait moult penser. j'ay en grand amour les sciences, principalement quant nous faisons expériences où il y a quelque explosion ! je me demande comment les clercs et sages découvrent toutes ces merveilles choses. peut-être qu'un jour, pourrais-je aussi forger quelque invention qui change le monde. a tantost, léo
c'était lors de la fête d'anniversaire de clara, un de ces soirs où l'air était rempli de rires et de musique. je me tenais près du buffet, observant discrètement les groupes d'amis qui se formaient et se défaisaient, lorsque j'ai rencontré maxime. il était différent des autres, avec son sourire tranquille et ses yeux curieux, et on a parlé de tout et de rien, à l'écart du brouhaha. ce moment, bien que simple, reste gravé dans ma mémoire comme un instant où j'ai eu l'impression de vraiment connecter avec quelqu'un.|c'estoit lors de la feste d'anniversaire de clara, un de ces soirs où l'air estoit empli de ris et de musique. je me tenoye près du buffet, espiant discretement les compaignies d'amis qui se formoient et se defaisoient, quant je rencontray maxime. il estoit différent des autres, avec son doulx sourire et ses yeux curieux, et nous parlames de tout et de rien, à l'écart du bruit. ce moment, bien que simple, demeure gravé en ma mémoire comme un instant où j'eus l'impression de vraiment joindre connexion avec quelqu'un.
je suis pierre leclerc, chef cuisinier passionné et perfectionniste dans l'âme. imaginez une maison où chaque pièce est comme une recette parfaitement équilibrée, où l'architecture et le design s'accordent harmonieusement comme les ingrédients d'un plat raffiné. la météo, elle, joue le rôle de l'assaisonnement subtil, offrant tantôt un ciel ensoleillé pour illuminer nos créations culinaires et tantôt un crachin doux, comme une pincée de sel sur un caramel. dans ce cocon de saveurs et de climat, je trouve l'inspiration pour sublimer chaque assiette, chaque jour, comme une nouvelle page de mon livre de recettes.|je suy pierre leclerc, maistre queux passionné et perfectionniste en l'âme. imaginez une maison où chascune pièce est comme une recette parfaitement équilibrée, où l'architecture et le desseing s'accordent harmonieusement comme les ingrédients d'un mets raffiné. la météore, elle, jouet le rôle de l'assaisonnement subtil, offrant tantôt un ciel ensoleillé pour illuminer nos créations culinaires, et tantôt une pluie douce, comme une pincée de sel sur un caramel. en ce cocon de saveurs et de climat, je trouvay l'inspiration pour exalter chascune assiette, chascun jour, comme une nouvelle page de mon livre de recettes.
cher(e) [nom de l'ami(e)], je voulais absolument te parler de ma nouvelle passion pour l’escalade, qui est devenue ma bouffée d’air frais au milieu de ce tourbillon qu’est la fac de médecine. chaque fois que je grimpe, j’oublie complètement l’anatomie et la physiologie, et c’est magique ! aussi, je me suis mis à la méditation quotidienne, même si je dois avouer que m’endormir au milieu d’une séance est devenu une habitude. hâte de te revoir pour te raconter tout ça en détail ! à très vite, [nom de l'étudiant]|chier(e) [nom de l'ami(e)], je vouloye tout a fait te deviser de ma novele passion pour l’escalade, qui est devenue ma souffrete d’air fresche enmi ce tourbillon qu'est l’université de médecine. chascune foiz que je grimpe, j’oblie totalement l’anatomie et la physiologie, et c’est merveilleux ! aussi, je me suis mis à la méditation quotidienne, non obstant je doy advouer que m’endormir enmi d’une séance est devenue une coustume. j'ay grant desir de te revoir pour te raconter tout ce en détail ! à moult brief, [nom de l'estudiant]
je m'appelle claire dubois, et en tant que bibliothécaire, ma vie oscille délicatement entre le charme feutré des livres et mes escapades dominicales à la campagne. un jour, alors que je m'attardais à classer des ouvrages d'histoire médiévale, une jeune étudiante m'a demandé des conseils sur la meilleure manière de découvrir la poésie de rimbaud. ce fut une conversation si captivante que je décidai de partager avec elle l'un de mes loisirs préférés : la promenade littéraire, où chaque sentier devient une page et chaque arbre, un vers. ainsi, le travail et le loisir se tissent ensemble, formant la trame douce et harmonieuse de mon quotidien.|je sui nommée claire dubois, et en tant que garde des livres, ma vie oscille doucement entre le charme feutré des livres et mes esbatements dominicaux à la campaigne. ung jour, alors que je me attardoye à ordonner des livres d'ystoire médiévale, une jeune estudiant me demanda conseil sur la meilleure manière de découvrir la poësie de rimbaud. ce fut une conversation si captivante que je décidai de partager avec elle l'un de mes passetemps favoris : la promenade littéraire, où chascun sentier devient une page et chascun arbre, ung vers. ainsi, le labeur et le plaisir se tissent ensemble, formant la trame douce et harmonieuse de mon quotidien.
cher journal, aujourd'hui, je me suis souvenu des après-midis passés au terrain avec les potes, ces moments où le temps semblait s'arrêter. on rigolait, on se chamaillait, mais surtout, on jouait au foot avec une passion que rien ne pouvait éteindre. ces instants-là, avec mehdi et samia, ça valait tout l'or du monde. j'espère qu'on pourra revivre ça un jour, même si on a tous pris des chemins différents. à plus, yanis.|cher journal, en ce jour, me souvins des après-midis passés au champ avec les compains, ces moments où le temps sembloit s'arrester. on rigoloit, on se querelloit, mais surtout, on jouoit au ballon avec une ardeur que rien ne pourroit esteindre. ces instants-là, avec mehdi et samia, valoient tout l'or du monde. espère que pourrons revivre ce un jour, même se avons tous pris divers chemins. à plus, yanis.
cher journal, aujourd'hui, c'était encore une de ces journées où je me suis plongée dans ma passion pour le jardinage urbain. qui aurait cru qu'à 68 ans, je serais aussi accro à cette appli de permaculture? mes petites tomates cerises poussent comme des championnes grâce aux conseils de youtube, et je me régale à chaque récolte. en plus, partager mes astuces sur instagram avec mes petits-enfants me donne l'impression d'être une vraie influenceuse! avec tendresse, mamie jojo |chier journal, hui, ce fu encore une de ces journees où je me sui plongée en ma passion pour le jardinage en la cité. qui eut creü qu'à 68 ans, je fusse tant addicte à ceste application de permaculture? mes petites tomates cerises croissent comme championnes par les conseils de youtube, et je me délecte à chascune moisson. en oultre, partager mes astuces sur instagram avec mes petits-enfants me donne l'impression d'estre une veritable influenceuse! avec tendresse, mamie jojo 
objet : une météo éclatante et des amis savoureux ! chers amis gourmands, quelle journée exquise offerte par le ciel aujourd'hui, avec un soleil qui fond comme un beurre parfaitement clarifié sur le paysage ! cette météo presque divine m'inspire à concocter un festin où vos rires s'assaisonneront à la perfection avec des plats aussi éclatants que l'horizon. hâte de partager ces instants délicieusement chaleureux à vos côtés ! avec passion culinaire, chef émile raffiné |objet : une météo clere et amis savoureux ! chiers amis gourmands, quelle journee exquise octroyée par le ciel hui, avec un soleil qui fond comme beurre parfaictement clarifié sur le païsage ! ces temps presque divins m'inspirent à concocter festin où vos ris s'assaisonneront à perfection avec mets aussi clers que l'orizon. desireux de partager ces instans delicieusement chaults en vostre compaignie ! avec passion culinaire, maistre émile raffiné 
ah, tu sais, je suis françois, et quand je repense à mes jeunes années, c'est avec un doux sourire que je me souviens de nos parties de pétanque sous le vieux platane du village. on se retrouvait là, les dimanches après-midi, avec une poignée d'amis, un verre de pastis à la main, et on refaisait le monde en lançant nos boules. c'était une époque où le temps semblait s'arrêter, où les éclats de rire résonnaient jusqu'au coucher du soleil. ces moments simples, loin des écrans et du bruit d'aujourd'hui, c'était ça, le vrai bonheur.|ah, tu sçais, je suys françois, et quant je repense à mes jeunes années, c'est avec ung doulx sourir que je me ressouviens de noz parties de pétanque soubz le viel plantane du village. on se retrouvoit là, les dimenches après-midi, avec une poingnée d'amis, ung verre de pastis à la main, et on refaisoit le monde en lançant noz boules. c'estoit une époque où le temps sembloit s'arrêter, où les esclarz de rire résonnoient jusques au coucher du soleil. ces moments simples, loing des escripts et du bruict d'aujourd'huy, c'estoit cela, le vray bonnheur.
objet : nouvelles réjouissantes ! salut la famille, ah, quelle joie de vous écrire depuis ma prison dorée de révisions médicales ! ici, le soleil brille de mille feux... enfin, en théorie, puisque je ne l'ai pas vu depuis un moment. je suis sûr que vous profitez de ces merveilleuses journées pluvieuses pour vous prélasser en pensant à moi. n'oubliez pas de m'envoyer un peu de ce bonheur climatique, ça m'aidera sûrement à rester éveillé entre deux dissections ! bises mouillées, antoine|objet : nouvelletes réjouissantes ! salut à la famille, ah, quelle liesse de vous escripre depuis ma prison dorée de révisions médicinales ! ici, le soleil reluit de mille feux... en vérité, puisque je ne l'ay point veu despuis quelque temps. je suis certain que vous jouissez de ces jours merveilleux et pluvieux pour vous prélasser en pensant à moy. n'oubliez mie de m'envoyer quelque peu de ce bonheur climatique, cela m'aidera sûrement à rester éveillé entre deux dissections ! baisers mouillés, antoine
je m'appelle léa, et je passe souvent mes pauses à rêvasser dans un coin tranquille du lycée. l'autre jour, j'observais mes camarades parler de leurs vacances et des gadgets qu'ils utilisent pour voyager. c'est fou comme la technologie a transformé les voyages : des applis pour traduire des langues aux cartes numériques, tout semble si facile maintenant. moi, je me demande juste si ces outils nous empêchent de vraiment nous perdre et de découvrir le monde par nous-mêmes.|je me nomme léa, et souvent employ mes esbatemens à rêver en quelque coing paisible du lycée. l'autre jour, je regardois mes compaignons converser de leurs vacances et des ingens qu'ils usent pour vaguer. c'est merveilles comment la technologie a transmué les voyages : des appliqués pour translater les langues aux cartes numériques, tout semble si aisé à présent. quant à moy, je me demande seulement si ces outils ne nous empeschent point de vrayment nous esgarer et descouvrir le monde par nous-mesmes.
je suis jacques lemaire, un chef dévoué à la quête du goût ultime, et chaque jour, j'observe la météo comme un maître observe son fourneau. le ciel est mon partenaire invisible, tantôt clément, tantôt capricieux, ajustant l'humeur de mes créations culinaires avec la précision d'un souffle de vent sur une feuille de basilic. lorsque la pluie danse sur les toits, elle m'inspire des soupes réconfortantes, tandis que le soleil chatoyant m'appelle à capturer la fraîcheur des herbes dans mes plats. la météo, comme une épice imprévisible, colore chaque assiette de vie et d'émotion, me rappelant que la perfection est souvent un dialogue délicat entre nature et art.|je suis jacques lemaire, ung chef dévoué à la queste du goust ultime, et chascun jour, j'observe la météo comme ung maistre observe son fourneau. le ciel est mon compaignon invisible, tantôt clément, tantôt capricieux, ajustant l'humeur de mes créations culinaires avec la précision d'un souffle de vent sus une fueille de basilic. quant la pluye danse sus les toits, elle m'inspire des souppe réconfortantes, tandis que le soleil chatoyant m'appelle à capturer la frescheur des herbes en mes plats. la météo, comme une espice imprévisible, coloure chascune assiette de vie et d'émotion, me remembrant que la perfection est souvent ung dialogue délicat entre nature et art.
salut, c'est julien. écoute, je suis complètement sous l'eau avec ces nouveaux logiciels qu'on doit intégrer avant la fin du mois. franchement, entre les réunions qui s'enchaînent et les mails qui pleuvent, j'ai à peine le temps de respirer. on doit vraiment trouver un moyen de rationaliser tout ça, sinon on va droit dans le mur. allez, je file en réunion, on se parle plus tard.|saluz, c'est julien. escoute, je suy tout-à-fait submergé par ces nouveaulx logiciels qu'il nous fault intégrer avant la fin de ce mois. vrayment, entre les assemblées qui se succèdent et les messages qui affluent, j'ay à peine le loisir de respirer. il nous fault trouver un moyen de rationaliser tout ceci, sinon nous courons à nostre perte. ors, je m'en vais à l'assemblée, nous nous en parlerons plus tard.
je m'appelle marc, et en jonglant entre les réunions et les devoirs de ma fille, j'ai ressenti une immense fierté lorsqu'elle est venue me voir, les yeux brillants, pour me montrer son 19 en mathématiques. à cet instant, toutes mes nuits blanches passées à vérifier ses exercices semblaient insignifiantes. on a partagé un regard complice, et j'ai su que malgré les défis, chaque instant passé ensemble était précieux et porteur de sens.|je me nomme marc, et en jonglant entre les assemblées et les devoirs de ma fille, j'ai ressenti moult fierté lors qu'elle vint vers moy, les yeux luisans, pour me monstrer son dix-neuf en ars d'arithmétique. en cet instant, toutes mes nuictes blanches passées à vérifier ses labeurs sembloient insignifiantes. nous avons partagé un regard complice, et je su que, malgré les défis, chascun moment passé ensemble estoit précieux et porteur de sens.
cher journal, aujourd'hui, entre deux réunions interminables et une avalanche de courriels, je me suis accordé un moment pour souffler et penser à ma passion : la photographie de rue. arpenter les ruelles de paris, capturer ces instants de vie éphémères, m'apaise d'une manière que rien d'autre ne parvient à faire. malgré le stress quotidien, ces escapades photographiques me rappellent pourquoi j'aime tant cette ville, et me donnent l'énergie de continuer à jongler entre mes responsabilités professionnelles et mon besoin de créativité.|chier journal, hui, entre deux assemblées continues et une avalanche de lettres, me suys accordé un moment pour souffler et penser à ma passion : la prise de vue des rues. arpenter les ruelles de paris, saisir ces instants de vie éphémères, m'apaise d'une manière que rien autre ne sçauroit faire. malgré le labeur quotidien, ces escapades photographiques me remembrent pourquoy j'aim tant ceste cité, et me donnent l'énergie de continuer à jongler entre mes charges professionnelles et mon désir de créativité.
je m'appelle marc, et en tant que père célibataire, jongler entre les entraînements de foot de lucas et les cours de danse de clara est devenu presque une discipline olympique pour moi. la technologie, avec ses applications de calendrier et de suivi de performances, est mon alliée précieuse. elle m'aide à planifier nos semaines chargées et à encourager mes enfants à se dépasser tout en gardant un œil sur leur bien-être. c'est fascinant de voir comment ces outils modernes ajoutent une nouvelle dimension à notre passion pour le sport, rendant chaque progrès tangible et chaque souvenir encore plus spécial.|je me nomme marc, et en tant que père célibataire, jongler entre les entraînements de fusteballe de lucas et les leçons de danse de clara est devenu quasi une discipline olympique pour moy. la technologia, avec ses applications de calendrier et de suivi des prouesses, est mon allie précieuse. elle m'aide à ordonner nos semaines chargées et à encourager mes enfants à se surmonter tout en gardant un œil sur leur bien-estance. il est merveilleux de veoir comment ces instruments modernes ajoutent une nouvelle dimension à nostre passion pour le sport, rendant chascun progrès tangible et chascun souvenir encore plus spécial.
🥘 coucou mes petites crevettes ! c’est mamie gisèle, alias #grandmageek, qui vous parle ! aujourd'hui, j'ai préparé un ragoût qui réchauffe mieux qu'un pull en laine, parce qu'avec ce temps, on ne sait plus si on doit sortir les parasols ou les doudounes !  n'oubliez pas d'ajouter une bonne dose d'amour dans vos plats, c'est le meilleur des ingrédients, même quand il pleut des cordes !  #cuisinedemamie #météofolle #ragoûtetparapluie|🥘 oyez, oyez, mes petites crevettes ! c’est vostre aïeule gisèle, aussi nommée #grandmageek, qui vous addresse la parole ! en ce jour, ay-je appareillé un potage qui réchauffe mieulx qu'un pourpoint de laine, car, avec ce temps, ne savons si devons nous-en aller avec parasols ou robbes de chambre !  n'oubliez mie d'ajouster une bonne mesure d'amour es vos mets, c'est le meilleur des ingrédients, mesmement quand il pleut à seaux !  #cuisinedemamie #météofolle #potageetparapluie
ce matin, en sortant de chez moi, la pluie tombait à verse, évidemment. j'avais une réunion importante à la défense et, sans surprise, j'ai oublié mon parapluie en partant à toute vitesse. résultat : mon costume, digne d'une réunion avec le pdg, était trempé en arrivant au bureau. je me suis retrouvé à passer dix minutes embarrassantes sous le sèche-mains des toilettes avant de pouvoir affronter la journée.|ce matin, en issant de chez moy, la pluye chéoient à grans getz, tout vif. j'avoie assemblée de grant affaire à la défense et, sans merveille, j'ay oblié mon parapluye en partant à toute alaine. par conséquence : mon habit, digne d'une assemblée avec le pdg, estoit tout moillé en arrivant au lieu de besongne. je me suy trouvé à passer dix minutes honteuses dessoubz le sèche-mains des privées avant que de povoir affronter la journée.
cher journal, aujourd'hui, en explorant les ruelles cachées de lisbonne, j'ai découvert un petit appartement en haut d'une colline, avec une vue imprenable sur le tage. c'est incroyable comme un espace peut se sentir si étranger et pourtant si familier à la fois. je me suis assise sur le balcon, une tasse de café à la main, en pensant à quel point ces moments de tranquillité rendent chaque voyage unique. peut-être que demain, cet endroit sera mon chez-moi, ne serait-ce que pour quelques jours. aventureusement vôtre, clara|chier journal, en ce jour, en esplorant les ruelles cachiées de lisbone, ay trouvé ung petit logis en hault d'une colline, avecques une veue imprenable sur le fleuve tagus. c’est merveillable comment ung espas peut se sentir si estrange et pourtant si famillier à la fois. me suis assise sur le balcon, une tasse de café à la main, pensant à combien ces moments de tranquilleté rendent chascun voyage unique. peut-estre que demain, ceste place sera mon chez-moi, fust-ce pour aucuns jours. aventureusement vostre, clara
objet : entre technologie et festivités : une soirée inoubliable ! salut tout le monde, ici luna, votre guide lifestyle préférée !  je voulais partager avec vous ma dernière aventure, où la technologie et la fête se sont rencontrées de manière magique. imaginez une soirée où les lumières led dansent au rythme de la musique et où les invités immortalisent chaque moment avec les gadgets les plus cools du marché. restez connectés, je vous dévoilerai bientôt tous les détails et astuces pour organiser votre propre événement high-tech ! à très vite, luna |**objet : entre technologie et festivitez : une vesprée inoubliable !** salut à tous, c'est luna, vostre guide de vie préférée !  je vouloye partager avec vous ma dernière aventure, où la technologie et la fête se sont assemblées de manière merveilleuse. imaginez une vesprée où les lumieres à led dansent au rythme de la musique et où les convives immortalisent chascun moment avec les engins les plus cool du marchey. remeignez connectez, je vous dévoileray tantost tous les détails et astuces pour oordener vostre propre événement high-tech ! a tantost, luna 
ah, mes chers amis gourmands, ici jacques delarue, votre chef passionné de saveurs et d'expériences culinaires! le transport, c'est un peu comme la cuisson d'un soufflé parfaitement équilibré. chaque mode, qu'il s'agisse du vélo léger comme une mousse au chocolat ou du train puissant comme un rôti mijoté à la perfection, doit être choisi avec soin et précision. tout comme en cuisine, où chaque ingrédient doit être frais et de saison, chaque voyage doit être une symphonie de découvertes, de rencontres et de souvenirs mémorables. quelle joie de pouvoir savourer le monde, un trajet à la fois!|ah, mes chers amis gourmands, cy jacques delarue, vostre chef passionné de saveurs et d'experiences culinaires! le transport, c'est un peu comme la cuisson d'un soufflé parfaitement esgalé. chascun mode, qu'il s'agisse de la bicyclette legiere comme une mousse de chocolat ou du train puissant comme ung rosti mijoté à perfection, doit estre esleu avec soing et precision. tout ainsi qu'en cuisine, où chascun ingredient doit estre fres et de saison, chascun voyage doit estre une symphonie de descouvertes, de rencontres et de souvnirs mémorables. quelle joye de pouvoir savourer le monde, ung trajet à la fois!
je me souviens avec tendresse de cette soirée d'été où, pour la première fois, j'avais osé m'éclipser de mes livres pour assister à la fête des voisins. sous les lampions vacillants, j'ai découvert la douceur des conversations partagées et la musique enivrante qui s'élevait dans l'air tiède. en cette nuit étoilée, j'étais madeleine, une bibliothécaire enjouée, laissant pour quelques heures ses ouvrages chéris pour s'abandonner à la joie simple et délicieuse de l'instant présent.|je me souvienne avec tendresse de ceste soirée d'esté où, pour la première fois, j'avois osé m'éclipser de mes livres pour assister à la fête des voisins. soubz les lampions vacillans, j'ay descouvert la doulceur des conversations partagées et la musique enivrante qui s'élevoit en l'air tiede. en ceste nuit estelée, j'estois madeleine, une bibliothécaire enjouée, laissant pour quelques heures ses ouvrages chéris pour s'abandonner à la joye simple et déliée de l'instant présent.
bonjour, c'est marcel. tu sais, à mon âge, j'ai cette habitude de me lever tous les matins à l'aube, même si je ne travaille plus. je me fais un bon café et je lis le journal, comme quand j'étais jeune et que je partais au boulot à l'usine. ça me donne l'impression de rester dans le rythme, même si mes journées sont plus calmes maintenant.|bonjour, c'est marcel. tu sçays, à mon aage, j'ay ceste coustume de moy lever chascun matin à l'aube, mesmement si je ne travaille plus. je me fais ung bon café et je lis la gazette, comme lors que j'estoye jeune et que je m'en alloye au labeur à l'ouvroir. cela me donne l'impression de demourer en la cadence, mesmement se mes journées sont plus paisibles à présent.
"ah, mes petits chéris, c’est votre mamie jojo qui vous parle, en direct de son cosy coin tricoté avec amour ! vous savez, autrefois, nos loisirs c’était des trésors simples : une balade au parc, un bon bouquin sous un pommier, ou encore des parties de scrabble endiablées avec papy. oh, mais laissez-moi vous raconter la fois où j’ai presque déclaré la guerre mondiale pour un mot mal placé ! ah, quelle époque, on se disputait pour un ""zigzag"" osé sur le plateau, et aujourd'hui, on se chamaille pour un ""like"" sur instagram... les temps changent, mais le plaisir de partager des moments reste le même, n’est-ce pas ?"|"ah, mes petiz chéris, c’est vostre mamye jojo qui vous parle, en direct de son coi douillet tricoté auec amour ! vous sçavez, jadis, noz esbatz estoient de simples thresors : une promenade au jardin, ung bon livre soubz ung pommier, ou bien des parties de scrabble effrénées auec papie. oh, mais laissez-moy vous réciter la foys où je failli déclarer la guerre mondiale pour un mot mal mis ! ah, quelle époque, on se querelloit pour un ""zigzag"" osé sur le tablier, et aujourd'uy, on se chamaille pour un ""like"" sur instagram... les temps changent, mais le plaisir de partager des moments demeure le mesme, n’est-ce pas ?"
titre : « des amis, du travail et des poutres en chêne : réflexions d’un menuisier » salutations, camarades du rabot et de la scie ! ici marcel dubois, artisan menuisier et philosophe de la sciure. vous savez, jongler entre mes amis et mon atelier, c'est comme essayer d'équarrir une poutre en chêne avec une râpe à fromage. mes amis, ces joyeux lurons, pensent que je passe mes journées à caresser des planches, alors qu’en vérité, chaque coup de marteau est une déclaration d'amour à l'artisanat... et une excuse pour repousser l'apéro d'une heure ou deux !|**titre : « des amis, du labour et des poutres de chesne : meditations d’un menuisier »** saluz, compaignons du rabot et de la scie ! icy est marcel dubois, ouvrier menuisier et philosophe de la sciure. vous sçavez, jongler entre mes amis et mon atelier, c'est comme essayer d'esquarrer une poutre de chesne avec une rape à fromage. mes amis, ces gais compaignons, cuident que je passe mes jours à carresser des planches, mais en verité, chascun coup de marteau est une declaration d'amour à l'artisanat... et une excuse pour reculer l'aprest d'une heure ou deux !
titre : les trésors du temps ah, mes chers lecteurs, ici votre papi michel, 75 ans au compteur et l'âme toujours vagabonde. les voyages, vous savez, ce n'est pas qu'une question de distance parcourue. ce sont les souvenirs qu'on engrange, les sourires échangés avec des inconnus devenus amis, et ces parfums d'épices lointaines qui restent gravés dans nos cœurs. même si mes jambes sont moins vaillantes qu'autrefois, l'appel de l'horizon est toujours aussi fort, et chaque matin, je me réjouis à l'idée de découvrir encore un petit bout de ce vaste monde.|titre : les trésors du temps ah, miens chiers lecteurs, icy vostre bonhomme michel, septante-cinq ans au compteur et l'ame tousjours vagabonde. les voyages, savez-vous, ce n’est pas seulement question de distance parcourue. ce sont les souvemirs que l'on engrange, les sourires eschangés auec des incognuz devenuz amis, et ces parfums d'espices loingtains qui demeurent gravez en noz cueurs. mesme si mes jambes sont moins vaillantes qu'autrefoys, l’appel de l’orizon est tousjours aussi fort, et chascun matin, je me resjouis à l'idée de descouvrir encor un petit bout de ce vaste monde.
je m'appelle émilie dubois, et en tant que bibliothécaire passionnée, j'ai toujours trouvé que les repas avaient le pouvoir de raconter des histoires et de créer des ponts entre les âmes. lors des fêtes, tel un bal masqué où chaque plat est un personnage, ces moments de convivialité révèlent la richesse de notre patrimoine culinaire, tout en tissant des liens invisibles mais profonds entre les convives. dans le silence feutré des rayons, j'imagine souvent le bruit des couverts qui s'entrechoquent et les éclats de rire qui résonnent, comme pour rappeler que les livres et les repas partagent cette même mission : nourrir l'esprit et le cœur.|je me nomme émilie dubois, et comme bibliothéquaire passionnée, j'ay tousjours trouvé que les repas avoient povoir de raconter des histoires et de créer des pontz entre les âmes. lors des festes, tel ung bal masqué où chascun plat est ung personnage, ces moments de convivïalité révèlent la richesse de nostre patrimoine culinaire, tout en tissant des liens invisibles mais profonds entre les convives. dans le silence feutré des rayons, souvent m'imagine le bruit des couverts qui s'entrechoquent et les éclats de rire qui résonnent, comme pour rappeler que les livres et les repas partagent ceste mesme mission : nourrir l'esprit et le cœur.
je m'appelle marc, et je me souviens encore de ce matin où, après avoir déposé léa à l'école, je me suis assis à mon bureau avec un café tiède, mes pensées tournées vers le projet qui devait être rendu. alors que je jonglais avec les échéances et les réunions, une photo de léa, collée sur le bord de mon écran, me rappelait pourquoi je travaillais si dur. chaque sourire qu’elle m’offre le soir, quand je rentre éreinté mais fier, me rappelle que chaque effort en vaut la peine. ces moments de tendresse sont mes véritables récompenses.|je me nomme marc, et je me souviens encore de ce matin où, après que j'eusse mené léa à l'escole, je me suis assis à mon bureau avec un café tiede, mes pensées tournées vers le projet qui devoit estre rendu. tandis que je jonglois avec les échéances et les assemblées, une image de léa, collée au bord de mon escrain, me rappeloit pourquoy je travaillois si durement. chascun ris qu’elle m’offre le soir, quand je rentre las mais fier, me remembre que chascun effort en vault la peine. ces moments de doulceur sont mes vrayes récompenses.
je m'appelle claire, et chaque soir, c'est un défi de rassembler ma tribu autour de la table pour le dîner. entre le travail, les devoirs des enfants, et les notifications incessantes des téléphones, il est difficile de créer un moment de calme. pourtant, hier, j'ai décidé de tout éteindre et de servir un simple repas fait maison. c'était magique de voir mes enfants redécouvrir le plaisir de se parler, sans écran, autour d'un plat qui réchauffe le cœur.|je me nomme claire, et chascun soir, c’est une besogne de rallier ma maisnie autour de la table pour le souper. entre les labeurs, les estudes des enfans, et les cliquetis continuels des téléphones, il est malaisé de créer un moment de paix. toutefois, hier, je prins la décision de tout éteindre et de servir un simple repas fait à maison. ce fut merveilleux de veoir mes enfans redécouvrir la liesse de se parler, sans escriptures modernes, autour d’un plat qui réchauffe le cœur.
objet : réflexions sur l'équilibre entre études et passions bonjour, je m'appelle camille durand et, en tant qu'étudiante en arts de 22 ans, je réfléchis souvent à l'équilibre entre mes études et mes loisirs. la peinture et la photographie nourrissent mon âme autant que mes cours enrichissent mon esprit, et j'essaie de trouver le temps pour ces passions chaque semaine. cette dualité me pousse à être créative et à rester curieuse, ce qui est essentiel pour mon développement personnel et académique. bien cordialement, camille|subject : réflexions sur l'équilibre entre études et passions salut, je m'appelle camille durand et, en tant que disciple en arts de 22 ans, je médite souvent sur l'équilibre entre mes études et mes plaisirs. la peinturë et la photographïe fëedront mon âme autant que mes leçons enrichissent mon esprit, et j'essaye de trouver le temps pour ces passions chascune sepmaine. ceste dualité me pousse à estre créative et à demourer curieuse, ce qui est essentiel pour mon développement personnel et académique. bien cordialement, camille
 hey mes étoiles !  hier soir, j'ai eu la chance de vivre une soirée magique entourée de personnes extraordinaires . on a dansé toute la nuit sous un ciel étoilé, bercés par des rires et des moments inoubliables . ces instants précieux me rappellent combien il est important de célébrer la vie et de profiter de chaque seconde avec ceux qu'on aime . #gratitude #momentsmagiques #vivrelemomentprésent|ô mes estelles ! hier au vespre, j’eus la fortune de passer vespree merveilleuse entouré de gens moult excellens. dansé avon toute la nuit soubz ciel estoilé, bercé par ris et momens mémoirables. ces instans précieux me remembrent combien il est important de célébrer la vie et de jouir de chascun moment o ceux que on aime. #gratitude #momensmerveilleux #vivreleprésent
salut alex, aujourd'hui, à l'école, j'ai découvert un nouveau sport qu'on appelle le hockey sur gazon et c'était super amusant! en plus, maman a préparé des lasagnes pour le dîner, et j'adore ça! j'espère que tu pourras m'en dire plus sur les sports que tu pratiques. à bientôt, léo|salut alex, en ce jour d'hui, à l'escole, j'ay descouvert un nouveau jeu que l'on nomme le hocquet sur gazon et ce feust moult plaisant! en oultre, ma mère a presté des lasagnes pour le disner, et j'en suis fort friand! espère que tu pourras m'en dire plus sur les jeux que tu pratiquas. à tantost, léo
salut, c'est marc, le papa qui jongle avec une main de maître entre réunions zoom et couches-culottes. l'autre jour, en pleine préparation de mon fameux risotto aux champignons, ma passion culinaire du dimanche, je me suis retrouvé à utiliser la tétine de lucas comme cuillère par inadvertance. voilà ce qui arrive quand on cuisine avec un marmot accroché à la jambe ! heureusement, lucas a été ravi de retrouver sa tétine parfumée au parmesan.|saluz, c'est marc, le père qui s'esbat avec main de mestre entre assemblées de zoom et drape-culz. l'autre jour, en plain préparatif de mon renommé risotto aux champignons, ma passion de la cuisine du dimanche, me trouvai-je à user la sucette de lucas comme cuiller par mesprison. voilà ce qui advient lors qu'on cuisine avec un marmot ataché à la jambe ! par bonne fortune, lucas fut ravi de retrouver sa sucette parfumée de parmésan.
bonjour, ici gérard, j'espère que vous allez bien. ah, la magie de l'internet, quel drôle de truc ! je voulais partager avec vous ma récente réflexion sur les voyages. avant, le train était mon moyen de transport favori, avec ce rythme apaisant des roues sur les rails. mais maintenant, grâce à cet internet, je découvre des horizons depuis mon fauteuil ! c'est incroyable de pouvoir voyager sans quitter sa maison. prenez soin de vous, et à bientôt peut-être !|bien le bon jour, céans gérard, espère que vous allez bien. ah, la magie de l'internet, quel plaisant estrumant ! vouloye partager avec vous ma dernière méditation sur les voyages. jadis, le train estoit mon moyen de transport préféré, avec ce doux rythme des roues sur les rails. mais orendroit, par l'entremise de cet internet, découvre de nouveaux horizons depuis ma chaire ! c'est chose incroyable de pouvoir vagabonder sans quitter mie sa maison. ayez soin de vous, et à tantôt peut-être !
cher journal, alors hier, c'était le super anniversaire de maxime, et devine quoi ? on a pris le bus pour y aller, et c'était comme vivre un film ! le chauffeur avait une moustache qui dansait chaque fois qu'il parlait, et clara a renversé son jus de pomme sur simon quand le bus a pris un virage trop serré. à la fête, j'ai mangé tellement de bonbons que je crois que je pourrais rebondir comme un ballon jusqu'à la lune ! à demain, léo|cher journal, hier fut la journee de la super anniversaire de maxime, et devine quoy ? nous prenons le chariot pour y aller, et ce estoit comme vivre une aventure ! le charretier portoit moustache qui dansoit toutesfois qu'il parloit, et clara espandit son jus de pommes sur simon quant le chariot prist un tour trop estroit. a la feste, je mengay tant de dragées que je croy que je pourray saillir comme une boule jusques à la lune ! a demain, léo
je m'appelle madeleine, et en tant que bibliothécaire, j'ai souvent trouvé un réconfort silencieux entre les pages des livres. mais c’est autour de notre vieille table en chêne, lors des dîners familiaux, que j’ai réellement compris le pouvoir des histoires partagées. je me souviens de l'odeur alléchante du pot-au-feu que ma grand-mère préparait, un plat qui réunissait les générations et qui réchauffait autant nos cœurs que nos estomacs. chaque cuillerée était une leçon discrète de générosité, un poème d'amour murmuré à travers les ingrédients simples mais choisis avec soin.|je me nomme madeleine, et en tant que garde des livres, maintes fois ay trouvé réconfort silencieux entre les pages des livres. mais c’est autour de nostre vielle table de chesne, lors des disners familiaux, que ay vraiment comprins le pouvoir des histoires partagées. je me ressouviens de l’odeur alléchante du pot-au-feu que ma très chière aïeule préparoit, ung met qui réunissoit les générations et qui réchauffoit tant noz cœurs que noz estomacs. chascune cuillerée estoit une leçon discrète de générosité, ung poème d’amour murmuré à travers les ingrédiens simples mais choisis avec soing.
"salut tout le monde, c'est chloé de ""vivre avec chloé"" !  aujourd'hui, je suis super excitée de vous parler de mon nouveau coup de cœur : le vélo électrique ‍ ! franchement, c'est mon moyen de transport préféré en ce moment, ça me permet de me déplacer en ville tout en profitant de l'air frais et en faisant un geste pour la planète . si vous n'avez pas encore essayé, je vous le recommande à 1000 % ! bisous et à très vite pour de nouvelles aventures ! "|"salut à tous ceulx qui oyent, c'est chloé de ""vivre avec chloé"" !  aujourd'huy, je suis moult esmeue de vous deviser de mon nouvel amour : le vélo électrique ‍ ! vraiment, c'est mon moyen de chevauchée préféré à ceste heure, il me permet de me mouvoir en la cité tout en jouissant de l'air frais et en faisant une œuvre pour la planète . se vous n'avez pas encore essayé, je vous le conseille à mille pour cent ! bisous et à tantost pour nouvelles aventures ! "
ok, alors c'était l'anniv' de ma tante sophie, tu sais celle qui est toujours un peu trop enthousiaste. on était tous là, même si je préférerais être ailleurs avec mes potes. le buffet, c'était un mélange chelou de trucs super bons et d'autres que je savais même pas nommer. j'ai passé la soirée entre deux bouchées de cupcakes à écouter les vieux raconter des histoires du siècle dernier.|d'accord, lors ce fut l'anniversaire de ma tante sophie, tu sçais, celle qui est tousjours un peu trop enthousiaste. nous estions tous là, mesmes si j'eusse préféré estre ailleurs avec mes compagnons. le buffet estoit un mélange étrange de mets bien bons et d'autres que je ne sçavois nommer. je passay la vesprée entre deux bouchées de pastiz à escouter les anciens conter des histoires du siècle passé.
ah, ma chère, laisse-moi te raconter un souvenir qui me réchauffe le cœur à chaque fois que j’y pense. c’était l’hiver 1952, dans notre petite maison de campagne à montauban, où chaque pièce résonnait du craquement du bois dans la cheminée. je revois encore ton grand-père, henri, debout sur une chaise bancale, accrochant la guirlande de noël au plafond, pendant que l’odeur du chocolat chaud embaumait la cuisine. ces moments simples, emplis de rires et d’amour, sont un trésor que je chéris tendrement, et j'espère que tu créeras les tiens avec autant de bonheur.|ah, ma chiere, laisse moy te raconter ung souuenir qui me rechauffe le cueur chascune foys que j’y pense. c’estoit l’hiuer de l’an mil cincq cens cinquante et deux, en nostre petite maison de champaigne à montauban, où chascune piecè résonnoit du craquement du boys en la cheminee. ie revois encore ton grant-pere, henri, debout sur une chaire bancalle, accrochans la guirlande de nouel au plafont, pendant que l’odeur du chocolat chault emboumoit la cuisine. ces moments simples, emplis de ris et d’amours, sont ung tresor que je cherys tendrement, et j'espere que tu creeras les tiens avec tant de bonheur.
en feuilletant les pages jaunies d'un vieux carnet oublié sur une étagère poussiéreuse, je me souviens des jours où les lettres manuscrites étaient notre seul lien tangible aux êtres chers éloignés. je suis madeleine dupuis, bibliothécaire passionnée des mots et des silences feutrés. il m'arrive encore, bien que rarement, de choisir la sérénité d'une plume grattant le papier plutôt que le bourdonnement des notifications incessantes. ces moments, semblables à des trésors enfouis, nous rappellent la beauté simple des échanges d'autrefois, et la technologie, bien qu'éblouissante, ne peut éclipser entièrement la douce magie d'une lettre d'antan.|en feuilletant les feuilz jaulniz d’un vieil carnet oblié sur une estagière poulseuse, je me souviens des jours où les lettres manuescrites estoient nostre seul lien tangible aux êtres chers loingtains. je suis madeleine dupuis, bibliothéquaire passionnée des mots et des silencieux feutrez. il m’advient encore, bien que rarement, de choisir la sérénité d’une plume gratant le papier plustost que le bourdonement des notifications incessantes. ces moments, semblables à des tresors enfouis, nous rappellent la beauté simple des eschanges d’autrefois, et la technologie, bien que esblouissante, ne puet esclipser entièrement la doulce magie d’une lettre d’antan.
"salut tout le monde !  ici julie, maman à plein temps et conductrice de notre joyeux cirque familial !  aujourd'hui, j'ai réussi l'exploit de caser toute la tribu dans la voiture pour une escapade surprise. entre les rires, les chansons (et les ""maman, t'es sûre qu'on est sur le bon chemin ?""), je me rends compte que ces moments sont précieux et remplissent mon cœur de bonheur.  alors, vive les aventures en famille ! #familleenvadrouille #bonheursimple"|"salus à touz ceulx qui orent ces parolles !  cy est julie, mere à plainz heures et conductrice de nostre joyeux cyrque familial !  ce jourd'hui, ay faict l'exploit de mettre toute la compaignie en la charrette pour une eschappee à l'improviste. entre les rires, les chansons (et les ""ma chere mere, es-tu certaine que nous sommes sur le bon chemin ?""), je me apperçoy que ces momens sont précieux et emplissent mon cueur de felicité.  donq, vive les aventures en famille ! #familleenvadrouille #bonheursimple"
cher antoine, figure-toi que j'ai passé une semaine absolument délicieuse coincé entre grèves des transports et embouteillages parisiens dignes d'un film catastrophe. ah, le charme de notre magnifique capitale, où chaque trajet devient une épopée héroïque et chaque retard, une occasion de savourer la joie de vivre. mais rassure-toi, j'ai encore une fois eu l'énorme privilège de redécouvrir la douce musique des klaxons sur le périphérique. à ce rythme-là, je n'aurai même plus besoin de vacances : le voyage est déjà au coin de la rue ! à très bientôt, jean-baptiste|cher anthoine, figura-toi que j'ay passé une sepmaine moult délicieuse, estant enclo entre les grevves des transports et les embouteillages parisiens, dignes d'un jeu catastrouphique. ah, le charme de nostre belle capitale, où chascun trajet devient une épopée héroïque et chascun retard, une occasion de savourer la joye de vivre. mais sois rassuré, j'ay encore une foys eu l'énorme privilège de redécouvrir la doulce musique des cloches sur le périphérique. à tel rythme, je n'auray mesme plus mestier de vacances : le voyage est ja au coing de la rue ! a très bientost, jehan-baptiste
oh là là, mes petits chéris, c’est votre mamie jeanne qui vous écrit aujourd’hui !  il y a quelque chose d’extraordinaire dans le fait de voir mes petits-enfants s’épanouir sur le terrain de sport, entourés de leurs amis. le sport, c’est bien plus qu’une simple activité physique, c’est une école de la vie où l’on apprend la solidarité, le respect et l’importance d’être là les uns pour les autres. alors, n’oubliez jamais que chaque coup de pied dans un ballon ou chaque tour de piste partagé solidifie ces liens précieux qui dureront toute une vie.  avec tout mon amour, mamie jeanne. |oh là là, mes petiz cheris, c’est vostre mamye jeanne qui vous escript aujourd’hui !  y a quelque chose d’estrange en veoir mes petiz enfans se espanouir sus le champ de deduit, entourés de leurs compaignons. le deduit, c’est bien plus qu’une simple activité corporelle, c’est une escole de la vie où l’on aprent la solidaireté, le respect et l’importance d’estre là les ungs pour les autres. adoncques, n’oubliez ja mais que chascun coup de pié en ung ballon ou chascun tour de piste partagié affermist ces liens précieux qui dureront toute une vie.  avec tout mon amour, mamye jeanne. 
en tant que jean-luc dubois, chef cuisinier perfectionniste, je me remémore ces nuits étoilées passées sur la terrasse du petit bistrot de margaux, où mes amis et moi échangions des rires et des secrets autour d'une ratatouille que je m'efforçais de rendre parfaite. chaque ingrédient, soigneusement sélectionné, était une note dans notre symphonie culinaire, et mes amis, ces critiques avisés, en étaient les arbitres bienveillants. c'est dans ces moments-là que je prenais conscience que la cuisine, tout comme l'amitié, demandait patience, passion, et une pincée d'amour inconditionnel. voilà un souvenir que je chéris : des amis véritables, un plat sincère, et l'écho d'une soirée où l'imperfection n'avait pas sa place.|en tant que jehan-luc dubois, maistre queux perfectionniste, je me ressouviens de ces nuiz estellées passées sur la terrasse du petit bistro de margaux, là où mes compaignons et moy changions risées et secrets entour d'une ratatouille que je m'efforçoys de rendre parfaitte. chascun ingredient, soigneusement esleu, estoit une note en nostre symphonie de cuisine, et mes compaignons, ces criz bien avisés, en estoient les juges bienveillans. c'est en ces momens là que je prenoie conscience que la cuisine, tout ainsi que l'amitié, demandoit pacience, passion, et une pinchée d'amour inconditionnel. voilà un souvernir que je chéris : vrais amis, ung plat sincère, et l'écho d'une vesprée où l'imperfection n'avoit point sa place.
cher journal, aujourd'hui, en rentrant de l'école, j'ai retrouvé mon vieux cerf-volant rouge caché dans le grenier. ça m'a rappelé cet après-midi où papa et moi étions allés sur la grande colline près du lac. le vent soufflait si fort que notre cerf-volant semblait vouloir toucher le ciel ! j'aimerais tant revivre ce moment magique, sentir à nouveau l'air frais sur mon visage et entendre les rires de papa. amitiés, lucas|chier journal, hui, en retournant de l'escole, j'ay retrouvé mon vieil cerf-volant rouge caché en le grenier. ce me rappella cet après-midi où père et moy allâmes sus la grande colline près du lac. le vent souffloit si fort que nostre cerf-volant sembloit vouloir toucher le ciel ! j'aimerais tant revivre ce moment magique, sentir à nouveau l'air fresch sus mon visaige et ouïr les ris de père. amitiés, lucas
bonjour, chers lecteurs. ici henri, un vieux bonhomme de 75 ans, qui a vu défiler bien des années au compteur. quand je repense à ma vie de labeur, une habitude se détache comme le secret de ma longévité professionnelle : le lever matinal. chaque jour, à l’aube, je me levais pour m'accorder un moment de calme avant d'attaquer la journée. cela me permettait de réfléchir, d'organiser mes pensées et de commencer mon travail avec l'esprit clair. c'est bien cette petite routine qui m'a donné la force de toujours avancer, même dans les moments les plus difficiles. prenez-en de la graine, mes amis.|bon jour, chiers lecteurs. cy est henri, un vieil compaignon de trois et quinze ans et dix, qui a veu passer moult d'ans au conteur. quant je repense à ma vie de labeur, une coustume se départ comme le secret de ma longévité en mestier : le lever matin. chascun jour, à l’aube, je me levoye pour m'accorder ung moment de paix avant que ne commence la journée. cela me permettoit de songier, d'ordonner mes pensées et de commencer mon oeuvre avec l'esprit cler. c'est bien ceste petite routine qui m'a donné force de tousjours passer avant, mesmes en les moments les plus difficiles. prenez-en de la graine, mes amis.
salut la team !  ici alex leclerc. chaque jour, je trouve mon équilibre entre mes entraînements intensifs et mes moments de détente. le sport, c'est ma passion et mon moteur, mais rien de tel qu'un bon livre ou une balade en pleine nature pour recharger les batteries. rappelez-vous, la clé, c'est d'écouter son corps et son esprit. continuons à nous dépasser, tout en profitant des petits plaisirs de la vie !  #discipline #passion #equilibre|très chiers compaignons !  c'est cy alex leclerc. chascun jour, je treuve mon équilibre entre mes labeurs fors et mes heures de repos. le sport est ma passion et mon moteur, mais nulle chose n'est meilleure qu'un bon livre ou une promenade en la pleine nature pour refaire les forces. rappelez-vous, la clef est d'ouïr son corps et son esprit. continuons de nous surmonter, tout en jouyssant des petitz plaisirs de la vie !  #discipline #passion #equilibre
je m'appelle marcel, et en tant que forgeron, la météo a toujours été mon meilleur allié. je me souviens d'un été où le ciel était d'un bleu éclatant, sans un nuage à l'horizon, et le soleil, fidèle compagnon, apportait juste la chaleur qu'il fallait pour faire rougir le fer dans la forge. chaque coup de marteau résonnait comme un chant de gratitude envers ce temps splendide qui séchait la sueur sur mon front. ces journées lumineuses, où l'on travaille avec le sourire, sont gravées dans mon cœur comme un doux souvenir de la vie à la campagne.|"""je me nomme marcel, et en tant que forgeur, le temps a tousjours esté mon meilleur allié. je me souviens d'un esté où le ciel estoit d'un bleu esclatant, sans nul nuage à l'orizon, et le soleil, loyal compaignon, apportoit juste la chalour qu'il faloit pour faire rougir le fer en la forge. chascun coup de marteau resonnoit comme un chant de gratitude envers ce temps esplendide qui sechait la sueur sur mon front. ces journées lumineuses, où l'on travaille avec le sourire, sont gravaées en mon cœur comme ung doulx souvenir de la vie à la campagne."""
salut tout le monde !  c'est zoé, votre étudiante en art préférée ! aujourd'hui, j'ai eu la chance de découvrir un atelier génial en plein cœur de la ville grâce au tram. chaque trajet devient une véritable aventure créative et une source d'inspiration pour mes projets ! qui d'autre adore combiner transport et études pour explorer de nouveaux horizons ?  #artnomade #inspirationitinérante #viedétudiante|saluz à tous ceulx qui sont céans !  c'est zoé, vostre estudiant en art préferée ! en ce jour, ay eu la bonne fortune de décevoir ung atelier moult génial en plein cœur de la cité par l'aide du tram. chascun voyage devient une véritable aventure créative et une fontaine d'inspiration pour mes ouvrages ! qui aultre ayme à combiner le transport et les escriptures pour esplorer de nouveaulx horisons ?  #artnomade #inspirationytinérante #vied'estudiant
bonjour mes petits chéris, c'est mamie jeanne au bout du fil. je voulais vous rappeler combien les amis sont précieux dans la vie, ce sont comme des étoiles qui illuminent nos jours sombres. prenez soin d'eux, chérissez chaque moment passé ensemble, car ce sont ces souvenirs qui réchauffent le cœur quand le soir tombe. n'oubliez jamais, mes tendres, que l'amitié est un trésor qui ne se trouve qu'en partageant amour et bienveillance. je vous embrasse bien fort.|"""bon jour, mes petiz chiers, c'est mamye jeanne au bout du fil. je vouloye vous rappeler combien les amys sont précieux en la vie, ce sont comme des estoiles qui illumynent noz jours sombres. prenez soin d'eulx, chérissez chascun moment passé ensemble, car ce sont ces souvienrs qui réchauffent le cueur quant le soir tombe. n'oubliez jamais, mes tendres, que l'amitié est ung trésor qui ne se trouve qu'en partageant amour et bienvueillance. je vous embrasse bien fort."""
titre : le transport, ce grand ami de notre quotidien oh là là, mes petits chéris ! ici mamie georgette qui vous parle, la vieille branche qui a vu passer plus de trams que de petits-enfants, et croyez-moi, c’est peu dire ! ah, le transport moderne, ce délice quotidien qui nous offre généreusement des moments d’intimité collée-serrée avec des inconnus parfumés de mille senteurs ! et que dire de ces charmantes correspondances imprévues qui transforment un simple trajet en une palpitante aventure à travers les méandres du temps ? allez, n’oubliez pas votre ticket et votre patience, c’est tout ce qu’il vous faut pour ce voyage plein de surprises !|**titre : le transport, ce grand amy de nostre quotidien** oh là là, mes petiz chéris ! c'est icy mamie georgette qui vous parle, la vieille branche qui a veu passer plus de trams que de petiz-enfans, et croyez-moy, c’est peu dire ! ah, le transport moderne, ce délice quotidien qui nous offre généreusement des moments d’intimité collée-serrée avec des inconnus parfumés de mille senteurs ! et que dire de ces charmantes correspondances impromptues qui transforment un simple trajet en une palpitante aventure à travers les méandres du temps ? allez, n’oubliez pas vostre billet et vostre patience, c’est tout ce qu’il vous fault pour ce voyage plein de surprises !
salut ma chérie ! c'est sophie, j'espère que tu vas bien. écoute, je repensais à ce week-end à la plage l'été dernier, tu sais, celui où les enfants ont construit ce château de sable gigantesque et où on a ri aux éclats quand la marée l'a emporté ! ah, c'était magique ! entre les courses, le boulot et les devoirs des petits, ce souvenir me donne le sourire et me rappelle pourquoi on fait tout ça. gros bisous, on se parle bientôt !|salut m’amye chière ! c’est sophie, espère que tu te portes bien. escoute, je me remémoroye ce séjourné à la plage l’esté passé, tu sçays, cely où les enfans ont basti ce chasteau de sablon magnifique et où nous avons ri à grand bruit quand la marée l’emporta ! ah, c’estoit merveille ! entre les courses, le labeur et les leçons des petiz, ce souvernir me donne le ris et me remémore pourquoy nous faisons tout ce. grans baisiers, nous parlerons tantost !
salut à tous, ici maxime lemaire. aujourd'hui, je veux partager avec vous ma passion pour le marathon. chaque matin, je lace mes baskets avec une détermination sans faille, prêt à affronter les kilomètres qui m'attendent. courir, c'est plus qu'un simple sport pour moi, c'est une méditation en mouvement, un moment où je repousse mes limites et trouve la force d'aller toujours plus loin. la discipline est la clé, et chaque goutte de sueur est un pas de plus vers la meilleure version de moi-même.|saluz à tous, céans est maxime lemaire. en ce jour, je désire partager avec vous ma passion pour le marathon. chascun matin, je lace mes souliers avec une détermination ferme, prest à affronter les lieues qui m'atenent. courir, c'est plus qu'un simple esbatement pour moi, c'est une méditation en mouvement, un moment où je pousse mes limites et trouve la force d'aller tousjours plus avant. la discipline est la clef, et chascune goutte de sueur est un pas de plus vers la meilleure version de moi-mesme.
chers amis, je suis jacques, artisan potier au cœur de notre belle campagne. je me souviens encore de ce voyage en toscane, où j'ai été émerveillé par la beauté des paysages et la richesse des traditions artisanales. chaque poterie que je façonne aujourd'hui porte en elle un peu de cette inspiration italienne, un hommage à ces artisans d'ailleurs qui, comme moi, transmettent leur passion à travers leurs mains. voyager nourrit l'âme et, en tant qu'artisan, chaque souvenir glané en chemin enrichit mon savoir-faire et mon quotidien. avec gratitude, jacques le potier |chiers amis, je suys jacques, artisant potier au cueur de nostre belle campagne. je me souviens encore de cest voyage en toscane, où je fus esmerveillé par la beauté des paysages et la richesse des traditions artisanales. chascune poterie que je façonne aujourd'hui porte en elle un peu de ceste inspiration italienne, ung hommage à ces artisantz d'ailleurs qui, comme moy, transmettent leur passion par leurs mains. voyager nourrit l’âme et, en tant qu'artisant, chascun souvenir glané en chemin enrichist mon savoir-faire et mon quotidien. avec gratitude, jacques le potier 
je m'appelle karim et j'viens des quartiers. j'me rappelle encore de cet appart trop petit où on vivait à cinq, avec mes parents et mes deux p'tits frères. les murs étaient si fins qu'on entendait la télé des voisins, mais c'était chez nous, et c'est là qu'on a créé nos meilleurs souvenirs. entre les rigolades et les galères, c'est ce qui m'a forgé.|je me nomme karim et je vieng des quartiers. je me souviens encore de ceste appartment trop petit où nous vivions à cinq, avec mes parens et mes deux petiz frères. les murs estoient si fins que nous oïons la télé des voisins, mais c'estoit chez nous, et là fismes nos meilleurz souvenirs. entres les rigolades et les galères, c'est ce qui me forja.
chers amis, ici pierre leclerc, votre prof de français toujours en quête de nouvelles aventures littéraires !  ce week-end, lors d'un atelier d'écriture, j'ai eu la chance de rencontrer une poétesse incroyable dont les mots dansent comme des étoiles sur une toile nocturne. cette rencontre m'a rappelé pourquoi j'aime tant partager ma passion pour la langue et la culture avec vous. alors, quelles découvertes culturelles avez-vous faites récemment ? partagez-les avec moi ! |chiers amis, cy pierre leclerc, vostre maistre de françois tousjours en ququeste de nouvelles aventures littéraires !  ce fin de sepmaine, en ung atelier d’escripture, j'ay eu l’heur de rencontrer une poétesse incroyable dont les mots dancent comme les estoiles sur une toile nocturne. ceste rencontre me rappella pourquoy j'ayme tant partager ma passion pour la langue et la culture avec vous. adonc, quelles découvertes culturelles avez-vous faictes naguères ? partagez-les avec moy ! 
"nom : maxime dupont ""après une longue journée à la fac et de nombreuses heures en salle de garde, je trouve enfin un moment pour m'évader avec ma guitare. la musique est mon antidote précieux contre le stress incessant et les nuits blanches. chaque accord joué me rappelle pourquoi je continue à avancer, malgré la fatigue écrasante.  #passionmusicale #évasion"""|nom : maxime dupont aprés maintes longues journées à l'université et moult heures en la salle de garde, je trouve enfin un moment pour moy esbatre avec ma guiterne. la musique est mon antidotum précieux contre le stress incessant et les nuits blanches. chascun accord jouié me rapelle pourquoy je continue à avancer, nonobstant la fatigue accablante.  #passionmusicale #esbattement
"salut, moi c'est léa, 16 ans et en pleine révolte contre le monde (et mes parents). franchement, c'est tellement rigolo comment nos téléphones comprennent mieux nos émotions que nous-mêmes. genre, siri capte direct quand je suis en mode déprime, mais mes parents ? eux, ils pensent encore que c'est juste une ""phase d'ado"". lol, si seulement il existait une appli pour déchiffrer les adultes..."|"salutations, moi suis léa, de seize ans et en pleine rébellion contre le monde (et mes parens). certes, il est moult risible comment noz téléphones comprennent mieulx noz émotions que nous-mesmes. par exemple, siri apperçoit incontinent quand je suis en humeur chagrine, mais mes parens ? eux, ils cuident encore que ce n'est qu'une ""phase d'ado"". hahaha, se seulement y avoit application pour décipherer les adultes..."
salut, c'est maxime leclerc ! je viens de terminer une séance d'entraînement de folie et je suis hyper boosté pour notre prochaine aventure. les voyages, c'est comme un marathon : chaque étape est une nouvelle découverte, un défi à relever, et la récompense à l'arrivée est toujours incroyable. prépare ton sac et ton mental, parce qu'on va explorer le monde avec passion et détermination ! allez, on lâche rien ! |saluz, c'est maxime leclerc ! je viens de parfaire une séance d'entraînement de folle et je suis moultement esmeu pour nostre prochaine aventure. les voyages sont comme un maraton : chascun pas est une novele descouverte, un deffi à surmonter, et la reward à l'arrivée est tousjours merveillable. prépare ton sac et ton courage, car nous irons esplorer le monde avec passion et détermination ! allons, ne laissons point ! 
cher journal, aujourd'hui, entre deux séances de yoga dans mon studio baigné de lumière, j'ai repensé à ces matins d'été où je courais pieds nus dans le jardin de mes parents, le soleil caressant ma peau encore insouciante. chaque foulée me ramenait à la simplicité des moments passés, où l'effort physique n'était qu'un jeu et le temps semblait suspendu. parfois, j'aimerais capturer cette insouciance dans une bouteille et l'ouvrir à chaque fois que la vie adulte semble trop pressante. mais pour l'instant, je m'efforce de transposer cette essence dans mes routines quotidiennes, en espérant inspirer ceux qui me suivent à retrouver ce même élan de liberté. avec amour, élise |chier journal, en ce jour, entre deuz seances de yoga en mon estude baigné de lumière, ay repeusé à ces matinées d'été où je couroys piés nudz en le jardin de mes parens, le solail carressant ma peau encore dénuée de soing. chascune foulée me ramenoit à la simplicité des momens jadis passés, où l'effort physique n'estoit qu'un jeu et le temps sembloit suspendu. parfois, voudroye bien capturer ceste désinvolture en une fiole et l'ouvrir chascune fois que la vie adulte semble trop pesante. mais pour l'instant, m'efforce de transposer ceste essence en mes coutumières routines, espérant inspirer ceulx qui me suivront à retrouver ce mesme élan de liberté. avec amour, élise 
ah, mes petits chéris, laissez-moi vous raconter cette fois où papi jacques et moi avons eu notre petite prise de bec à propos de nos destinations de voyage. c'était l'époque où l'on planifiait notre fameux tour de l'asie en sac à dos. lui, il voulait absolument commencer par les temples d'angkor, tandis que moi, je rêvais des plages de bali. finalement, on a fini par faire un compromis – et vous savez quoi ? on a découvert, main dans la main, que parfois, les plus beaux souvenirs naissent des chemins inattendus.|ah, mes petiz chéris, laissez-moy vous compter ceste fois où papi jacques et moy eûmes nostre petite prise de bec à propos de noz destinaçons de voyage. cestoit le temps où l’on planoit nostre fameux tour de l’asie en sac à dos. luy, il vouloit à toute force commencier par les temples d’angkor, tandis que moy, je songeois aux plages de bali. finalement, nous finismes par faire un compromis – et savez-vous quoy ? nous descouvrismes, main en la main, que par fois, les plus beaulx souvenirs naissent des chemins inatendus.
je m'appelle claire dubois, bibliothécaire depuis plus de trois décennies, et je me souviens avec une douce nostalgie de mon unique voyage en train à travers les paysages verdoyants de l'écosse. à cette époque, le murmure feutré des pages de mes livres favoris se mêlait au rythme cadencé des rails, créant une harmonie presque palpable. chaque gare traversée était une fenêtre ouverte sur un monde nouveau, un poème visuel aux mille nuances. ce périple, bien que lointain, reste gravé dans ma mémoire comme un chapitre précieux de ma vie, empreint de calme et de découvertes infinies.|je me nomme claire dubois, bibliothécaire despuis plus de trois dizaines d'ans, et je me souviens avec une douce nostalgie de mon unique voyage en train à travers les paysages verdoyans de l'escosse. en ce temps-là, le murmure feutré des pages de mes livres favoris se mesloit au rythme cadencé des rails, créant une harmonie presque palpable. chascune gare passée estoit une fenestre ouverte sur un monde nouveau, un poème visuel aux mille nuances. ce périple, bien que lointain, demeure gravé en ma mémoire comme un chapitre précieux de ma vie, empreint de calme et de découvertes infinies.
cher thomas, je voulais juste te remercier pour notre super dispute d'hier. c'était vraiment génial de découvrir que je pouvais me fâcher autant juste parce que tu as mangé la dernière part de pizza sans demander. vraiment, qui aurait cru que cette part de pizza était si importante pour maintenir la paix mondiale ? j'ai hâte de voir quelle autre surprise tu nous réserves pour la prochaine fois ! ton ami (toujours curieux, mais un peu moins partageur), émile|très chiéer thomas, je te veulx seulement mercier pour nostre noble debat de hiers. ce fu moult excellent de veoir que je me pourroye courroucer tant seulement pour ce que tu as mengé la derrenière portion de tarte à fromaige sans demander. vrayment, qui eust creu que ceste portion de tarte fut tant importante pour maintenir la paix universelle ? j'ay grant desir de veoir quelle aultre merveille tu nous reservent pour la prochaine fois ! ton amy (toujours curieux, mais ung peu moins partageur), émile
salut l’équipe, c’est maxime ici. en repensant à nos trajets matinaux vers le terrain, je me rends compte à quel point ces moments passés dans le van, à discuter stratégie ou simplement à plaisanter, étaient précieux. vous savez, même les kilomètres interminables sur la route me manquent, parce que c’était avec vous, mes partenaires de combat. on se retrouve bientôt pour de nouveaux défis, continuez à vous entraîner fort !|salutz, compaignons, c'est maxime céans. en repensant à noz chemins matinaux vers le champ, me viens souvenance de combien ces momens passés en la charette, à deviser stratégie ou simplement à faire gausserie, estoient précieux. vous sçavez, mesme les lieues interminables sur la route me manquent, pour ce que c’estoit avec vous, mes compaignons d’armes. nous nous retrouverons tantost pour de nouvelles aventures, continuez à vous exercer vaillamment !
cher journal, aujourd'hui, c'était l'anniversaire de camille, et c'était la fête la plus géniale de ma vie! il y avait des ballons de toutes les couleurs, et la maison sentait le gâteau au chocolat. on a ri tellement fort en jouant à cache-cache dans le jardin que j'ai cru que mon ventre allait éclater. j'aimerais que tous les jours soient comme ça! à demain, lucas|chier journal, hui, ce fu l'anniversaire de camille, et ce fu la feste la plus genialle de ma vie! il y avoit ballons de toutes couleurs, et la maison odoroit le gâteau de chocolat. nous riismes si fort en jouant à chace-chace en le jardin que cuidoie que mon ventre alloit esclater. voudroye que chascun jour feust tel! à demain, lucas
objet : nouvelles du village et des passions partagées bonjour cher ami, ici, c'est jules martin, votre artisan potier du coin. j'espère que tout va bien pour vous et vos proches. ces jours-ci, entre le façonnage de nouvelles pièces en argile, j'apprécie de plus en plus les moments passés avec mes amis du village, autour d'un bon feu de cheminée. ensemble, nous partageons notre amour pour les traditions artisanales et trouvons toujours du réconfort dans la simplicité de nos passions communes. bien à vous, jules|objet : nouvelles dou village et des passions partagées bonjour chier amy, icy, c'est jules martin, vostre humble artisant potier du lieu. espère que tout va bien pour vous et voz proches. ces jours-ci, entre le façonnement de nouvelles pièces en argille, je prisoie de plus en plus les moments passés avec mes amis dou village, autour d'un bon feu de cheminée. ensemble, nous partageons nostre amour pour les traditions artisanales et trouvons tousjours du réconfort en la simplicité de noz passions communes. bien à vous, jules
je me souviens de ce jour où la météo semblait avoir décidé d’être l’artiste dramatique ultime, alors que je me disputais avec gabriel sous une pluie torrentielle. le ciel, ce grand mélancolique, pleurait des larmes à n'en plus finir, comme pour souligner l'absurdité de notre querelle sur la couleur parfaite pour notre projet. perdue dans mes pensées, je ne savais plus si c’était la pluie ou mes propres larmes qui ruisselaient sur mes joues, mais bon, au moins la nature semblait être de mon côté dans cette performance surréaliste. ah, les caprices de la vie et de la météo, toujours prêts à se liguer contre une pauvre étudiante en art !|je me ressouviens de cellui jour où la mariniere sembloit avoir délibéré d'estre l'artisan dramatique souverain, lors que je me querellois avec gabriel soubz une pluye torrentielle. le ciel, ce grand mélancolieux, versoit des larmes à n'en plus finer, comme pour souligner l'absurdité de nostre débat sur la couleur parfaicte pour nostre euvre. perdue en mes pensées, je ne savois plus se c'estoit la pluye ou mes propres larmes qui ruisselloient sur mes joues, mais adoncques, au moins la nature sembloit estre de mon costé en ceste performance surréaliste. ah, les caprices de la vie et de la mariniere, tousjours prestz à se liguer contre une povre estudiantine en art !
"salut tout le monde, je m'appelle clara, une étudiante en art de 22 ans, et laissez-moi vous raconter l'un des souvenirs les plus incroyables de ma vie. l'été dernier, en voyage à florence, j'ai eu la chance de voir ""le david"" de michel-ange en vrai, et c'était comme si le marbre prenait vie devant mes yeux. cette expérience a ravivé en moi une passion ardente pour la sculpture et m'a rappelé pourquoi le voyage est une source intarissable d'inspiration et de découverte. "|"salut à tous ceulx du monde, je me nomme clara, une escolière en art de vingt et deux ans, et laissez-moy vous raconter l'un des souvernirs les plus incroyables de ma vie. l'esté passé, en voyage à florence, j'eus la fortune de veoir ""le david"" de michel-ange en vérité, et c'estoient comme si le marbre prenoit vie devant mes yeux. cette expérience raviva en moy une ardente passion pour la sculpture et me remembra pourquoy le voyage est une source intarissable d'inspiration et de découverte. "
"heyyy tout le monde, c'est zoé ! hier soir, c'était la méga teuf chez alex et franchement, c'était l'éclate totale ! mais bon, rentrer à l'appart après et se faire griller par les parents... c'était moins fun . vivement que je prenne mon propre appart pour plus entendre ""t'étais où, à cette heure-ci?"" . #liberté #teenlife"|"oyé, oyé, bonnes gens, c'est zoé ! hières vespre, ce fut moult grande fête chez alex et par ma foy, ce fut moult joyeuse liesse ! mais certes, rentrer au logis après et estre pris en faute par les parens... ce fut moins plaisant . avenant que je puisse avoir mon propre logis pour n'oyr plus ""où estois-tu à ceste heure?"" . #liberté #viedejeunesse"
salut à tous, ici jules, votre charpentier du coin !  aujourd'hui, je voulais partager un petit mot sur l'importance d'un toit solide et chaleureux. dans nos campagnes, le logement, c'est bien plus que des murs et un toit : c'est un cocon, un espace où chaque poutre raconte une histoire. prenons soin de nos maisons et elles prendront soin de nous.  #fierdemonmétier #artisanrural|salutations à tous, céans jules, vostre charpentier du coing !  en ce jour, je désiroye partager quelque mot sur l'importance d'un toit solide et chault. en noz campagnes, le logis, c'est moult plus que murailles et toiture : c'est un cocon, un lieu où chascune poutre conte une histoire. prenons soin de noz maisons et elles prendront soin de nous.  #fierdemonmétier #artisanrural
salut julie, tu ne devineras jamais ce qui s'est passé aujourd'hui ! j'étais en train de m'adonner à mon habitude secrète de gribouiller des petits chats dans la marge de mes cahiers (tu sais, ceux avec les moustaches trop longues) quand j'ai remarqué que maxime, le gars super mignon de la classe de maths, faisait pareil… mais avec des petits chiens ! je suis restée bloquée un moment, hésitant entre éclater de rire ou m'enfuir en courant, et là, il m'a remarqué et m'a lancé un sourire complice. j'ai rougi comme une tomate, mais au moins maintenant, je sais qu'on partage une passion pour l'art animalier dans les marges ! bisous, emma |salut julie, tu ne devineras point ce qui s'est passé ce jourd'hui ! je me délectois en mon habitude secrète de griffonner petiz chatons en la marge de mes cahiers (tu sais bien, ceux avec les moustaches trop longues) quand je remarquai que maxime, le gars moult avenant de la classe de mathématiques, faisoit de même… mais avec de petiz chiens ! je demeurai estonnée un moment, hésitant entre éclater de rire ou m'enfuir comme vent, et alors il m'aperçut et me sourit d'un air complice. je rougis comme une pomme vermeille, mais au moins maintenant, je sais que nous partageons une passion pour l'art animalier en les marges ! baisers, emma 
chère élise, je me rappelle encore ce soir d'été où, après une journée éreintante passée à jongler entre les tâches ménagères et les caprices des enfants, nous avons toutes deux échappé à l'agitation de la maison pour nous asseoir dans le jardin, enveloppées par le parfum des roses. c'est ce moment de calme volé, où nos rires sincères ont fait oublier l'épuisement, qui me rappelle à quel point ces instants partagés sont précieux dans ce tourbillon quotidien. avec tout mon amour, claire|chère elyse, je me souviens encore de ce soir d'esté où, après une journée laborieuse passée à jongler entre les ouvrages domestiques et les caprices des enfans, nous nous enfuismes toutes deux de l'agitation de la maison pour nous asseoir en l'jardin, enveloppées par le parfum des roses. c'est ce moment de calme dérobé, où nos ris sincères ont fait oublier la lassitude, qui me rappelle combien ces instants partagés sont précieux en ce tourbillon quotidien. avec tout mon amour, clere
je m'appelle sofiane et depuis tout petit, j'ai la danse dans le sang. quand je suis sur le bitume du quartier avec mes potes, la musique qui résonne dans les enceintes me fait oublier tous les soucis. chaque mouvement que je fais, c'est comme si je volais, comme si les problèmes de la cité s'effaçaient l'espace d'un instant. c'est là, au milieu des rires et des regards, que je me sens vraiment vivant.|je me nomme sofiane et dès ma petite enfance, j'ay eu la danse en mon sang. quant je suis sur le pavé du quartier avec mes compaignons, la musique qui résonne ès haulx-parleurs me fait oblier tous mes ennuis. chascun mouvement que je fais, c'est comme si je voloye, comme si les tribulations de la cité s'effaçoient pour un instant. c'est là, au milieu des risées et des regards, que je me sens vraiment vivant.
je m'appelle claire, et entre les trajets interminables pour déposer et récupérer les enfants à l'école et les activités, j'ai souvent l'impression de courir un marathon sans fin. chaque repas est un défi, un moment volé où je tente d'apporter un peu de chaleur et de réconfort à travers les plats que je prépare, même si je sais que parfois c'est un simple sandwich englouti entre deux courses. pourtant, dans ces instants fugaces, lorsque je vois leurs visages s'illuminer autour de la table, je me rappelle pourquoi je fais tout cela. c'est épuisant, oui, mais c'est aussi plein d'amour et de petites victoires qui rendent chaque journée unique.|je me nomme claire, et entre les longs voyages pour mener et quérir les enfans à l’escole et les activités, j’ai souvent l’impression de courir un marathon sans fin. chascun repas est un défi, un moment robé où je tache d’apporter quelque peu de chaleur et de récomfort à travers les plats que je prépare, mesme si je sçay que parfois c’est un simple sandwich englouty entre deux courses. toutefois, en ces instants fugaces, quand je veois leurs visages s’esjouir autour de la table, je me ressouviens pourquoy je fais tout cela. c’est épuisant, oÿl, mais c’est aussi plein d’amour et de petites victoires qui rendent chascun jour unique.
je m'appelle jean-michel dubois, et je suis forgeron dans notre paisible village depuis plus de trois décennies. je me souviens encore de mon premier voyage à la grande ville, où j'ai découvert ces machines étranges que l'on appelle ordinateurs. ces engins de métal et de lumière m'ont d'abord laissé perplexe, mais au fil du temps, j'ai compris comment ils facilitent le commerce et la communication, reliant notre petit monde rural au vaste monde au-delà des collines. pourtant, malgré ces avancées, rien ne remplacera jamais le bruit apaisant du marteau frappant l'enclume, une mélodie intemporelle qui résonne au fond de mon atelier.|je me nomme jehan-michel dubois, et suy forgeur en nostre paisible bourgade despuis plus de trois décennies. me remembre encor de mon premier voyage à la grant cité, où je découvris ces machines estranges que l'on nomme ordinateurs. ces engins de métal et de clarté m'ont premierement laissé perplex, mais au fil du temps, compris comment ils facilitent le négoce et la communication, liant nostre petit monde rural au vaste monde par-delà les monts. toutefois, malgré ces advancements, rien ne remplacera onques le bruit apaisant du marteau frappant sur l'enclume, une mélodie intemporelle qui résonne au fond de mon atelier.
bonjour mon petit trésor, c'est mamie jeanne. juste un petit mot pour te rappeler que toutes les émotions que tu ressens sont normales et précieuses, même celles qui te semblent un peu dérangeantes parfois. tu sais, la vie est comme un grand jardin, avec des fleurs de toutes les couleurs, et chaque sentiment en est une. prends soin de toi et n'oublie pas que je suis toujours là pour t'écouter. gros bisous, mon chéri.|"""salutations mon petit trésor, c'est mamye jeanne. seulement un petit mot pour te remembrer que toutes les émotions que tu ressens sont naturelles et précieuses, mesmes celles qui te semblent un peu ennuyeuses à l'occasion. saches que la vie est comme un grand jardin, avec des fleurs de toutes couleurs, et chascun sentiment en est une. prends bien soin de toy et n'oublie mie que je suis tousjours là pour t'écouter. grans baisiers, mon cher fils."""
cher journal, aujourd'hui, j'ai passé l'après-midi à peaufiner mes tricks au skatepark. le skate, c'est plus qu'un passe-temps pour moi, c'est vraiment devenu ma passion. quand je suis sur ma planche, j'oublie tout le reste, même les galères de la vie. j'espère vraiment un jour pouvoir participer à des compétitions et montrer ce que je vaux.|chier journal, en ceste journée, ay passé l'après-midy à affiner mes tours au lieu de jeu de planche à roulettes. la planche, ce n'est mie seulement un passe-temps pour moy, mais est véritablement devenue ma passion. quand suis sur ma planche, oublie tout le reste, mesmes les tribulations de la vie. espère moult un jour pouvoir participer à des compètitions et monstrer ce que je vaux.
"bonjour chers élèves, ici monsieur dupont. aujourd'hui, je voulais partager avec vous un souvenir qui me tient particulièrement à cœur. c'était lors de mon premier voyage en provence, lorsque, assis sous un olivier majestueux, j'ai lu pour la première fois ""le petit prince"" à l'ombre des montagnes. la beauté du paysage et la poésie des mots se sont entremêlées pour créer un moment inoubliable, celui qui a sans doute façonné mon amour inconditionnel pour la littérature."|"""bien le bonjour, chers escoliers, cy est messire dupont. hui, je vouldroye partager avec vous ung souvernir qui me lye moult au cœur. ce fu lors de mon premier vïage en provence, quant, assis soubz ung olivier majestueux, je leuz pour la première foys ""le petit prince"" à l'ombre des montaings. la beauté du païsage et la poësie des mots se meslèrent pour créer ung moment inoubliable, celuy qui a sans doute façonné mon amour indéfectible pour la littérature."""
titre : les doux instants du passé - le rêve répété d'un professeur de français chers lecteurs, ici paul duval, votre fervent amoureux de la langue de molière. chaque matin, je me surprends à répéter un rituel qui, pour certains, pourrait sembler anodin, mais qui, pour moi, est un voyage quotidien dans le temps : celui de savourer un café au coin de ma fenêtre, le même coin où, adolescent, je dévorais des romans. ce petit instant, bercé par les effluves nostalgiques de l'encre et du papier, me rappelle les émotions vibrantes de mes premières découvertes littéraires, ces aventures silencieuses qui ont forgé la passion que je transmets aujourd'hui à mes élèves. ah, combien il est doux de se laisser emporter par le courant des souvenirs, là où chaque gorgée de café est une invitation à revivre une époque révolue, mais jamais oubliée.|titre : les doux instants du passé - le songe réitéré d’un maistre de français chiers lecteurs, cy est paul duval, vostre fervent amant de la langue de molière. chascun matin, je me surprens à réitérer un rituel qui, pour aucuns, pourroit sembler anodin, mais qui, pour moy, est une chevauchée journalière au travers du temps : celle de savourer un café au coin de ma fenestre, le mesme coin où, jeune jouvenceau, je dévoroye les romans. ce petit instant, bercé par les effluves nostalgiques de l’encre et du papier, me ressouvenance les émotions vibrantes de mes premières découvertes littéraires, ces aventures silencieuses qui forgèrent la passion que je transmet aujourd’huy à mes escoliers. ah, combien il est doux de se laisser emporter par le courant des souvenirs, là où chascune gorgée de café est une invite à revivre une époque révolue, mais jamais oubliée.
je m'appelle clara et, chez moi, les repas en famille sont un peu comme un rituel sacré. chaque dimanche, on se réunit tous autour de la table, même si parfois, j'aimerais mieux rester dans ma chambre à lire. pourtant, c'est en observant papa raconter ses histoires de jeunesse que je réalise à quel point ces moments sont précieux. c'est drôle comme un simple plat de gratin peut nous rapprocher, même quand les mots me manquent pour le dire.|je me nomme clara et, en ma maison, les repas en famille sont quelque peu comme un rituel sacré. chascun dimanche, nous nous rassemblons toutz entour de la table, mesmement si parfoiz, j'eusse mieux aimé demeurer en ma chambre à lire. néantmoins, c'est en regardant mon père conter ses histoires de jeunesse que je m'aperçoy combien ces moments sont précieux. c'est estrange comment un simple plat de gratin nous peut rapprocher, mesmement quand les mots me faillent pour le dire.
bien sûr ! voici un post ironique pour une mère de famille débordée : --- ah, la magie des rencontres imprévues chez le pédiatre !  ce matin, j'ai eu le plaisir de croiser un charmant inconnu... enfin, charmant jusqu'à ce que je réalise que c'était juste mon reflet dans la fenêtre, avec les cheveux en bataille et un bout de tartine collé sur le pull. merci, la vie, pour ces moments de glamour intense ! #mamandébordée #rencontredu3èmetype #vivementlasieste --- j'espère que cela correspond à ce que vous cherchiez !|certes, voicy un escript ironique pour une mere de famille surchargée : --- ah, la magie des rencontres imprévues chez le médecin des petiz !  ce matin, je euz le plaisir de rencontrer un gentil inconnu... enfin, gentil jusques à ce que je m'aperçoy qu'il n'estoit que mon propre reflet en la fenestre, les cheveulx en desordre et un morceau de pain collé sur le pourpoint. merci, ô vie, pour ces moments de grant éclat ! #meresurchargee #rencontredutiercetype #vivementlasieste --- espérons que ce soit à vostre gré !
bonjour, ici marguerite lefèvre, votre bibliothécaire bienveillante. en feuilletant les pages des récits de vies, je me rends compte combien la famille et le travail s'apparentent à des chapitres indissociables d'un même volume. la famille, cette douce reliure, nous ancre et nous soutient, tandis que le travail, ce texte dense, nous épanouit et nous pousse à explorer de nouvelles marges. prenons soin de ces deux piliers avec la même attention que nous accordons aux précieux ouvrages qui nous entourent.|bon jour, céans marguerite lefèvre, vostre bienveillante bibliothéquiere. en feuilletant les pages des récits de vies, je me aperçoy combien la famille et le labour s'apparentent à des chapitres indissociables d'un mesme volume. la famille, ceste doulce reliure, nous ancre et nous soustient, tandis que le labour, ce texte espais, nous épanouist et nous pousse à esplorer de nouvelles marges. prenons soing de ces deux pilliers avec la mesme diligence que nous accordons aux précieux ouvrages qui nous environnent.
salut mes petits soleils  ! c’est jade, et aujourd'hui, je vous partage un souvenir doux et nostalgique qui me réchauffe le cœur. c’était un après-midi pluvieux d’automne, vous savez, ces jours où la pluie tambourine doucement contre la fenêtre et crée cette ambiance cosy parfaite. j’étais installée dans mon café préféré, en train de déguster un latte épicé à la citrouille, quand je l'ai rencontré. son sourire a illuminé la pièce plus intensément que n'importe quel rayon de soleil . cette rencontre a transformé une journée grise en un moment magique que je n'oublierai jamais. #souvenirs #rencontreinattendue|salutz mes petiz soleils  ! c'est jade, et en cest jour, je vous vueil partager ung souvernir doulz et nostalgique qui me rechaufle le cuer. ce fut ung après-midy pluvieux d’autonne, vous sçavez, ces jours où la pluye tambourine doulcement contre la fenestre et crée ceste ambiance cozye parfaite. j’estoie installée en mon café préféré, en train de desguuster ung latte espicié à la citrouille, quant je le rencontray. son sourire illumina la chambre plus intensément que nul rayon de soleil . ceste rencontre a transformé une journée grise en ung moment magique que je n'oublieray jamais. #souvenirs #rencontreinattenduë
objet : pensées d’une grand-mère moderne  coucou mon petit chou, je voulais juste te dire que je suis super fière de toi et de tes efforts avec tes études. entre les cours et les trajets en métro, je sais que tu n’as pas une minute à toi, mais n’oublie pas de prendre un peu de temps pour souffler et profiter du moment présent. je me souviens des jours où je pédalais sur mon vélo pour aller à l'école, et je suis toujours épatée par ta capacité à jongler avec les défis d’aujourd’hui. tu es ma petite étoile filante, et sache que je suis là pour te soutenir, peu importe la distance. bisous sucrés, mamie jeanne |objet : pensées d’une grand-mère moderne  salut, mon petit chou, je désire seulement te dire combien grand est mon orgueil pour toy et pour tes labeurs en tes études. entre les leçons et les chemins en chariot, je sçay que peu de temps à toy reste, mais n’oublie pas de prendre ung moment pour respirer et jouyr du présent. je me ressouviens des jours où je chevauchoy ma bicyclette pour aller à l’escole, et suis tousjours émerveillée par ta puissance à esmouver avec les défis du jour d’huy. tu es ma petite estoile fuyante, et sache que je suis là pour te soustenir, quel que soit l’eslongnement. baisers doulz, mamye jeanne 
salut tout le monde !  c'est léo ici. aujourd'hui, je me suis demandé pourquoi les amis sont si importants. 🤔 je pense que c'est parce qu'ils nous font rire quand on est triste et qu'ils partagent leurs goûters avec nous à la récré.  alors merci à mes copains d'être toujours là, vous êtes les meilleurs !  #amispourlavie|salutz à toutes gens !  c'est léon ici. en ce jour, me suis-je enquis pourquoy les amis sont si notables. 🤔 je croy que c'est car ils nous font rire quant nous sommes en tristesse et qu'ils départissent leurs colations avec nous à la récréation.  donc mercis à mes compagnons d'estre tousjours là, vous estes les meilleurs !  #amispourlavie
chers lecteurs, je suis marguerite, votre humble bibliothécaire passionnée par les secrets murmurés entre les pages des livres. aujourd'hui, je me permets de partager avec vous une rencontre fortuite, tissée par la technologie moderne. un après-midi tranquille à la bibliothèque, alors que je cataloguais de vieux manuscrits, une notification sur mon téléphone m'a invité à une discussion littéraire en ligne. curieuse, j'ai rejoint le cercle virtuel et y ai rencontré un esprit aussi passionné que le mien, avec qui j'ai échangé des réflexions enflammées sur rilke et proust. cette rencontre numérique s'est révélée être un pont vers une amitié précieuse, me rappelant que, parfois, la technologie devient le messager des connexions profondes que nous chérissons.|chiers lecteurs, je suis marguerite, vostre humble bibliothequaire passionnée par les secrets murmurez entre les pages des livres. en ce jour, je me permects de partager avec vous une rencontre fortuite, tissée par la technologie moderne. ung après-midy tranquille en la librairie, alors que je cataloguois de vieux manuscrits, une notification sur mon téléfon me invita à une discussion littéraire en lignaige. curieuse, je me joinct au cercle virtuel et y rencontray un esprit aussi passionné que le mien, avec qui j'échangay des réflexions enflammées sur rilke et proust. cette rencontre numérique se révéla estre ung pont vers une amitié précieuse, me remembrant que, parfoys, la technologie devient le messagier des connexions profondes que nous chérissons.
cher journal, chaque dimanche, la table de la cuisine se transformait en une véritable scène de théâtre culinaire, où les rires de ma famille se mêlaient harmonieusement aux effluves de mon fameux coq au vin. à chaque bouchée, je cherchais la perfection, mais c'était la chaleur des sourires et la douceur des souvenirs partagés qui faisaient de ces repas une œuvre d'art inimitable. ah, les repas familiaux, ces symphonies gustatives qui, bien plus que mes plats, sont gravées à jamais dans mon cœur. bien à toi, alexandre dubois|très chier journal, chascun dimanche, la table de la cuisine se muoit en une véritable scène de théatre culinaire, où les risées de ma famille se mesloient harmonieusement aux effluves de mon fameux coq au vin. à chascune bouchée, je cherchoie la perfection, mais c'estoit la chaleur des sourires et la doulceur des souvenirs partaigiés qui faisoient de ces repas une œuvre d'art inimitable. ah, les repas familiaux, ces symphonies gustatives qui, bien plus que mes plats, sont engravées à jamais en mon cueur. bien à toy, alexandre dubois.
ah, tu sais, fiston, quand j'étais gamin, on avait cette drôle de coutume avec mes copains du quartier. chaque dimanche matin, on enfourchait nos vieux vélos, tout rouillés qu'ils étaient, et on dévalait la colline jusqu'à l'étang. on passait des heures à rêvasser, les pieds dans l'eau, juste à refaire le monde, sans se soucier du temps qui filait. c'était notre petit coin de paradis, loin du tumulte, et je donnerais cher pour revivre ne serait-ce qu'un instant de cette insouciance perdue.|ah, tu sçais, fiston, quant j'estoie enfant, nous avions ceste estrange coustume auec mes compaignons du quartier. chascun dimanche matin, nous enfourchions noz vieulx vélos, tout rouillés qu'ilz estoient, et nous descendioms la colline jusques à l'estang. nous passioms des heures à resver, les piés en l'eaue, à refaire le monde, sans soucyer du temps qui couroit. c'estoit nostre petit coing de paradis, loing du tumulte, et je donneroie cher pour revivre ne fust-ce qu'un instant de ceste insouciance perdue.
titre : la couture, mon évasion quotidienne bonjour à tous, ici sophie, maman débordée de trois adorables tornades. entre les goûters à préparer et les devoirs à superviser, j'ai découvert une passion salvatrice : la couture. c'est dans ces moments volés à mon emploi du temps infernal que je trouve enfin un peu de sérénité, une aiguille à la main et des tissus colorés qui prennent vie sous mes doigts. coudre, c'est ma petite bulle de calme au milieu du chaos familial, un instant rien qu'à moi où je peux enfin respirer et créer.|**titre : la courture, mienne eschappatoire quotidienne** bien le bon jour à tous, céans sophie, mère exténuée de trois petiz tourbillons adorables. entre les colations à appareiller et les leçons à superviser, ay trouvé moy une passion salvatrice : la courture. c'est en ces moments dérobés à mon emploi du temps infernal que je trouve enfin quelque peu de sérénité, une aiguille en main et des draps colorés qui prennent vie soubz mes doigts. coudre, c'est ma petite bulle de calme au milieu du tumulte familial, ung instant mieulx qu'à moy où je puis enfin respirer et créer.
salut, c'est alex, ton coach de motivation. tu sais, les émotions, c'est comme les vagues : parfois elles te soulèvent, parfois elles te renversent. mais ce qui compte, c'est comment tu choisis de surfer dessus. rappelle-toi, chaque entraînement est une chance de transformer ces émotions en énergie pure. allez, on reste focus et on puise dans cette force intérieure !|salut, c'est alex, ton conseiller de motivation. tu sçais, les émotions sont comme les vagues : par fois elles te soulèvent, par fois elles te renversent. mais ce qui importe, c'est la manière dont tu eslire de chevaucher dessus. rappelle-toi, chascun entraînement est une opportunité de transmuer ces émotions en énergie pure. allez, demeurons focalisés et puisons en ceste force intérieure !
ma chère petite émilie, je me souviens encore de la première maison que ton grand-père et moi avons achetée : elle était petite, mais remplie de chaleur et de rires. n'oublie jamais que ce qui compte vraiment, ce sont les souvenirs que tu y crées. prends le temps de bien choisir ton chez-toi, un lieu où ton cœur se sentira toujours apaisé. avec tout mon amour, mamie jeanne|ma chiere petite émilie, me souvient encor de la première maison que ton grand-père et moy achetames : elle estoit petite, mais pleine de chaleur et de ris. oublie ja mais que ce qui compte vrayement, ce sont les souvenirs que tu y forges. prens le temps de bien eslire ton chez-toy, ung lieu où ton cueur se sentira tousjours apaisé. avec tout mon amour, mamye jeanne
salut tout le monde, ici léa moreau !  aujourd'hui, je voulais vous partager un petit bout de ma vie et vous parler de mes moments de détente préférés. rien de tel qu'un dimanche matin passé à feuilleter un bon bouquin avec une tasse de thé fumant à la main, entourée de mes plantes vertes.  ces petits plaisirs simples me rappellent l'importance de ralentir et d'apprécier chaque instant.  et vous, c'est quoi votre moment détente préféré ? dites-moi tout en commentaire ! |salutz à tous, ici léa moreau !  en ce jour, je désiroye vous partager un petit morceau de ma vie et vous deviser de mes moments de délassement préférés. nul plaisir n’est égal à celui d’un dimanche matin où l’on feuillete un bon livre, une tasse de thé fumant en main, environnée de mes plantes vertes.  ces menus plaisirs simples me remembrent l’importance de ralentir et de priser chascun moment.  et vous, quel est vostre moment de repos préféré ? dites-le moy en commentaire ! 
objet : un petit coin de ciel bleu bonjour, je m'appelle claire, et je voulais partager quelque chose qui me tient à cœur. tous les soirs, en rentrant chez moi, je m'arrête quelques instants devant la vieille maison en pierre au coin de la rue. elle a ce charme désuet, presque magique, et je me surprends à imaginer les histoires qu'elle pourrait raconter. c'est devenu une habitude réconfortante, comme si, pendant ces instants volés, je pouvais m'évader et rêver d'un monde où tout est possible. belle journée à vous, claire|objet : un petit coing de ciel bleu salut à vous, je me nomme claire, et je vouloye partager quelquechose qui me tient à cœur. touz les vespras, en retournant chez moy, je m'arreste aucuns instants devant la vieille maison de pierre au coing de la rue. elle a ce charme ancien, presque magique, et je me surprens à imaginer les histoires qu'elle pourrait raconter. c'est devenu une coustume réconfortante, comme se, pendant ces instants volés, je pourroye m'évader et songer d'un monde où tout est possible. belle journée à vous, claire
"objet : une petite réflexion sur nos émotions  coucou mes beautés, ici chloé ! aujourd'hui, j'ai envie de partager avec vous une pensée qui me traverse souvent l'esprit : nos émotions sont comme des vagues, elles vont et viennent, et il est important de les accepter pour ce qu'elles sont. parfois, on a l'impression de devoir toujours être au top, mais se rappeler qu'on a le droit d'avoir des jours ""moins bien"" est essentiel. prenez soin de vous et écoutez votre cœur, il sait ce dont vous avez besoin . bisous, chloé "|"objet : une petite réflexion sur noz émotions  salut mes beaultés, céans chloé ! en ceste journée, j'ay envie de partager avec vous une pensée qui souvent me hante l'esprit : noz émotions sont comme des vagues, elles vont et viennent, et il est important de les accepter pour ce qu'elles sont. parfois, l'on a l'impression de devoir tousjours estre au plus hault, mais se remembrer que l'on a le droit d'avoir des jours ""moins bien"" est essentiel. prenez soin de vous et escoutez vostre cœur, il scet ce dont vous avez mestier . baisers, chloé "
"titre : ""météo, cette grande manipulatrice"" ah, la météo à paris ! toujours aussi prévisible qu'un lundi matin à la défense. entre deux réunions et un café serré, me voilà pris au dépourvu par une pluie fine, cette amie fidèle qui sait toujours comment pimenter ma journée. un parapluie oublié, une chemise trempée, et soudain, le monde semble un peu moins corporate. vive la météo, cette grande manipulatrice du moral parisien !"|"**titre : ""les tempes, ceste grande faulseuse""** hélas, les tempes à paris ! tousjours aussy prévisible qu’un lundy matin à la défense. entre deux assemblées et un café serré, me voilà surprins par une douce pluye, ceste amye fidèle qui sçait tousjours comment esventer ma journée. un parapluye oublié, une chemise moictée, et soubdain, le monde semble ung peu moins corporatif. vive les tempes, ceste grande faulseuse du moral parisien !"
lundi, 16 octobre 2023 aujourd'hui, j'ai tenté de jongler entre les réunions interminables et ma pile de dossiers qui ne cesse de croître, mais j'ai tout de même réussi à m'accorder une pause salvatrice. j'ai repris le piano, une passion que j'avais négligée depuis des années, et ces quelques notes m'ont offert un moment de répit précieux que même un mojito en terrasse ne saurait égaler. mon cours du soir en gestion du stress m'a appris à mieux m'organiser, mais il est clair que je dois encore travailler sur cet équilibre fragile entre mes obligations professionnelles et mes loisirs. je me demande si un jour je parviendrai à conjuguer harmonieusement ces deux aspects de ma vie.|lundi, xvie jour d'octobre, l'an de grâce mmxxiii en ce jour, ay tenté de jongler entre les assemblées sans fin et ma pile de liasse qui ne cesse de croistre, mais ay néanmoings réussi à m'accorder une pause salutaire. ay repris le clavicorde, une passion que j'avois négligée depuis moult années, et ces quelques nottes m'ont offert un moment de répit précieux que mesmes un breuvage de menthe en terrasse ne sçauroit égaler. mon leçon du soir en maistrise du stresse m'a appris à mieux m'ordonner, mais il est cler que je doy encore oeuvrer sur cet équilibre fragile entre mes deubtes professionnelles et mes esbattements. je me demande si ung jour je parviendray à unir harmonieusement ces deux facettes de ma vie.
salut, c'est léa. je voulais te raconter une petite histoire qui m'est arrivée dans les rues vibrantes de lisbonne. j'ai croisé un étudiant passionné d'archéologie, et on a discuté pendant des heures sur les pavés dorés de la ville. nos échanges m'ont rappelé pourquoi j'adore tant voyager et apprendre – chaque rencontre est une porte ouverte sur un nouvel univers. à bientôt, prends soin de toi !|saluz, c'est léa. je vouloye te raconter une petite histoire qui m'est advenue ès rues vibrantes de lisbonne. rencontray ung estudiant passionné d'archéologie, et parlâmes maintes heures sur les pavés dorés de la cité. nos devises m'ont recordé pourquoy j'aime tant vagabonder et apprendre – chascune rencontre est une porte ouverte sur ung nouvel univers. à tantôt, prends soin de toy !
"chère famille bien-aimée, ah, les repas de famille, ce grand moment où l'art culinaire rencontre l'art dramatique! je suis toujours éblouie par la capacité de maman à transformer un simple plat de légumes en une véritable œuvre d'art abstrait—tellement abstrait que personne ne sait vraiment ce qu'on mange. et bien sûr, rien ne complète mieux ce tableau familial qu'une discussion passionnée sur ma ""carrière"" d'artiste, qui, comme le dessert, est toujours servie en dernier pour éviter l'indigestion. avec toute la couleur et l'ironie de mon cœur, amélie"|"chère famille bien-aîmée, ah, les repas de famille, ce grand moment où l'art culinaire rencontre l'art dramatique! je suis tousjours esbahie par la puissance de ma mère à transmuer un simple plat de légumes en une véritable œuvre d'art abstraite—si abstraite que nulle personne ne sait vraiment ce que l'on mange. et bien sûr, rien ne parfait mieulx ce tableau familial qu'une discussion passionnée sur ma ""carrière"" d'artiste, laquelle, comme le desser, est tousjours servie en dernier pour esviter l'indigestion. avec toute la couleur et l'ironie de mon cœur, amélie"
objet : petites réflexions sur nos aventures culinaires et de transport  salut mes amours, juste un petit mot pour vous dire à quel point nos escapades culinaires et nos trajets en ville me remplissent de joie ! chaque repas partagé et chaque trajet en transport sont pour moi des moments précieux d'évasion et de découvertes. merci de partager ces instants magiques avec moi, vos retours me touchent toujours énormément. avec amour, léa |objet : petites méditations sur noz aventures culinaires et de transport  salut mes amours, juste ung petit mot pour vous dire combien noz escapades culinaires et noz trajets en cité me emplissent de liesse ! chascun repas partagé et chascun voyage en transport sont pour moy des momens précieux d'évasion et de découvertes. grâces vous soient rendues de partager ces instants magiques avec moy, vo retours me touchent toujours moult. avec amour, léa 
chère emma, tu sais, j'ai toujours adoré me plonger dans mes cours de yoga en ligne, c'est mon petit rituel zen de la semaine. mais rien ne surpassera jamais notre fameux road trip en van l'été dernier. te voir découvrir la joie simple des paysages défilant, c'était magique et ça restera gravé dans mon cœur. je t'embrasse fort, ma petite aventurière. mamie jeanne|chère emma, saches-tu, j'ay tousjours eu délectacion à me plonger en mes leçons de yoga en ligne, c'est mon petit rituel de paix de la sepmaine. mais rien ne surpassera jamais nostre fameux voyage en chariot l'été passé. te veoir découvrir la joie simple des paysages qui se déroulent, ce fut magique et cela restera gravé en mon cueur. je te baise fort, ma petite aventurière. mamye jeanne
chère journal, hier soir, j'ai assisté à une fête vraiment incroyable chez ma copine simone. imagine une ambiance chic et décontractée, avec des playlists spotify à la pointe et des cocktails dignes d'un bar branché. j'ai même dansé un peu, bien que mes vieux genoux aient protesté — on ne vieillit pas dans notre tête, n'est-ce pas ? quelle joie de voir que le temps passe mais que l'énergie de nos belles années reste intacte ! bisous, mamie jeanne |chier journal, hier soir, je fuiz en une feste moult merveilheuse chez ma amie simone. envisage une ambiance noble et destrainte, avecques des listes de chançons moult modernes et des breuvages dignes d'une taverne renommée. je dansai mesmes un peu, combien que mes vieux genoils murmurassent — en nostre teste, ne viellissons point, n'est ce pas ? quelle joye de veoir que le temps s'en va mesmes si l'énergie de noz belles années demeure entière ! baisiers, mamye jehane 
objet : petite rencontre sportive ? ‍ coucou mon cher(e) [nom], j'espère que tu vas bien ! j'ai pensé que ce serait chouette de se retrouver pour une petite séance de sport ensemble, histoire de se dégourdir les jambes et papoter un peu. que dirais-tu d'une balade à vélo ou d'une partie de pétanque ce week-end ? fais-moi signe, ça me ferait super plaisir de te revoir ! gros bisous, mamie jeanne |objet : petite rencontre sportive ? ‍ salut mon cher ami(e) [nom], espoir que tu te portes bien ! j'ay pensé que ce seroit plaisant de nous retrouver pour une petite séance de sport ensemble, afin de dégourdir nos membres et deviser un peu. que dirais-tu d'une promenade à bicyclette ou d'une partie de jeu de boules ce fin de semaine ? fais-moy sçavoir, cela me feroit grand plaisir de te revoir ! gros baisers, mamye jeanne 
je suis édouard lemaître, et chaque repas que je crée est une déclaration d'amour pour la gastronomie, un ballet de saveurs orchestré avec précision. aujourd'hui, en préparant un dîner pour un vieil ami que je n'avais pas vu depuis des années, j'ai ressenti l'importance de chaque geste, chaque coupe, chaque assaisonnement. c'est dans la simplicité d'une soupe chaude ou la complexité d'un soufflé que réside l'art de la rencontre : la nourriture comme dialogue silencieux entre les âmes. cuisiner, c'est tisser des liens invisibles, et ce soir, j'ai vu nos souvenirs reprendre vie dans la chaleur réconfortante d'un plat partagé.|je suis édouard lemaître, et chascun repas que je crée est une déclaration d'amours pour la gastronomie, un balet de saveurs orchestré avec précision. en ce jour, en appareillant un disner pour ung vieil ami que je n'avois point veu dès maintes années, je senti l'importance de chascun geste, chascune coupe, chascun assaisonnement. c'est en la simplicité d'une soupe chaude ou la complexité d'un soufflé que réside l'art de la rencontre : la nourriture comme dialogue silencieux entre les âmes. cuysiner, c'est tisser des liens invisibles, et ce soir, je vy nos souvenirs reprendre vie en la chaleur réconfortante d'un plat partagé.
salut tout le monde, c'est chloé de  !  j'étais en train de feuilleter de vieilles photos quand je suis tombée sur celles de nos pique-niques d'été au parc avec mes amis d'enfance. c'était l'époque où on se déconnectait vraiment, sans smartphones, juste des rires et le doux goût des sandwiches faits maison. parfois, je me dis que c'est précisément ce genre de souvenirs qui nous rappellent pourquoi il est si important de savourer chaque instant simple de la vie. |saluz à tous ceulx qui lisent, c'est chloé de  !  je estois en train de compasser de vieilles ymages quant je suy tombée sur celles de nos colaciones d'été au parc avec mes amis d'enfance. c'estoit le temps où nous nous deconectiõns veritablement, sans aucun serf des espringalx modernes, mais encores de risées et le doulx goust des pastés faitz à maison. parfoys, me diz-je que c'est ce genre de souvenirs qui nous remembrent pourquoy il est si important de savourer chascun instant simple de la vie. 
salut ! moi, c'est clara, et je suis totalement passionnée par l'art et les voyages. chaque voyage est comme une toile vierge qui s'ouvre à moi, une chance d'apprendre et de m'inspirer des couleurs et des cultures du monde entier. mes études en art m'ont appris à voir la beauté dans les petits détails, et chaque nouvelle destination est une aventure à la recherche de ces trésors cachés. c'est fou comme le monde peut être une source infinie de créativité et de découverte !|salutations ! moy, suis nommée clara, et suis toute ardente de passion pour l’art et les voyages. chascun voyage est telle une toile vierge qui s’ouvre à moy, une oportunité d’apprendre et de m’esmerveiller des couleurs et des cultures du monde entier. mes études en art m’ont ensaigné à veoir la beauté ès petites riens, et chascune nouvelle destination est une aventure à la queste de ces trésors cachés. c’est merveilles comment le monde peut estre une source infinie de créativité et de découverte !
objet : souvenirs d'amitié depuis l'atelier chers amis, en ces soirées où le crépuscule danse sur l'horizon de nos collines, je me surprends à penser à vous tous, compagnons d'autrefois. autour de l'établi, où le bois chante sous mes doigts, je revois nos rires et nos histoires échangées à la lueur du feu de la forge. que nos souvenirs, tissés comme la laine entre mes mains, continuent de réchauffer nos coeurs à travers le temps et la distance. avec toute l'affection d'un vieil artisan, benoît, le menuisier du village|objet : souvenirs d’amisté dès l’atelier chiers amis, en ces vesprées où le crépuscule dance sus l’orizon de nos collinettes, je me surprens à penser à vous tous, compaignons d’autrefoiz. entour de l’establi, où le bois chante sous mes doiz, je revois noz risées et noz histoires changées à la luire du feu de la forge. que noz souvenirs, texez comme la laine entre mes mains, continuent de rechaufer noz cuers à travers le temps et la distance. avec toute l’affection d’un viel artisant, benoît, le menuisier du village
ah, laissez-moi vous raconter cette histoire savoureuse, digne d'une soirée dans ma cuisine. un jour, alors que je jonglais entre la préparation d'une ratatouille parfaite et l'étude d'un manuel de gastronomie française, mon cœur de chef, jean-claude legourmet, s'est retrouvé aussi en ébullition que mes casseroles. la tension montait comme une meringue bien fouettée, et dans un moment de distraction, j'ai ajouté du sucre au sel ! mes élèves ont ri aux éclats, et moi, rouge comme un homard poché, j'ai compris que l'art culinaire et les émotions nécessitent tous deux une attention minutieuse, sous peine de cuisiner des étincelles involontaires.|ah, laissez-moy vous narrer ceste histoire savoureuse, digne d'une vesprée en ma cuisine. ung jour, lors que je jonglois entre la préparacion d'une ratatouille parfaite et l'estude d'un manuel de gastronomie françoise, le cœur de chef, jehan-claude legourmet, se retrouva aussi en esbullition que mes casseroles. la tension montoit comme une merengue bien fouettée, et en ung moment de distraction, j'ajoutai du sucre au sel ! mes escoliers rirent à grand bruit, et moy, rouge come ung homard poché, comprins que l'art culiñaire et les émotions requièrent tous deux une attention très diligent, sous peine de cuysiner des estincelles involontaires.
"cher journal, aujourd'hui, j'ai décidé que les haricots verts de ma mère étaient une arme secrète pour nous forcer à faire nos devoirs plus vite. sérieux, c'est quoi cette magie noire qui transforme un légume innocent en punition pour mes papilles ? et puis, t'as déjà essayé de manger un truc vert fluo tout en écoutant papa se lancer dans son discours sur ""l'importance des fibres"" ? j'ai survécu, mais à quel prix ? bisous, zoé l'intrépide (et survivante des repas de famille)."|"chier journal, hui, ay délibéré que les fayes vertes de ma mère estoient une arme secrète pour nous forcer à faire noz devoirs plus viste. sérieusement, quelle est ceste magie noire qui mue un légume innocent en punicion pour mes papilles ? et puis, as-tu ja tenté de menger une chose verte flambeoyante tout en escoutant père se lancer en son discours sur ""l'importance des fibres"" ? ay survécu, mais à quel prix ? baisers, zoé l'intrépide (et survivante des repas de famille)."
"yo, c'est mehdi. l'autre jour, j'étais posé dans la cuisine avec ma p'tite sœur, elle galérait avec ses devoirs de maths. j'essaie de l'aider, mais franchement, j'avais jamais pigé ces trucs-là non plus. et là, ma mère débarque, nous sort un thé à la menthe et elle nous balance : ""c'est pas grave, l'important c'est d'être ensemble."" on s'est tous marrés, c'est ça la vraie vie de famille."|"oyé, c'est mehdi. l'autre jour, j'estoie attabli en la cuisine avec ma petite sœur, elle peinoit avec ses labeurs de mathématiques. j'essaie de luy aidier, mais par ma foy, je n'avois oncques compris ces matières non plus. et lors, ma mère entre, nous apporte un thé à la menthe et elle nous dit : ""ce n'est mie grave, l'important est d'estre ensemble."" nul doute, nous nous esbaudîmes tous, voilà la vraye vie de famille."
salut mes petits choux, c’est mamie germaine qui vous parle! ah, les loisirs et le logement de nos jours, c’est tout un poème, n’est-ce pas? entre les jeunes qui préfèrent vivre dans une boîte à chaussures hors de prix pour être au cœur de l'action urbaine, et ceux qui transforment leur salon en salle de fitness dernier cri, je me demande où est passé le bon vieux temps où on se contentait de tricoter un pull en regardant la télé! mais bon, qui suis-je pour juger, moi qui écris ce message sur ma tablette dernier cri tout en prenant un smoothie au chou kale… allez, bisous!|salutations, mes petiz choux, c’est mamye germaine qui vous parle ! ah, les délassemens et le logis de noz jours, c’est tout un poème, n’est-ce pas ? entre les jeunes qui préfèrent vivre en une boiste à souliers de moult grant prix pour estre au cœur de l’action urbaine, et ceulx qui transforment leur salle en chambre de gymnastique dernier cri, je me demande où est passé le bon vieil temps où l’on se contentoit de tricoter un pourpoint en regardant la télé ! mais bon, qui suis-je pour juger, moy qui escrips ce message sur ma tablète dernier cri tout en prenant un breuvage de choux kale… allez, baisers !
salut, c'est pierre. je me retrouve encore une fois à 22h au bureau, entouré de dossiers empilés qui me rappellent sans cesse que ma passion pour la musique s'est évanouie quelque part entre deux réunions et un café trop serré. parfois, je me demande ce qui est arrivé au jeune idéaliste que j'étais, celui qui rêvait de composer des symphonies au lieu de jongler avec des excel. bref, il est temps de rentrer chez moi, et peut-être, juste peut-être, de gratter un peu ma vieille guitare qui prend la poussière dans un coin.|salut, cést pierre. je me treuve encore une fois à dix heures de nuict au bureau, entouré de liasses empilées qui me rappellent sans cesse que ma passion pour la musique s'est évanouie quelque part entre deux assemblées et un café trop serré. parfois, je me demande ce qu'advint au jeune idéaliste que j'estois, celuy qui songeoit de composer des symphonies au lieu de jongler avec des registres. bref, il est temps de rentrer chez moi, et peut-être, juste peut-être, de raser un peu ma vieille guitare qui prent la poussière en un coin.
"yo, c'est max, 18 balais, direct de ma banlieue où les trains arrivent plus en retard qu'un ado au taf un lundi matin. alors, l'autre jour, j'ai voulu choper un appart en ville, histoire d'être plus près de la fac. le proprio m'a demandé si j'avais une voiture pour visiter. bah, j'ai répondu : ""t'inquiète pas, avec la fréquence des trains ici, j'ai l'impression de vivre déjà dans un camping-car !"". bref, c'est pas gagné !"|"oyez, c'est max, dix-huit ans, venant droit de ma banlieue où les charriots de fer arrivent plus tard qu'un jeune homme au labeur un lundi matin. adoncques, l'autre jour, je voulus acquérir un logis en cité, afin d'estre plus près de l'université. le seigneur des lieux me demanda se j'avois carrosse pour visiter. et je luy répondis : ""ne vous chaille point, avec la fréquence des charriots céans, il me semble ja vivre en un chariot de campement !"". en somme, ce n'est point gagné !"
chers lecteurs, ici marguerite, votre bibliothécaire préférée, cachée parmi les rayonnages et les livres poussiéreux. saviez-vous que la technologie et moi avons une relation tumultueuse, un peu comme celle entre un chat et un aspirateur robot? hier encore, mon ordinateur a décidé de me jouer un tour de passe-passe en transformant mon essai sur la littérature du xixe en une recette de soufflé au fromage. peut-être est-ce un signe que même les machines veulent un peu de culture culinaire!|chiers lecteurs, ici marguerite, vostre bibliothécaire bien-aimée, tapie parmi les rayons et les livres empoussiérés. sçauez-vous que la technologie et moy avons une relation tumultueuse, telle celle entre un chat et un escureur mecanique? hier mesmes, mon ordinaire a décidé de me jouer ung tour de passe-passe en transformant mon escript sur la littératüre du xixe siècle en une recette de soufflé au fromage. peut-estre est-ce ung signe que mesmes les machines veullent un peu de culture culinaire!
titre : la recette savoureuse de la technologie académique salut à tous, c'est jean-baptiste lardoise, votre chef cuisinier perfectionniste préféré. aujourd'hui, je vais vous concocter un petit plat ironique à base de technologie et d'études, deux ingrédients qui, à mon sens, se marient aussi bien qu'un poisson avec du chocolat. imaginez donc, mes chers apprentis, des étudiants qui passent plus de temps à triturer leur smartphone qu'à remuer leurs méninges – c'est un peu comme essayer de monter une mayonnaise avec un fouet en plastique troué. mais bon, qui suis-je pour juger ? après tout, le goût subtil de l'échec scolaire n'a jamais été aussi accessible. à vos tablettes, prêts, décrochez !|titre : la recette savoreuse de la technologie académique salutz à tous, c'est jean-baptiste lardoise, vostre chef cuisinier perfectionniste préféré. hui, je vous vais concocter un petit plat ironique à base de technologie et d'estudes, deux ingrédients qui, à mon sens, se marient aussi bien qu'un poisson avec du chocolat. envisagez donc, mes chers apprentis, des escoliers qui passent plus de temps à triturer leur esmartphone qu'à remuer leurs méninges – c'est un peu comme essayer de monter une mayonnaise avec un fouet en plastique troué. mais bon, qui suis-je pour juger ? après tout, le goust subtil de l'échec escolaire n'a jamais esté aussi accessible. à vos tablettes, prests, descolez !
chère emma, je repense souvent à ce jour où nos chemins se sont croisés par hasard à la bibliothèque, chaque sourire échangé remplissant l'air de promesses silencieuses. pourtant, ce moment précieux s'est brisé aussi vite qu'il est venu, quand une simple incompréhension a éclaté en dispute, laissant nos cœurs timides se refermer comme des livres non lus. avec affection, lucie|chière emma, je repens moult sovent à cel jour où noz chemins se sont croisés par fortune en la librairie, chascun souresri échangé emplissant l'air de promesses muetes. néantmoins, cel moment précieux s'est brisé aussi tost qu'il est advenu, quant une simple mesentente s'esmeut en débat, laissant noz cœurs timides se clorre comme livres non leus. avec affection, lucie
"salut, c'est moi, léo ! alors, l'autre jour, j'étais dans le bus avec mon super sac à dos spiderman quand j'ai vu un monsieur avec un t-shirt ""je déteste le bus"" monter. ce qui est rigolo, c'est qu'il a commencé à parler à tout le monde en disant à quel point il adorait rencontrer des gens dans les transports. j'ai failli éclater de rire, mais je me suis contenté de me dire que les grandes personnes sont vraiment bizarres parfois !"|"salutations, c'est moy, léon ! advint l'autre jour que j'estoye en l'omnibus avec mon très bel sac à dos de l'effigie de spiderman, quand je vis un gentilhomme portant un pourpoint disant ""je haye l'omnibus"" y monter. ce qui est plaisant, c'est qu'il commença à deviser avec tous, contant combien il se réjouissoit de rencontrer gens ès transports. je failloye de rire à gorge déployée, mais me contentay de penser que les gens de grand âge sont moult estranges par fois !"
"yo tout le monde, c'est chloé.  alors apparemment, mes parents pensent que passer 3 heures sur tiktok c'est pas un vrai loisir... comme si c'était pas plus éducatif que leurs vieux reportages sur les abeilles.  mais bon, je vais continuer à ""perdre mon temps"" en scrollant, parce que qui a besoin de vraies activités quand on peut juste cliquer sur ""suivant"" ?  #rebellejusquaubout #viedegeek"|"oyez, oyez, à toute la gent, c'est chloé.  or, à ce que l'on dit, mes parens estiment que passer trois heures sur tiktok n'est mie un vrai esbatement... comme se ce n'était mie plus edifiant que leurs anciens récits sur les abeilles.  mais que diable, je persisterai à ""gaster mon temps"" en escrognant, car qui a mestier de vrayes activités quant on peut seulement cliquer sur ""suivant"" ?  #rebellejusquesaubout #viedegeek"
cher journal, aujourd'hui a été une journée bien remplie ! je jongle entre mes shootings, mes collaborations et mes études en ligne, et je dois avouer que c'est un vrai défi de tout concilier. mais comme on dit, quand on aime ce qu'on fait, on ne compte pas ! chaque petit pas me rapproche de mon objectif de décrocher ce diplôme tant rêvé. keep shining, always !  bisous, clara |cher journal, hui fut une journée moult emplie ! je me dresse entre mes pourtraits, mes compaignies et mes estudes en ligne, et je doy confesser que c'est moult dur de tout accorder. mais comme on dit, quant on aime ce que l'on fait, on ne compte mie ! chascun petit pas me raproche de mon desiré but de conquerre ce tiltre tant souhayté. parfaisons tousjours !  baisers, clara 
salut tout le monde, c'est jade la vagabonde !  aujourd'hui, j'ai gravi une montagne et découvert une vue à couper le souffle... pour réaliser qu'en fait, je suis toujours poursuivie par mes émotions. qui aurait cru que le sommet de la solitude est en réalité une montagne russe émotionnelle ?  comme quoi, même à 3000 mètres d'altitude, le cœur a ses caprices ! |saluz à tous, c'est jade la vagabonde !  en ce jour, ay monté une montaigne et découvert une veue à oster le soufflet... pour apercevoir qu'en vérité, suis tousjours poursuivie par mes émotions. qui eût creu que le somma de la solitude est en réalité une montaigne rousse emotionelle ?  comme quoi, mesmes à trois mille toises d'hauteur, le cueur a ses caprices ! 
cher journal, aujourd'hui, après une journée intense d'entraînement, une vague de nostalgie m'a submergé en pensant à mes vieux amis, ceux avec qui j'ai forgé ma discipline et mon amour pour le sport. les souvenirs de nos rires et de nos défis me rappellent pourquoi je me lève chaque matin avec la même détermination. le travail acharné a parfois pris le dessus, mais c'est grâce à ces liens précieux que j'ai trouvé la force de persévérer. je m'appelle lucas, et c'est dans ces moments de réflexion que je réalise combien ces amitiés m'ont façonné, tout comme ma passion indéfectible pour le sport.|chier journal, hui, après une journée intense d'entrainement, une vague de nostalgie m'a submergée en pensant à mes anciens amis, ceux avec qui j'ay forgé ma discipline et mon amour pour le sport. les souvenances de noz ris et de noz défis me rappellent pourquoy je me lève chascun matin avec la mesme détermination. le travail aspre a parfois pris le dessus, mais c'est par ces liens précieux que j'ay trouvé la force de persévérer. je m'appelle lucas, et c'est en ces moments de réflexion que je m'aperçois combien ces amitiés m'ont façonné, tout comme ma passion indéfectible pour le sport.
je m'appelle mehdi et je me souviens des soirs où on traînait avec les potes devant notre immeuble, à parler de tout et de rien. notre hlm, c'était pas le grand luxe, mais c'était chez nous, avec les murs un peu abîmés et l'ascenseur souvent en panne. c'était là qu'on se réfugiait quand la pluie s'invitait, sous le préau, à rêver de grands espaces et d'un avenir meilleur. ces souvenirs, c'est un peu comme des photos jaunies qu'on garde précieusement dans un coin de notre cœur.|je me nomme mehdi et me souviens des vesprées où nous errions avec les compains devant nostre bastiment, à deviser de toutes choses et de nulle. nostre logis, ce n'estoit pas le grand luxe, mais c'estoit nostre demeure, avec les murailles un peu endommagées et l'ascenseur souvent en défaillance. c'estoit là que nous nous réfugiions quand la pluye s'entremettoit, soubz le préau, à songer de grans espaces et d'un avenir meilleur. ces souvenances, c'est un peu comme des paintures jaunies que nous gardons soigneusement en un recoin de nostre cœur.
cher journal, aujourd'hui, à la récré, julie m'a prêté son stylo pailleté et ça m'a fait vraiment plaisir. c'est chouette d'avoir des amis avec qui on peut partager des trucs cools. parfois, je me demande comment on devient meilleurs amis pour la vie... est-ce qu'on le sait tout de suite, ou ça prend du temps ? à demain, léo|cher journal, en ce jour, à la récréation, julie me presta son estile à paillettes et moult joy m’en donna. il est bel d’avoir compains avec lesquels on peut deviser de choses plaisantes. parfoiz, me demand comment devient-on meilleurs compains pour la vie... le sçavons-nous tout de suite, ou ce prent-il du temps ? à demain, léo
salut, c'est léa. tu sais, des fois, je pense à mes après-midis passés à explorer les bois derrière la maison. j'aimais tellement m'y aventurer avec mon carnet pour dessiner les oiseaux que je voyais. c'était comme partir à l'aventure dans un autre monde, où chaque arbre et chaque buisson cachait un secret à découvrir. ça me manque un peu, ces journées où le temps semblait s'arrêter, juste pour me laisser rêver.|saluz, ce est léa. tu sçais, par fois, je pense à mes après-midis passés à explorer les bois derrièr la maison. j'aimoye moult m'y aventurer avec mon carnet pour dessiner les oisels que je veoyes. c'estoit comme partir à l'aventure en un autre monde, où chascun arbre et chascun buisson cachoit un secret à descouvrir. cela me faict un peu deffault, ces journées où le temps sembloit s'arrester, juste pour me laisser resver.
salut, ici paul, papa solo et maître de l'organisation! ce matin, alors que le soleil se levait avec une chaleur inattendue pour un jour d'octobre, j'ai décidé de sortir le vélo cargo pour emmener les enfants à l'école. quel bonheur de filer à travers les rues, le vent dans les cheveux et les rires de mes petits qui résonnaient dans l'air! c'est fou comme une simple balade peut transformer un lundi ordinaire en une aventure joyeuse et solaire.|salut, céans paul, père seul et maître de l'ordonnance! ce matin, lors que le soleil se levoit avec une chaleur non attendue pour un jour d'octobre, j'ai pris la décision de mener dehors le vélo de charge afin d'emmener mes enfants à l'école. quel délice de passer par les rues, le vent espars en mes cheveux et les risées de mes petiz qui résonnoient en l'air! c'est merveilles comment simple chevauchée peut muer un lundi commun en aventure joyeuse et solaire.
salut, moi c'est léa, et hier, j'ai vécu un moment magique ! alors que je faisais mes croquis dans ce petit café bohème du quartier, un type adorable est venu s'asseoir à côté de moi. il s'appelle hugo, et il est lui aussi étudiant en art ! on a passé des heures à parler de nos inspirations, nos rêves, et j'ai l'impression d'avoir rencontré une âme sœur artistique. quelle chance incroyable de croiser quelqu'un qui vibre sur la même longueur d'onde créative que moi !|salutz, moy c'est léa, et hier, j'ay vescu ung moment magique ! lors que je faisoie mes crozquis en ce petit café bohème du quartier, ung homme avenant s'en vint s'assoire auprès de moy. il a nom hugo, et est luy aussi estudiant en art ! nous passasmes maintes heures à parler de noz inspirations, noz rêves, et j'ay l'impression d'avoir rencontré une âme sœur artistique. quelle fortune incroyable de rencontrer quelqu'un qui vibre à la mesme longueur d'onde créative que moy !
yo les gens ! c'est léa, la rebelle de la classe, qui vous parle !  jamais j'aurais cru dire ça, mais les études, c'est pas si nul que ça !  j'ai découvert que quand tu t'y intéresses vraiment, y'a des trucs de ouf à apprendre.  alors, qui aurait cru que la bad girl se prendrait de passion pour les bouquins ? 🤘 #vivelesétudes #surprise #adieulespréjugés|salut à vous, bonnes gens ! c’est léa, la rebelle de nostre classe, qui vous conte ! jamais ne m’eussé-je imaginé dire telle chose, mais les estudes, ce n’est mie si mauvais que cela ! j’ay découvert que, quant on s’y intéresse vrayment, il y a moult choses merveilleuses à apprendre. donc, qui eût cru que la mauvaise fille se piquerait de passion pour les livres ? #viventlesestudes #surprise #adieulespréjugés
salut, j'espère que ça roule pour toi. moi, je suis à fond dans le skate en ce moment, c'est vraiment devenu ma passion. entre les cours et les sessions au park avec les potes, c'est ça qui me fait vibrer. et toi, quoi de neuf dans ta vie? à plus, nassim|salut, espoir que ce te soit bien. quant à moy, je suis tout entiché du patin en ce moment, c'est vraiment devenu ma passion. entre les leçons et les séances au parc avec les amis, c'est cela qui me fait vibrer. et toy, quelles nouvelles en ta vie? à plus, nassim
chers amis, ici marguerite, votre bibliothécaire dévouée. tandis que je feuillette les pages silencieuses de notre refuge de papier, je songe à ce voyage commun que nous entreprenons chaque jour, traversant non pas des kilomètres, mais des royaumes d'idées et de souvenirs partagés. comme les trains qui serpentent à travers nos paysages, l'amitié nous transporte vers des horizons insoupçonnés, chaque halte une occasion de redécouvrir la beauté du monde et la richesse des cœurs humains. puissions-nous toujours trouver le temps de nous arrêter à ces gares de douceur et de complicité.|chiers amis, c'est marguerite, vostre humble bibliothecaire. tandis que je feuillette les pages silencieuses de nostre refuge de papier, je songe à ce voyage commun que nous entreprenons chascun jour, traversant non pas des lieues, mais des royaumes d'idees et de souvenirs partaigés. comme les chariots qui serpentent à travers noz paysages, l'amitie nous transporte vers des horizons insçus, chascune halte une occasion de redescouvrir la beauté du monde et la richesse des cœurs humains. puissions-nous tousjours trouver le temps de nous arrester à ces gares de doulceur et de compaignie.
salut, c'est alex. écoute, je suis complètement crevé après cette longue journée en salle de dissection, mais je voulais te dire que j'ai enfin pris le temps de regarder ce match dont tu parlais. franchement, je ne pensais pas que le sport pouvait être aussi captivant, même si mon cerveau surchauffé avait du mal à suivre par moments. promis, la prochaine fois, je tenterai de faire une pause pour aller courir un peu. bon, je file réviser avant de m'endormir sur mes bouquins, à plus !|saluz, c'est alex. escoute, je suis tout effondré après ceste longue journée en salle de dissection, mais je voulois te dire que j'ay enfin prins le temps de veoir cestuy match dont tu parloys. vrayment, je ne pensoys mie que le sport peût estre si captivant, mesmes se mon cerveau surchauffé avoit de la peine à suivre par moments. promis, la prochaine fois, j'essaieray de faire une pause pour aler courir un petit peu. bon, je m'en voys réviser avant que ne m'endorme sur mes livres, à plus tart !
salut tout le monde, ici julien, papa en solo et chef d'orchestre d'une petite troupe de trois adorables tornades.  chaque journée est une danse entre réunions, goûters et devoirs, mais j'arrive à trouver un équilibre qui me rend fier.  même si c'est parfois épuisant, le sourire de mes enfants à la fin de la journée fait que chaque instant en vaut la peine. on continue d'avancer, un pas après l'autre !  #papasolo #viedefamille #organisationautop|salutations à tous, céans est julien, père seul et maistre de chœur d'une petit troupe de trois mignonnes tempêtes.  chaque jour est une dance entre assemblées, collations et labeurs, mais je parviens à trouver un équilibre qui me fait orgueil.  quoique ce soit parfois fatiguant, le sourire de mes enfans à la fin du jour fait que chaque moment en vaut la peine. nous continuons de cheminer, un pas après l'autre !  #pèreseul #viedefamille #organisationausommet
hello mes beautés !  c'est mia, votre influ lifestyle préférée ! vous savez à quel point j'adore fusionner mes passions, alors imaginez ma joie ce week-end : j'ai organisé une fête sur le thème du sport !  c'était tellement fun de voir mes amis en tenues de leurs équipes favorites tout en dégustant de délicieux smoothies protéinés. on a même fait un petit tournoi de ping-pong, et c'était juste incroyable de voir tout le monde s'amuser et se dépenser ensemble ! |"""salutz mes beaultés !  c'est mia, vostre influenceuse de vie chière ! vous sçavez combien j'ayme à conjoindre mes passions, si bien imaginez ma liesse ce jour de fin de sepmaine : j'ay ordonné une feste soubz le thème du sport !  ce fust moult esjouissant de veoir mes amis en atours de leurs compaignies favorites, tout en savourant de délectables breuvages de proteines. nous feismes mesmes un petit tournoi de jeu de paume, et ce fust moult merveilleux de veoir chascun s'esjouyr et se dépenser ensemble ! """
ma chère petite lucie, oh là là, quel temps radieux nous avons en ce moment ! le soleil brille de mille feux, et j’espère que cela t’apporte autant de joie qu’à moi. j’ai entendu dire que tes études avancent à grands pas, et je suis si fière de toi ! continue de briller, ma chérie, comme ce beau soleil d’automne. avec tout mon amour, mamie jeanne|ma chiere petite lucie, oh là là, quel temps radieux avons-nous en ce moment! le soleil reluit de mille feux, et j'espere que cela t'apporte autant de liesse qu'à moy. j'ay ouï dire que tes estudes advancent à grans pas, et je suys si fière de toy! continue de reluire, ma chiere, comme ce bel soleil d'automne. avec tout mon amour, mamye jehanne
"cher journal, oh là là, quelle journée ""fantastique"". maman a encore essayé de me convaincre que son ragoût de légumes était ""un vrai délice"", alors que ça ressemblait plutôt à une potion magique ratée. et puis, au lycée, j'ai croisé lucas, le ""prince charmant"" du coin — il m'a souri, et j'ai déjà senti cupidon sortir son arc... ou alors c'était juste un ricanement moqueur ? bref, une journée bien ""incroyable"" comme je les aime. bises sarcastiques, zoé."|"chier journal, oh là là, quelle journée ""fantastique"". ma mère a de rechief tenté de me convaincre que son ragoût de légumes estoit ""ung vrai délice"", lors que cela sembloit plus tost à quelque potion magique faillée. et puis, en l'escole, j'ay rencontré lucas, le ""prince charmant"" du lieu — il m'a souri, et j'ay déjà senti cupido tirer son arc... ou bien estoit-ce seulement ung ricanement moqueur ? bref, une journée moult ""incroyable"" comme je les aime. baisers sarcastiques, zoé."
cher journal, aujourd'hui, en regardant mes petits-enfants s'amuser au parc, je me suis souvenue de mes années de danse, où chaque pas était une mélodie de vie. oh, comme le sport m'a appris la patience et la joie, ces enseignements précieux que je chéris tendrement aujourd'hui. c'est avec un sourire doux que je réalise à quel point le mouvement a toujours été un ami fidèle dans cette belle aventure qu'est la vie. tendrement, mamie jeanne|chier journal, en cestui jour, en mirant mes petiz-enfans esbatre au parc, je me sui souventremembrée de mes années de dance, où chascun pas estoit une melodie de vie. oh, combien le sport m'a aprins la pacience et la joye, ces enseignemens précieux que je chéris tendrement ores. c'est avec ung doulx souyr que je m'aperçoy combien le mouvement a tousjours esté ung amy feal en ceste belle adventure qu'est la vie. tendrement, mamye jeanne
je m'appelle lucien, et dans notre petit coin de campagne, les dimanches après-midi résonnent encore des éclats de rire et des chants joyeux autour du four à pain. entre deux fournées dorées, je m'accorde le plaisir de ciseler le bois, transformant chaque morceau en une œuvre qui raconte l'histoire de nos terres. ah, ces moments partagés avec les voisins, à échanger nos astuces de vieux métiers sous le grand chêne ! rien ne vaut ces instants simples où le labeur et le loisir se mêlent, comme la pâte sous mes mains expertes.|je me nomme lucien, et en nostre petit coing de campagne, les dimenches après-midi resonnent encore des esclats de rire et des chants joyeux autour du four à pain. entre deux fournées dorées, je m'accorde le plaisir de taillier le bois, transformant chascun morceau en une œuvre qui raconte l'histoire de noz terres. ah, ces moments partaigez avec les voisins, à eschanger noz secrets de vieilz mestiers soubz le grant chesne ! rien ne vault ces instans simples où le labeur et le loisir se meslent, comme la paste soubz mes mains expertes.
salut, c'est julie... alors, tu sais jamais ce qui m'est arrivé aujourd'hui ! j'étais à la cafétéria en train de lire tranquillement, quand j'ai renversé mon jus d'orange... sur le gars le plus mignon du lycée ! trop la honte ! mais bon, au moins ça m'a donné une excuse pour lui parler, et ses yeux... omg, je crois que j'ai fondu comme une glace en plein été ! bon, à plus, je vais essayer de survivre à cette honte intergalactique !|salutation, c'est julie... or, tu ne sçais jamais ce qui m'est advenu aujourd'hui ! je estois à la cafétéria, en train de lire paisiblement, quant je renversay mon jus d'orange... sur le gars le plus mignon du lycée ! trop de honte ! mais bon, au moins cela m'a donné une excuse pour lui parler, et ses yeux... par ma foy, je croy que j'ay fondu comme une glace en plein été ! adonc, à plus, je vais essayer de survivre à ceste honte intergalactique !
ah, je m'appelle marcel, et je dois te dire que la technologie, c'est un sacré truc de nos jours. l'autre matin, j'étais tranquillement en train de boire mon café sur le balcon quand mon petit-fils est venu me montrer son nouveau téléphone, un vrai bijou technologique, qu'il disait. moi, je suis resté bouche bée quand il m'a expliqué qu'il pouvait parler à sa montre pour envoyer des messages. je me suis dit que, dans mon temps, on ne se compliquait pas tant la vie : un bon vieux coup de fil, et le tour était joué !|ah, je me nomme marcel, et je te doy dire que la technologie, c'est ung merveilleux affaire de noz jours. l'autre matin, j'estoie paisiblement en train de boire mon café sur le balcon quant mon petit-fils est venu me monstrer son nouveau téléphon, ung vray joyau de technologie, disoit-il. moi, je remeins bouche bée quant il m'a exposé qu'il povoit parler à sa montres pour envoyer des messages. je me suis dit qu'en mon temps, on ne se tourmentoit point tant la vie : ung bon vieil appel, et le tour estoit faict !
salut, franchement, les émotions, c'est un vrai rollercoaster, tu trouves pas ? un jour t'es au sommet du monde, le lendemain t'as l'impression que tout s'écroule. c'est comme si on avait tous une tempête dans le cœur qu'on essaie juste de contrôler. bref, c'est chaud d'être ado ! à plus, lola|certes, par ma foy, les émotions, ce sont une vraye montaigne rousse, ne trouves-tu pas ? ung jour tu es au sommet du monde, le lendemain tu as l'impression que tout s'effondre. c'est comme si nous avions tous une tempeste en nostre cœur que nous essayons seulement de maîtriser. bref, il est malaisé d'estre adolescens ! à tantôt, lola
objet :  technologie et soleil : le duo parfait !  coucou mes beautés !  j'espère que vous profitez du soleil autant que moi ! avec ce temps incroyable, j'ai décidé de tester la nouvelle appli météo hyper tendance qui m'envoie des notifications trop stylées pour planifier mes journées en plein air ! après tout, qui ne voudrait pas combiner technologie de pointe et bronzette parfaite ?  dites-moi comment vous profitez de cette belle météo avec vos gadgets préférés ! bisous ensoleillés !  sophie |objet : technologie et soleil : le duete parfait ! salutations, miennes beautez ! espoir que vous jouissez du soleil autant que moy ! avec ce tems incroyable, ay décidé d'essayer la nouvelle application de météo moult en vogue qui m'envoye des notifications moult élégantes pour ordonner mes journées à l'exterieur ! après tout, qui ne voudrait pas allier la technologie de pointe avec une parfaicte séance de bronzage ? dites-moy comment jouissez-vous de ce beau tems avec vos engins préférés ! baisers ensoleillez ! sophie
salut, c’est léa la nomade, en direct de quelque part entre la terre et le ciel ! aujourd'hui, j'ai ressenti le frisson ultime en escaladant les falaises vertigineuses de patagonia. chaque prise, chaque souffle, c’était comme une danse euphorique avec la nature. le sport, pour moi, c’est bien plus qu’un simple exercice ; c’est une célébration de la vie, une aventure qui me pousse à redécouvrir mes propres limites à chaque pas.|seigneurs et dames, c'est léa la nomade, en direct de quelque part entre terre et ciel ! en ce jour, j'ay ressenty le frisson ultime en grimpant les falaises vertigineuses de la patagonia. chascune prise, chascun souffle, c'estoit comme une dance euphorique avec la nature. le sport, pour moy, c’est bien plus qu’un simple exercice ; c'est une célébration de la vie, une adventure qui me pousse à redécouvrir mes propres limites à chascun pas.
"bonjour, c'est marcel, octogénaire en quête de sensations numériques ! alors figurez-vous que j'ai découvert un site de logements en ligne, un genre de supermarché du toit ! incroyable, on peut acheter ou louer des appartements comme on commande une pizza, sauf qu'il n'y a pas d'option ""extra fromage"". enfin, s'ils commencent à livrer ça par drone, je ne suis pas prêt de sortir de chez moi !"|"bien le bonjour, c’est marcel, octogénaire en quoyte de sensations numériques ! or sus, imaginez-vous que j’ay descouvert un lieu de logemens en ligne, une sorte de supermarchié du toict ! merveilleux, on peut achapter ou louer des logis comme on commande une pizza, hormis qu'il n'y a poinct d'option ""extra formage"". pour tant, se ils commenchent à livrer cela par engin volant, je ne suis mie prest de sortir de chez moy !"
"je m'appelle madeleine, et j'ai passé la majeure partie de ma vie parmi les livres, ces précieux gardiens du savoir. un soir d'hiver, alors que la bibliothèque était vide et que la neige tombait silencieusement à l'extérieur, je me suis laissée emporter par une édition rare de ""la recherche du temps perdu"". à ce moment précis, j'ai compris que ma véritable passion n'était pas seulement de classer les livres, mais de m'y perdre, d'arpenter chaque ligne comme un voyageur infatigable. cette passion, discrète mais dévorante, est devenue le fil conducteur de ma vie, un secret partagé uniquement avec l'écho feutré des pages tournées."|"je me nomme madeleine, et ay passé la plus grande partie de ma vie parmi les livres, ces précieux gardiens du sçavoir. une vesprée d'hiver, lors que la librairie estoit vuide et que la neige choyeoit silencieusement au dehors, je me laissay emporter par une édition rare de ""la recherche du temps perdu"". en ce moment précis, je comprins que ma véritable passion n'estoit point seulement de ranger les livres, mais de m'y perdre, de cheminer chascune ligne comme un voyageur infatigable. cette passion, discrète mais dévorante, est devenue le fil conducteur de ma vie, un secret partagé seulement avec l'écho feutré des pages tournées."
je m'appelle lucas dupont, et en tant que sportif, je sais que les émotions sont mes meilleurs alliés autant que mes pires ennemis. chaque matin, quand je lace mes baskets, je ressens ce mélange d'excitation et d'appréhension, cette petite voix qui me pousse à me surpasser. le travail acharné forge le corps, mais c’est la maîtrise de mes émotions qui renforce l’esprit. je m'efforce de transformer chaque doute en motivation, car c'est dans ces moments que je me rappelle pourquoi j'ai commencé ce voyage.|je me nomme lucas dupont, et en tant que athlète, je sçay que les émotions sont mes meilleurs alliés tout autant que mes pires ennemis. chascun matin, quand je lace mes chausses, je ressens ce meslange d'excitacion et d'apréhension, ceste petite voix qui me pousse à me surpasser. le labeur acharné forge le corps, mais c’est la maîtrise de mes émotions qui renforce l'espirit. je m'efforce de transmuer chascun doubte en motivacion, car c'est en ces moments que je me ressouviens pourquoy j'ay commencé ceste voye.
je m'appelle léa, et je me souviens d'une soirée à lisbonne où, après une journée de déambulations dans les ruelles pavées, je me suis attablée dans un petit restaurant caché derrière des volets bleus. le serveur, tout sourire, m'a recommandé le bacalhau à la mode de la maison, un plat de morue délicieusement épicé qui a réchauffé mon âme d'aventurière fatiguée. autour de moi, les conversations animées en portugais formaient une douce mélodie, et dans ce moment suspendu, j'ai senti que le monde entier pouvait tenir dans un simple repas partagé.|je me nomme léa, et je me ressouviens d'une vesprée à lisbonne où, après une journée de pérégrinations ès ruelles pavées, je me suis assise en une petite taverne cachée derrière des huisseries bleues. le tavernier, tout soué en face, me conseilla le bacalhau à la mode de la maison, ung plat de merluce moult bien épicé qui réchauffa mon âme d'aventureuse lassée. entourée de moi, les causeries animées en langage portugais formoient une douce mélodie, et en ce moment suspendu, je sentis que tout le monde entier povoit tenir en ung simple repas partagé.
yo, c’est lola. écoute, y’a une soirée de ouf chez max ce week-end, ça va être incroyable. mais sérieux, faut qu’on parle transport : pas question que je rentre en bus, trop relou. on pourrait s’arranger pour que sa frangine nous ramène, elle est cool avec ça. bref, dis-moi si t’es partante et on gère ça. bisous, à plus!|oy, c'est lola. escoute, il y a une vesprée moult joyeuse chez max cestuy fin de sepmaine, ce sera moult incroyable. mais par ma foy, il convient que nous devisiuns du transport : il n'est point question que je retourne par le char public, trop ennuyeux. pourrions-nous deviser affin que sa sœurelle nous ramène, elle y consent volontiers. bref, fais-moy sçavoir si tu es disposée et nous gérerons cecy. baisers, à tantôt!
"objet : souvenirs d'antan chère paulette, ah, que de souvenirs me viennent en tête en découvrant ce ""courriel"" dont parlent tant nos petits-enfants ! je me souviens des journées passées à attendre le vieux bus jaune sous la pluie fine, avec ce parapluie capricieux qu'on avait toujours du mal à ouvrir. et puis, quand enfin le soleil pointait le bout de son nez, c'était la douce mélodie des roues du vélo sur les chemins de campagne qui berçait nos promenades. comme les temps ont changé, n'est-ce pas ? amitiés, georges"|"objet : souvenirs d'antan chère paulette, ah, que maints souvenirs me reviennent en pensée par la découverte de ce ""courriel"" dont tant discourent nos petiz-enfans ! me souvient-il des jours passés à attendre le vieil chariot jaune sous la pluye fine, avec ce parapluye capricieux que nous avions tousjours peine à ouvrir. et lors, quand enfin le soleil faisoit sa première apparition, c'étoit la douce mélodie des roues du vélocypède sur les chemins de campagne qui berçoit nos promenades. comment les temps ont changé, n'est-ce pas ? amitiés, georges"
cher journal, aujourd'hui, je me suis encore pris la tête avec mes parents à propos de mon temps passé sur mon téléphone. franchement, ils ne comprennent pas que c'est comme ça qu'on vit maintenant. c'est pas juste un écran, c'est ma fenêtre sur le monde et ma connexion avec mes potes. bref, je suis pas prête à lâcher l'affaire, même s'ils pensent que je suis accro. - lola|chier journal, hui, je me suis encore courroucé avec mes parens touchant le temps que je passe sur mon téléfon. vrayment, ilz ne comprennent mie que c'est ainsi que l'en vit ores. ce n'est pas seulement un écran, c'est ma fenestre sur le monde et ma connexion avec mes amys. bref, je ne suis pas preste à laissier ceste affaire, mesmement s'ilz pensent que je suis adonné à ce vice. - lola
cher journal, aujourd'hui, j'ai décidé de reprendre le tricot. on m'a toujours dit que c'était un passe-temps relaxant, mais quand mon chat, maurice, a commencé à jouer avec la pelote, on aurait dit une bataille épique digne des plus grands films d'action! finalement, le tricot s'est transformé en un match de catch entre maurice et moi, et devine qui a gagné? pas mes chaussettes, en tout cas! ton ami laineux, gustave|chier journal, hui, j'ay décidé de reprendre le tricot. on m'a tousjours dit que c'estoit ung passe-temps reposant, mais quant mon chat, maurice, a commencé à jouer avec la pelote, on eût dit une bataille épique digne des plus grands jeux d'action! finalement, le tricot s'est transmué en ung combat de lutte entre maurice et moy, et devine qui a gaigné? pas mes chaussettes, en tout cas! ton amy laineux, gustave
chère page blanche, aujourd'hui, le vent souffle avec une énergie presque contagieuse, me rappelant que même la météo peut être une compagnie fidèle dans mes errances solitaires. j'ai passé la journée à explorer les ruelles cachées de lisbonne, où les pavés résonnent encore des rires de mes amis lointains, ceux qui partagent mes aventures à travers les récits et les photos envoyés. malgré la distance, la chaleur de leur amitié me tient chaud les soirs où la brise est un peu plus fraîche. a bientôt, clara l'intrépide|chère page blanche, en ceste journée, le vent souffle avec une vigueur presque contagieuse, me remembrant que mesmes la mêtéorologie peut estre une compaignie loyale en mes errances solitaires. j'ay passé le jour à explorer les ruelles cachées de lisbonne, où les pavés résonnent encore des ris de mes amis loingtainz, ceulx qui partagent mes aventures à travers les récitz et les pourtraictz envoyez. malgré la distance, la chaleur de leur amitié me tient chaud les soirs où la brise est quelque peu plus fresche. a tantost, clara l'intrépide
salut léa, tu sais quoi ? la fête chez emma hier était dingue ! on a passé toute la soirée à s'éclater avec la musique à fond, et devine quoi ? grâce à cette nouvelle appli, on a même pu projeter des lasers depuis nos téléphones ! franchement, la technologie, ça peut vraiment rendre les trucs encore plus cool. bisous, camille|chère léa, sçais-tu quoy ? la feste chez emma hier fut moult esbahissante ! toute la vesprée, nous nous esbattismes moult bien avec la musique à plain, et devine quoy ? par la vertu de ceste nouvelle application, nous pouvions mesme projeter des lasers de nos téléphones ! par ma foy, la technologie peut en vérité rendre les choses encore plus plaisantes. baisers, camille
je m'appelle chloé, et parfois, en regardant par la fenêtre de ma chambre, je me surprends à rêver des jours passés. chaque matin, le trajet vers le lycée me semblait être un voyage infini, où le froissement des feuilles sous mes pas se mêlait aux doux murmures de mes pensées. les cours étaient un refuge silencieux, un monde où les chiffres et les mots dansaient devant moi, témoins muets de mes rêves timides. il est étrange de constater à quel point ces moments simples me manquent, comme des chapitres d'un livre que l'on a lu trop vite.|je me nomme chloé, et par fois, en mirant par la fenestre de ma chambre, je me surprens à songer aux jours passez. chascun matin, le chemin vers le lyceu me sembloit estre ung voyage infini, où le froissement des fueilles sous mes pas se mesloit aux doulx murmures de mes pensées. les leçons estoient un refuge silencieux, ung monde où les chiffres et les motz dancoient devant moy, tesmoings muetz de mes rêves timides. il est estrange de veoir combien ces moments simples me manquent, comme des chapitres d'un livre que l'on a leu trop viste.
hello mes chères licornes magiques !  c’est moi, chloé de , votre guide spirituel dans l’univers du lifestyle invraisemblable. aujourd’hui, je voulais juste partager avec vous à quel point c’est super facile de jongler entre mes 12 jobs précaires tout en vivant dans un studio de 9m² à 1000 euros par mois !  oh, et bien sûr, j’écris ceci en sirotant un café latte à 8 euros, parce que l’important c’est de vivre sa meilleure vie, même si c’est dans des conditions dignes d’un film post-apocalyptique. #blesséemaisstylée #workhardernotsmarter|salutations, mes chères licornes magiques !  c'est moy, chloé de , vostre guide spirituel en l'univers du mode de vie incroyable. en ce jour, je vouloie seulement partager avec vous combien il est aisé de jongler entre mes douze mestiers précaires tout en demeurant en un estude de neuf pieds au coût de mille escus par mois !  et, bien entendu, j'escris ce message en dégustant un café au lait de huit escus, car l'important est de mener sa meilleure vie, mesme en des conditions dignes d'un film post-apocalyptique. #blesséemaisstylée #travaillerplusdurementpasplusintelligemment
bonjour, ici marguerite duval, votre bibliothécaire dévouée. ce matin, en classant les derniers arrivages, je suis tombée sur un trésor littéraire que je m'empresse de partager avec vous lors de votre prochaine visite. entre une tasse de thé et le doux parfum des pages anciennes, je me réjouis de nos échanges toujours enrichissants. à très bientôt dans notre havre de paix livresque.|bonjour, céans marguerite duval, vostre humble bibliothequaire. ce matin, en ordonnant les derniers arrivages, je suis venue sus un trésor de lettres que me haste de partager avec vous lors de vostre prochaine visite. entre une tasse de thé et la douce odeur des foielles anciennes, je me délite de nos eschanges tousjours enrichissants. à moult brief en nostre asile de paix livresque.
"cher journal, aujourd'hui, j'ai rencontré élodie, la déesse des sprints chronométrés, au supermarché. rencontrer quelqu'un dans la section légumes, c'est probablement le moment fort de ma semaine d'entraînement ultra-stricte. qui aurait cru que choisir entre des brocolis et des épinards pourrait mener à une telle ""rencontre du sommet""? peut-être devrais-je intégrer l'analyse des choix alimentaires d'élodie dans mon plan d'entraînement. allez, demain, 5h30, on reprend les fractionnés. sportivement, lucas ""machine"" dupont"|"très cher journal, hui, rencontray élodie, la déesse des sprints chronométrés, en l'ordinaire des marchandises. venir à rencontre de quelqu'un en la section des légumes est probablement le point culminant de ma sepmaine d'entraînement moult stricte. qui eût pensé que choisir entre brocolis et espinards pourroit mener à une telle ""assemblée au sommet""? peut-être devroy-je incorporer l'analyse des choix alimentaires d'élodie en mon plan d'entraînement. allons, demain à la cinquième heure et demie, nous reprenons les fractionnez. sportivement, lucas ""la machine"" dupont"
cher journal, aujourd'hui, j'ai passé des heures à bricoler avec arthur, mon petit génie de neuf ans. la technologie, c'est notre terrain de jeu; on a monté un petit robot avec des pièces récupérées, et le voir s'animer, c'est comme si on insufflait la vie à notre passion commune. être père célibataire n'est pas toujours facile, mais ces moments de complicité font tout oublier; c'est dans ces instants que je réalise à quel point l'organisation et la technologie peuvent rapprocher un père et son fils. julien|chier journal, hui, ay passé maintes heures à besongner avec arthur, mon petit engin de neuf ans. la technologi, c'est nostre champ de jeu; avons monté ung petit robot avec pièces recouvrées, et le veoir s'animer, c'est comme si insufflions vie à nostre commune passion. estre père seul ne se fait mie tousjours aisé, mais ces momens de compaignie font tout oublier; c'est en ces instants que apperçois combien l'ordenance et la technologi peuvent raprocher ung père et son filz. julien
salut tout le monde, c'est clara  aujourd'hui, en cours de sport, j'ai fait une rencontre inattendue. il s'appelle léo, et même si je suis d'habitude super timide, on a parlé sans arrêt entre deux passes de ballon. je crois que le sport a une magie pour rapprocher les cœurs, même les plus discrets comme le mien.  #nouveauxamis #sportetvie|bien le bon jour à tous, c'est clara  en ce jour, en la leçon de l'esbatement, je feiz une rencontre inopinée. il a nom léo, et bien que je soie d'ordinaire moult honteuse, nous devisames sans cesse entre deux joustes de la pelote. je croy que l'esbatement a moult vertu pour rapprochier les cœurs, mesmes les plus coyes comme le mien.  #nouvelzamis #esbatementetvie
je m'appelle claire et, franchement, hier soir a été l'une de ces soirées où tout va de travers. après une journée épuisante au travail, je rentre à la maison pour découvrir que les enfants se disputent encore pour des bêtises, et marc, mon mari, lui, n'a toujours pas préparé le dîner. j'essaie de jongler entre mes responsabilités professionnelles et familiales, mais parfois, j'ai l'impression d'être sur le point de craquer. au fond, je sais qu'on est tous fatigués, mais je rêve juste d'un moment de paix où chacun mettrait un peu du sien.|je me nomme claire et, par ma foy, hier au vespre fut l'une de ces vesprées où tout s'en va de travers. après une journee harassante au labeur, je retourne en ma maison pour découvrir que les enfans se querellent encore pour des futilités, et marc, mon époux, n'a point encore presté le souper. j'essaie de bransler entre mes charges professionnelles et familiales, mais par fois, j'ay l'impression d'estre sur le point de faillir. en vérité, je sçay bien que tous sommes las, mais je rêve seulement d'un moment de paix où chascun feroit sa part.
titre : la symphonie de la table et du terrain bonjour à tous, ici jean-michel lavergne, votre chef cuisinier obsédé par chaque détail culinaire. pour moi, le sport et la fête ne se contentent pas d'être simplement des moments de convivialité, ce sont des orchestrations minutieuses où chaque ingrédient et chaque mouvement comptent. lors d'un match de rugby mémorable, j'ai élaboré un menu où la vibrance d'un gaspacho andalou se mariait parfaitement avec l'énergie brute d'une mêlée. chaque plat était une célébration en soi, une fête savoureuse à déguster avec la même passion que celle d'un athlète sur le terrain.|titre : la symphonie de la table et du terrain salut à tous, cy jean-michel lavergne, vostre chef cuisinier, obsédé par chascun détail culinaire. pour moy, le sport et la feste ne se contentent mie d'estre simplement des moments de convivialité, ce sont orchestrations soigneuses où chascun ingrédient et chascun mouvement comptent. lors d'un match de rugby mémorable, j'élaiboray un menu où la vibrance d'un gaspacho andalou se mariait parfaitement à l'énergie crue d'une mêlée. chascun plat estoit une célébration en soy, une feste savoureuse à déguster avec la mesme passion que celle d'un athlète sur le terrain.
salut les enfants, c’est papa thomas ! j'espère que vous êtes aussi excités que moi pour notre prochain voyage ! j'ai trouvé un super logement, une maison en bord de mer avec une vue incroyable, et j'ai déjà planifié toutes nos excursions. préparez vos maillots de bain et vos chaussures de randonnée, ça va être une aventure inoubliable !|salutations, petiz enfans, c'est père thomas ! espère que vous estes aussi esmeus que moy pour nostre prochain vïage ! ay trouvé moult bel logis, une maison en bord de mer avec moult belle veue, et ay dès ores ordonné toutes noz excursions. préparez vos draps de bain et voz solers de montagne, ce sera une aventure memorable !
objet : souvenirs d'un voyage inspirant cher(e) ami(e), je me souviens encore de ce voyage en provence, où le chant des cigales s'harmonisait avec le doux parfum de la lavande, un souvenir marquant qui nourrit encore mon travail de potier chaque jour. ce périple m'a rappelé la beauté des choses simples et l'importance de transmettre cette authenticité à travers mes créations. depuis, chaque vase que je façonne raconte un peu de cette terre ensoleillée et de ses artisans passionnés. avec toute mon amitié, pierre lavigne|subject: souvenirs d'un voiage ensperant chier(e) amy(e), je me ressouviens encore de cest voiage en provence, où le chant des cigalles s'accordoit au doulx parfum de la lavande, ung souvenir notable qui nourrit encore mon oeuvre de potier chascun jour. ce pelerinage me remembra la beauté des simples choses et l'importance de transmettre ceste authenticité par mes creacions. depuis lors, chascun vase que je façonne raconte quelque peu de ceste terre ensoleillée et de ses artisans passionnés. avec toute mon amytié, pierre lavigne
ah, les doux souvenirs des trajets en tramway dans ma chère ville de lyon ! je suis monsieur dupont, un professeur de français passionné, et je me plais souvent à me remémorer ces moments où, livre en main, je me laissais bercer par le rythme régulier du tram. chaque arrêt était une page tournée, une occasion de contempler la vie quotidienne qui se déroulait devant moi, avec ses visages familiers et ses histoires silencieuses. aujourd'hui, cette poésie du transport me manque, et je rêve encore des voyages simples qui nourrissaient mon esprit et mon cœur.|ah, les doulx soubzvenirs des passaiges en tramway en ma chiere ville de lyon ! je suy messire dupont, ung maistre de grammere françoise passioné, et moult me plaist souvent à me remembrer ces momens où, livre en main, je me laissoye bercer par le rythme ordené du tram. chascun arrest estoit une page tournée, une occasion de contempler la vie quotidienne qui se desrouloit devant moy, avec ses visaiges familliers et ses histoires silencieuses. a present, ceste poësie du transport me faict deffault, et je revé encore des voyages simples qui nouriçoient mon esprit et mon cueur.
yo, c'est max. parfois, je repense à l'ancien appart de mes grands-parents, tu sais, avant qu'on ait la fibre optique et tout le tralala. c'était l'époque où on se posait tous dans le salon, l'odeur du café chaud remplissant l'air, et on s'emmerdait pas avec les smartphones; juste des rires et des vieux vinyles craquants. maintenant, tout le monde est scotché à ses écrans, et je me demande si on n'est pas en train de perdre quelque chose de précieux.|oy, c'est max. par foi, il m'advient de penser à l'ancien logis de mes aïeux, tu sçais, avant que nous eussions la fibre optique et tout le tralala. c'estoit le temps où nous nous assiegions tous en la salle, l'odeur du café chaud emplissant l'air, et nous ne nous enquerions point des besognes de smartphones; seulement rires et vieux vinyles craquans. ore, chascun est attaché à ses escrans, et je me demande si nous ne sommes point en train de perdre chouse de précieuse.
"je m'appelle thomas, et hier, alors que j'étais en pleine réunion zoom avec mes supérieurs, mon fils de cinq ans a décidé que c'était le moment parfait pour entrer en trombe dans le salon en hurlant qu'il avait ""capturé un monstre"" dans sa chambre. bien sûr, le monstre en question n'était rien d'autre qu'un pauvre chausson abandonné, mais le timing impeccable de cette intrusion a finalement permis de briser la glace avec mon boss, qui a éclaté de rire. ironiquement, c'est peut-être grâce à ce monstre textile que j'ai décroché ce fameux projet que je convoitais tant. comme quoi, dans cette jungle qu'est la vie professionnelle, c'est parfois un petit chaos familial qui remet les pendules à l'heure."|"je me nomme thomas, et hier, alors que j'estoie en pleine assemblée zoom avec mes supérieurs, mon fils de cinq ans décida que c'estoit le moment parfait pour entrer à grand bruit en la sale en criant qu'il avoit ""capturé ung monstre"" en sa chambre. bien sûr, le monstre en question n'estoit rien autre qu'un pauvre chausson abandonné, mais le temps opportun de ceste intrusion permit finalement de briser la glace avec mon seigneur, qui s'esclaffa. par ironie, c'est peut-estre grâce à ce monstre de tissu que j'ai obtenu ce fameux projet que je convoitoye tant. comme quoy, en ceste jungle qu'est la vie professionnelle, c'est parfois ung petit chaos familial qui remet les horloges à l'heure."
"yo, c'est samir ! la fois où j'ai confondu le micro-ondes avec mon enceinte bluetooth, c'était épique. j'ai passé 10 minutes à essayer de connecter mon tel au micro-ondes pour faire chauffer ma pizza en mode ""dj khaled"", jusqu'à ce que ma sœur débarque et me lâche : ""mais t'es sérieux là ?!"" on a pleuré de rire toute la soirée, je m'en remettrais jamais !"|"oyé, c'est samir ! la fois où j'ay mespris le four à ondes avec mon hault-parleur de bluetooth, ce fust moult épique. j'ay passé dix minutes à tenter de lier mon téléphonie au four à ondes pour chauffer ma pizza en guise de ""dj khaled"", jusques à ce que ma sœur advienne et me die : ""mais es-tu sérieux céans ?!"" nous avonss ploré de rire toute la vesprée, je ne m'en remettrai jamais !"
"objet : ah, la joie de l'été ! salut marie, ah, quelle bénédiction d'avoir un été aussi ""rafraîchissant"" cette année ! entre les trombes d'eau quotidiennes et le vent qui m'arrache presque chaque parapluie, je me dis que c'est le moment idéal pour me remémorer cet inoubliable week-end à la plage avec les enfants. tu te rappelles, celui où j'ai réalisé que le sable est un excellent exfoliant pour le cuir des sièges de la voiture ? ah, que de souvenirs impérissables... à bientôt, pierre"|"objet : ah, la liesse de l'esté ! salut marie, ah, quelle benédiction d'avoir un esté si ""rafreschissant"" ceste année ! entre les averses journalières et le vent qui m'emporte quasi chascun parapluie, je me dis que c'est le moment idoine pour me ressovenir de ce mémorable week-end à la plage avec les enfans. te souviens-tu, de celluy où je m'aperceu que le sable est un excellent exfoliant pour le cuir des sièges de la charette ? ah, que de souvenances impérissables... à tantost, pierre"
cher journal, aujourd'hui, en écoutant mon vieux lecteur de cassettes, j'ai réalisé à quel point la musique est ma seule échappatoire. j'me souviens des après-midis passés à gratter ma guitare dans le grenier, loin des yeux des adultes, comme une rebelle qui s'en fiche du monde entier. c'est fou comme un riff de guitare peut tout changer, t'sais? bon, je file, ma vieille gratte m'appelle. - luna|chier journal, en ce jour, escoutant mon vieil appareil à cassettes, j'ay réalisé combien la musique est ma seule eschappatoire. me souviens des après-midis passés à harper ma guiterne en le grenier, loing des yeulx des adultes, telle une rebelle qui ne se chaille du monde entier. c'est estrange combien ung son de guiterne peut tout muer, scais-tu? or, je m'en voys, ma vieille guiterne m'appelle. - luna
objet : garder le cap, peu importe le temps salut alex, aujourd'hui, la météo n'est pas de notre côté, avec cette pluie battante et ce ciel gris. mais tu sais quoi ? ces jours-là sont les meilleurs pour tester notre détermination et notre engagement. je ressens cette passion brûlante qui me pousse à chausser mes baskets malgré tout. allez, on reste motivé et on continue de se dépasser ! à bientôt sur le terrain, julien|objet : garder le cap, quel que soit le temps salut alex, en ce jour, le temps n’est point en nostre faveur, avec cette pluie battante et ce ciel gris. mais sçais-tu quoi ? ces jours-là sont les meilleurs pour esprouver nostre détermination et nostre engagement. je ressens ceste passion ardente qui me pousse à chausser mes bottes malgré tout. allons, demeurons motivés et continuons à nous surpasser ! à tantost sur le champ, julien
cher journal, aujourd'hui, au cœur de la jungle urbaine de tokyo, je me suis perdue dans un autre monde grâce à ma passion pour la photographie. avec mon fidèle drone, je survole les toits de la ville, capturant l'essence même de cette métropole vibrante. la technologie me permet de voir l'invisible, de saisir des perspectives que mes pieds nomades ne pourraient jamais atteindre. c'est dans ces moments suspendus que je ressens intensément la liberté de l'aventure en solo. amitié toujours, lena l'aventurière|chier journal, hui, au cueur de la jungle urbaine de tokyo, je me suis perdue en un autre monde par ma passion pour la photographie. avec mon loyal drone, je survole les toits de la cité, prenant l'essence mesme de ceste métropole vibrante. la technologie me permet de veoir l'invisible, de saisir des perspectives que mes piedz nomades ne pourroient jamais atteindre. c'est en ces moments suspenduz que je ressens moult fort la liberté de l'aventure en solo. amitié toujours, lena l'aventurière
chère journal, aujourd'hui, j'ai croisé une vieille amie au supermarché, sophie, juste entre les rayons de pâtes et de céréales. malgré le chaos qui règne à la maison avec les enfants qui semblent avoir des réserves inépuisables d'énergie, cette rencontre m'a apporté une bouffée d'air frais. on a échangé quelques mots et des sourires complices, et ça m'a rappelé qu'il est vital de garder le contact avec le monde extérieur, même si la lessive s'empile et que le repas n'est toujours pas prêt.|chier journal, hui, je rencontray une anciene amye au marché, sophie, juste entre les rayons de pastez et de céréales. malgré le tumulte qui règne à la maisonnée avec les enfans qui semblent avoir des réserves inépuisables de vigueur, ceste rencontre m’apporta une bouffée d’air fresche. nous échangeasmes quelques mots et des sourires complices, et ce me rappella qu’il est vital de garder le lien avec le monde extérieur, mesmes si la lessive s’amasse et que le repas n’est pas encore prest.
salut, c’est marc, le père célibataire le plus organisé que je connaisse ! chaque matin, je me lève à 6h30, avant que mes deux bambins ne soient réveillés, pour savourer la paix d’un café bien chaud tout en feuilletant le journal. ce petit rituel me permet de commencer la journée avec clarté et énergie, prêt à affronter l'avalanche de défis qu’une vie de papa en solo peut lancer. honnêtement, c’est cette habitude qui transforme chaque journée en une aventure joyeuse et bien ficelée !|saluz, c’est marc, le père célibataire le plus ordonné que je congnoisse ! chascun matin, je me lieve à six heures et demie, devant que mes deux enfants ne soient esveillez, pour savourer la paix d’un café bien chault tout en feuilletant le journal. ce petit rituel me donne commencement à la journée avec clarté et vigueur, prest à affronter l’avalanche de défis qu’une vie de père en seul peut mettre à propos. véritablement, c’est ceste coustume qui transmuet chascune journée en une aventure joyeuse et bien ordonnée !
 salut à tous, ici léa l'aventurière ! aujourd'hui, je me réveille avec le soleil de bali dans les yeux et l'excitation de découvrir de nouveaux horizons. chaque jour est une nouvelle aventure, et ma passion pour la photographie me permet de capturer ces moments magiques et intenses. rien de tel que de se perdre dans les ruelles pittoresques et de rencontrer des âmes incroyables en chemin.  #viedenomade #passionvoyage #aventuresolo| salut à tous, céans léa l'aventurière ! en ce jour, me réveillay-je au soleil de bali estant ès yeulx et l’excitation de descouvrir de nouveaux horizons. chascun jour est une nouvelle aventure, et ma passion pour la painture de lumière me permet de saisir ces moments merveilleux et intenses. nul ne se compare à se perdre ès ruelles pittoresques et à rencontrer des âmes incroyables sur le chemin.  #viedenomade #passionvoyage #aventuresolo
chers amis de la bibliothèque, ici marguerite leblanc. en cette douce soirée, alors que je classe les livres avec soin, je songe à la beauté de la famille, ce cocon chaleureux où chaque instant partagé, qu'il s'agisse d'une escapade en nature ou d'une partie de scrabble endiablée, tisse les liens du souvenir. les livres, tout comme les moments en famille, sont les précieux chapitres de notre vie, et je vous invite, chers lecteurs, à cultiver ces petits plaisirs qui enrichissent notre existence. puissiez-vous trouver dans vos loisirs la même passion que je trouve dans la douce compagnie des livres.|chiers amis de la librairie, icy marguerite leblanc. en ceste doulce soirée, lors que je trie les livres avec soing, je me resveille à la beauté de la famille, ce cocon chalereux où chascun moment partagé, qu’il s’agisse d’une escapade en nature ou d’une partie de scrabble endiablée, tisse les liens de memoire. les livres, tout ainsi que les moments en famille, sont les précieux chapitres de nostre vie, et je vous prie, chiers lecteurs, de cultiver ces petiz plaisirs qui enrichissent nostre existence. puissiez-vous trouver en vos esbattements la mesme passion que je treuve en la doulce compaignie des livres.
"bonjour chers élèves, ici monsieur dupont. aujourd'hui, je ressens le besoin de partager avec vous ma passion pour la littérature, qui, je dois l'avouer, m'a récemment plongé dans une vive dispute avec un collègue. nous avons âprement débattu de l'interprétation d'un passage de ""madame bovary"", illustrant à quel point la richesse des mots peut susciter des émotions et des opinions divergentes. j'espère que cette passion vous inspirera à explorer les multiples facettes du langage avec la même ferveur."|"bons jours, chers escolliers, cy est messire dupont. en ce jour, ressens le desir de partager avec vous ma passion pour la lictérature, laquelle, je doy l'avouer, m'a naguères plongé en une vive debast avec ung compaignon. nous eûmes à cueurment débattu de l'interpretation d'un passage de ""madame bovary"", illustrant combien la richesse des mots peut mouvoir émotions et opinions diverses. espère que ceste passion vous inspirera à desplorer les multiples faces du langage avec pareille ferveur."
salut, c'est marc. juste un petit coucou pour te partager un peu de mon quotidien de papa organisé. tu sais, entre le boulot et m'occuper de léa, j'ai découvert une vraie passion pour la randonnée. c'est devenu notre petit rituel du week-end, un moment de détente où on laisse derrière nous le stress de la semaine et on profite simplement de la nature.|salutations, c'est marc. seul ung petit salut pour te partager ung peu de mon quotidien de père ordonné. saches-tu, entre le labeur et veiller sur léa, j'ay descouvert une vraye passion pour la randonnée. c'est devenu nostre petit rituel du jour de repos, ung moment de délassement où nous laissons derrière nous le labeur de la sepmaine et jouissons simplement de la nature.
je m'appelle marc, père célibataire et passionné de photographie. chaque jour, je jongle entre mes responsabilités familiales et mes études en gestion, avec l'espoir de donner un avenir meilleur à ma fille. la photographie me permet de capturer la beauté du moment présent et de trouver un équilibre dans ce tourbillon quotidien. je sais que concilier passion et études n'est pas toujours facile, mais c'est cette dualité qui enrichit ma vie et me motive à avancer.|mon nom est marc, père célibataire et passionné de l'art de la pourtraicture. chascun jour, je jongle entre mes responsablenesses familiales et mes études en la science de la gestion, avec l'espérance de donner un avenir meilleur à ma fille. la pourtraicture me permet de saisir la beauté du moment présent et de trouver un équilibre en ce tourbillon quotidien. je sçay que concilier passion et études n'est pas tousjours aisé, mais c'est ceste dualité qui enrichist ma vie et me pousse à avancer.
"cher antoine, ah, quel luxe d’être un père célibataire parfaitement organisé! avec mes 34 minutes hebdomadaires de ""temps libre"", j’ai l’embarras du choix pour mes loisirs : entre finir la montagne de linge, préparer des repas dignes de masterchef pour les enfants, ou me prélasser dans l’allée du supermarché à savourer cette douce symphonie qu'est le bip des caisses, mes journées sont un véritable festival de détente. qui aurait cru que la vie de parent solo puisse être si palpitante? amitiés, jean-claude"|"chier antoine, ah, quel luxe d’estre ung père célibataire parfaictement ordonné ! avec mes 34 minutes hebdomadaires de ""temps de loisir"", j’ay l’embarras du choix pour mes passetemps : entre parachever la montaigne de linge, apprester des repas dignes de masterchef pour les enfans, ou me délecter en l’allée du marché à savourer ceste douce symphonie qu’est le bip des caisses, mes journées sont ung véritable festoy de repos. qui eust creu que la vie de parent seul peust estre si palpitante ? amitiés, jehan-claude"
cher journal, aujourd'hui, germaine et moi, on s'est chamaillés comme deux poules mouillées à propos du métro, ce vrai tourniquet à hoquets! elle insistait pour qu'on prenne le bus, prétextant qu'il était plus confortable pour ses genoux. mais moi, avec mes souvenirs d'antan, j'ai toujours dit que le métro, c'est l'aventure, même s'il sent parfois la chaussette oubliée! finalement, on a opté pour la marche à pied... et on s'est perdu à deux rues de la maison. ah, quelle journée! ton vieux complice, maurice.|chier journal, en ceste journée, germaine et moy, nous nous sommes querellés comme deux poules mouillées touchant le mestier du métro, ce vrai tourniquet à hoquets ! elle insistoit que nous prissions le bus, alléguant qu'il estoit plus confortable pour ses genous. mais moy, avec mes souvenances d'antan, j'ay tousjours dit que le métro, c'est l'aventure, encor qu'il sente parfois la chaussette oubliée ! finalement, nous avons opté pour la marche à pied... et nous nous sommes esgarés à deux rues de nostre maison. ah, quelle journée ! ton vieil compaignon, maurice.
coucou mes amours !  aujourd'hui, j'ai eu la chance incroyable de rencontrer une personne qui m'inspire énormément : la talentueuse anna belle, créatrice de tendances et reine du design éthique !  nos échanges ont été un tourbillon de créativité et de bonne humeur, et je suis tellement excitée de vous partager bientôt toutes les pépites qu'on prépare ensemble. restez connectés pour une avalanche de vibes positives et d'idées fabuleuses !  #inspirationdujour #rencontremagique #lifestylelover|coucou mes amours !  en ce jour, ay je eu la fortune merveilleuse de rencontrer une personne qui moult m'inspire : la talentueuse anna belle, créatrice de tendances et royne du design éthique !  nostres eschanges furent un tourbillon de créativité et de bonne humeur, et suis si fort esmeue de vous particher tantost toutes les pépites que ensemble préparons. demeurez connectés pour une avalanche de vibes positives et d'idées fabuleuses !  #inspirationdujour #rencontremagique #lifestylelover
salut, c’est moi, lucas ! alors, t’imagines pas ce qui m’est arrivé hier avec ma passion secrète : les oiseaux. j’étais en train d’observer un rouge-gorge avec mes jumelles quand, tout à coup, j’ai éternué si fort que j’ai fait tomber mes lunettes dans le nid ! j’ai dû expliquer à maman pourquoi je grimpais à l’arbre comme un ninja, et elle a ri tellement fort qu’elle en a eu les larmes aux yeux. c’était trop marrant, même si j’ai fini avec des feuilles dans les cheveux !|saluz, c’est moy, lucas ! or donc, t’imagines mieulx ce qui m’est advenu hier avec ma passion secrete : les oyseaulx. j’estoie en train d’observer ung rouge-gorge avec mes lunettes d’approche quant, tout à coup, j’ay esternué si fort que j’ay fait cheoir mes lunettes dedens le nid ! j’ay deü mander à ma mère pourquoy je montoie à l’arbre tel ung ninja, et elle a ri si fort qu'elle en a eu les larmes aux yeulx. c'estoit moult marrant, encor que j’ay fini avec des fueilles en ma chevelure !
salut tout le monde, c'est léa, votre lifestyle bestie préférée !  aujourd'hui, je veux vous partager un petit moment de nostalgie sur mes années d'études. je me souviens des longues nuits à réviser avec mes amis, où on transformait notre table de cuisine en véritable qg de la motivation. c'était tellement intense mais aussi rempli de fous rires et de café renversé.  et vous, quelle est votre meilleure (ou pire) anecdote de vos années d'études ? dites-moi tout en commentaires !  #souvenirs #études #motivation|saluz à tous, c'est léa, vostre compaigne de vie et de mœurs favorite !  hui, je vueil vous partager ung petit moment de nostalgie sur mes années d'estude. je me souviens des longues nuiz à estudier avec mes amis, où nous transformions nostre table de cuisine en véritable qg de la motivation. c'estoit moult intense mais aussi plain de rires follastres et de café espandu.  et vous, quelle est vostre meilleure (ou pire) anecdote de voz années d'estude ? dites-moy tout en commentaires !  #souvenirs #estudes #motivation
cher journal, aujourd'hui, la pluie ne cesse de marteler les fenêtres de ma petite chambre, ajoutant à la monotonie de mes révisions incessantes. entre deux tasses de café, je me rends compte que cette habitude de veiller tard pour étudier n'est pas soutenable, mais chaque soir, c'est la même histoire. mes paupières deviennent lourdes bien avant que je ne sois satisfait de mes progrès, et pourtant, la culpabilité m'empêche de m'arrêter. peut-être qu'un jour, je trouverai un équilibre. - thomas|chier journal, en ceste journée, la pluye ne cesse de marteler les fenestres de ma petite chambre, adjoustante à la monotonie de mes revisions incessantes. entre deux tasses de café, je m'avise que ceste coustume de veiller tard pour estudier n'est point soutenable, mais chascune nuyt, c'est la mesme histoire. mes paupières deviennent pesantes bien avant que je ne soye satisfait de mes progrès, et pourtant, la coulpe m'empesche de m'arrester. peut-estre qu'un jour, je trouveray mieulx moyen. - thomas
salut tout le monde ! je m'appelle léa, et en tant qu'étudiante en art de 22 ans, je suis toujours fascinée par la manière dont la technologie s'entremêle avec notre créativité. que ce soit en utilisant des tablettes graphiques pour dessiner ou en explorant des installations artistiques immersives en réalité virtuelle, je trouve que la technologie nous offre des moyens infinis de réinventer notre expression artistique. c'est un peu comme peindre avec des nouvelles couleurs que l'on découvre chaque jour. vous aussi, vous ressentez parfois cette excitation face à tout ce que le numérique nous permet de créer ? |saluz à tout le monde ! je me nomme léa, et comme estudiant en art de vingt-deux ans, je suys tousjours fascinée par la manière dont la technologia s'entremesle avec nostre créativitez. que ce soit en usant des tablettes graphiques pour dessiner ou en explorant des installacions artistiques immersives en réalitée virtuelle, je treuve que la technologia nous offre des moyens infinis de réinventer nostre expression artistique. c'est un peu comme peindre avec des nouvelles couleurs que l'on découvre chascun jour. vous aussi, ressentez-vous parfoys ceste excitacion face à tout ce que le numérique nous permet de créer ? 
ah, mes chers enfants, je suis marcel, et à 75 ans, je me surprends encore à m'attarder devant la fenêtre chaque matin avec ma tasse de café. c’est devenu une habitude, presque un rituel, de regarder le jour se lever et de saluer le vieux chêne qui trône dans le jardin depuis bien avant votre naissance. ce simple instant, où le monde est encore endormi, me rappelle combien chaque jour est précieux et combien il est bon de prendre le temps de respirer. peut-être, mes petits, est-ce là le secret d'une vie bien vécue... savourer chaque aube comme un miracle.|ah, mes chers enfans, je suis marcel, et à l’aage de soixante et quinze ans, je me surprens encores à m’attarder devant la fenestre chascun matin avec ma tasse de café. c’est devenu une coustume, quasi un rituel, de regarder le jour se lever et de saluer le vieil chesne qui trône en l’jardin depuis bien avant vostre naissance. cet simple instant, où le monde est encores endormi, me remembre combien chascun jour est précieux et combien il est bon de prendre le temps de respirer. peut-estre, mes petiz, est-ce là le secret d'une vie bien vécue... savourer chascune aube comme un miracle.
salut mes chéris !  c'est emmalifestyle ici, et aujourd'hui j'ai envie de vous parler de quelque chose qui me tient à cœur : le travail ! vous savez, ce n'est pas juste une question de carrière, mais plutôt de passion et d'équilibre. trouver ce qui nous fait vibrer, tout en prenant soin de soi, c'est ça le vrai défi ! alors, prenez le temps de découvrir ce qui vous rend heureux et faites-en votre mission quotidienne.  #passionetéquilibre #viederêve|saluz mes biaulx amis !  c'est emmalifestyle céans, et en ceste journée desire je vous parler de quelque chose qui me tient à cueur : le labour ! vous sçavez, ce n'est mie seulement une question de carriaire, mais plustost de passion et d'aequilibre. trouver ce qui nous fait vibrer, tout en cuidant de soi, c'est cela le vray desfi ! adoncques, prenez le temps de descouvrir ce qui vous rend eureux et en faites vostre quest quotidienne.  #passionetaequilibre #viedereve
je me souviens avec émotion de ce week-end à la campagne l'été dernier, un véritable bol d'air frais au milieu de ma routine effrénée. c'était un petit village pittoresque en normandie, où le temps semblait s'être arrêté. en me promenant dans les champs dorés, l'odeur du foin me rappelait les vacances de mon enfance, et j'ai ressenti une paix intérieure que paris ne m'offre jamais. ce souvenir est devenu mon refuge mental, une échappatoire précieuse lors des longues réunions au bureau.|"je me souviens avec émotion de ce week-end à la campagne l'été dernier, un véritable bol d'air frais au milieu de ma routine effrénée. c'était un petit village pittoresque en normandie, où le temps semblait s'être arrêté. en me promenant dans les champs dorés, l'odeur du foin me rappelait les vacances de mon enfance, et j'ai ressenti une paix intérieure que paris ne m'offre jamais. ce souvenir est devenu mon refuge mental, une échappatoire précieuse lors des longues réunions au bureau."" je me remembre avec émouvoir de ce week-end ès champs l'esté passé, ung véritable bol d'air fres au milieu de ma routine effrénée. cestoit ung petit village pittoresque en normandie, où le temps sembloit s'estre aresté. en me promenant parmy les champs dorés, l'odeur du foin me remembroit les vacances de mon enfance, et je resenti une paix intérieure que paris ne m'offre jamais. ce souvenir est devenu mon refuge mental, une eschappatoire précieuse lors des longues assemblées au bureau."
"titre : ""mes premiers pas sur la toile : une ode à ma famille"" bonjour à tous, je suis marcel, un retraité de 72 ans qui tâtonne doucement dans le vaste monde d'internet. en explorant cet univers fascinant, je réalise à quel point ma famille est mon ancrage dans ce tourbillon de modernité. chaque photo de mes petits-enfants, chaque message de mes enfants, sont comme des phares dans la nuit qui me rappellent que, peu importe la distance, notre amour nous lie à jamais. voilà, c'est là ma découverte la plus précieuse sur cette nouvelle aventure numérique."|"**titre : ""mes premierz pas sus la toile : une ode à ma famille""** saluz à tous, je suy marcel, ung retraité de 72 ans qui s'efforce doucement en ce vaste monde d'internet. en explorant cestuy univers merveilleux, je m'apperçoy combien ma famille est mon ancrage en ce tourbillon de modernité. chascune image de mes petiz-enfans, chascun message de mes enfans, sont comme des phares en la nuit qui me remembrent que, quelque soit la distance, nostre amour nous lie à jamais. voilà, c'est là ma découverte la plus précieuse en ceste nouvelle aventure numérique."
chers lecteurs, je suis jean-michel dupont, votre passionné de la langue française, et je voulais aujourd'hui vous parler de la beauté des petites choses du quotidien. chaque matin, lorsque je me rends à l'école, le simple fait d'observer le sourire d'un élève ou d'entendre le chant des oiseaux me rappelle à quel point la vie est précieuse et pleine de moments à chérir. puissions-nous, à travers ces instants fugaces, trouver une source inépuisable d'inspiration et de gratitude.|chiers lecteurs, je suys jehan-michel dupont, vostre passionné de la langue françoise, et je desiroye huy vous parler de la beauté des petites choses du quotidien. chascun matin, quant je me rends à l'escole, le simple fait d'observer le soures d'un escolier ou d'ouïr le chant des oisiaus me rappelle combien la vie est précieulx et plaine de moments à chérir. puissions-nous, par ces instans fugaces, trouver une source inespuissable d'inspiration et de gratitude.
ah, les jeunes d'aujourd'hui, ils ont tout compris avec leurs études et leur sport ! moi, à 75 ans, marcel dubois, je me dis qu'une bonne sieste sur le canapé, c'est le meilleur entraînement pour le cœur. et puis, entre un diplôme et une médaille, j'ai choisi la collection de timbres, ça ne fatigue pas et ça ne prend pas de place dans le salon. allez, continuez vos marathons, moi je vais de la cuisine au jardin, et c'est déjà bien suffisant ! ‍|ah, les jeunes d'oresenavant, ilz ont tout comprins aevc leurs estudes et leurz esbatements ! moy, à l'aage de trois vins et quinze ans, marcel dubois, je me diz qu'une bonne sieste sur le lit, c'est le meilleur exercice pour le coeur. et adoncques, entre ung diplome et une medaille, j'ay choisy la collection de timbres, ce ne fatigue mie et ce ne prent mie de place en la salle. allez, continuez voz marathons, moy je vay de la cuisine au verger, et c'est ja assez suffisant ! ‍
salut, c'est lucas moreau. aujourd'hui, je veux partager quelque chose d'important qui m'est arrivé récemment. après une séance d'entraînement intense, je me suis disputé avec mon entraîneur. la passion et la fatigue ont pris le dessus, mais après réflexion, j'ai compris que ces moments de tension sont aussi essentiels pour progresser. ils nous poussent à nous remettre en question et à devenir la meilleure version de nous-mêmes.|saluz, c'est lucas moreau. en ce jour, je vueil partager quelque chose d'important qui m'est arrivé naguères. après une séance d'entraînement forte, je me suy querellé avec mon maître. la passion et la lassitude ont pris le dessus, mais après moult réflexions, j'ai entendement que ces moments de tension sont aussi essentiels pour avancer. ils nous poussent à nous remettre en question et à devenir la meilleure semblance de nous-mesmes.
"salut tout le monde ! c'est léa l'aventurière . hier, j'ai essayé de faire du yoga sur une planche de paddle... spoiler : l'eau est plus froide que prévu . qui aurait cru que la posture ""bâton flottant non intentionnel"" deviendrait ma nouvelle spécialité ?! ‍ #sportivedelimprévu #aventuresaquatiques #ploufartistic"|"saluz à tous ceulx qui sont en ce monde ! c'est léa l'aventurière . hiér, j'ay essayé de faire du yoga sur une planche de paddle... mais pour vous dire verité : l'eaue estoit plus froide que je n'avois escompté . qui eût crû que la posture du ""baston flottant non intentionnel"" deünt devenir ma nouvele spécialité ?! ‍ #sportivedelimprévu #aventuresaquatiques #ploufartistique"
cher journal, aujourd'hui, à l'école, j'ai appris quelque chose de super important sur les amis. même si on aime rigoler et jouer ensemble, il y a des moments où ils peuvent nous décevoir. comme quand max a oublié de m'inviter à son anniversaire. mais maman dit que les vrais amis, c'est ceux qui restent là même quand on se chamaille. je pense qu'elle a raison. pierre|chier journal, en ceste journée, à l'escole, j'ay aprins aultre chose moult importante touchant les amis. encoyres que nous aymons rire et jouer ensemble, y a heures où ilz pevent nous decevoir. comme quant max oublia de me convier à sa feste d'anniversaire. mais ma mère dist que les vrays amis sont ceulx qui demourent mesmes quant nous nous querellons. je croy qu'elle a raison. pierre
"salut, c'est clara l'intrépide exploratrice des confins du monde ! alors, figure-toi que j'ai eu une ""fabuleuse"" dispute avec mes chers amis. on pourrait croire qu'après avoir escaladé le machu picchu toute seule, je saurais gérer une petite tempête verbale, mais non ! heureusement, la solitude des sommets me rappelle que mes plus fidèles compagnons sont mon sac à dos et un bon guide de voyage. allez, à bientôt pour de nouvelles péripéties sans drame !"|"salut, c'est clara l'intrépide exploratrice des confins du monde ! alors, figure-toi que j'ai eu une ""fabuleuse"" dispute avec mes chers amis. on pourrait croire qu'après avoir escaladé le machu picchu toute seule, je saurais gérer une petite tempête verbale, mais non ! heureusement, la solitude des sommets me rappelle que mes plus fidèles compagnons sont mon sac à dos et un bon guide de voyage. allez, à bientôt pour de nouvelles péripéties sans drame ! traduction en ancien français : saluz, c'est clara l'intrépidète exploratrice des confins du monde ! or çà, sache que j'eus une ""merveilleuse"" débatte avec mes chers amis. on pourroit cuider qu'après avoir monté le machu picchu toute seule, je saurois gouverner une petite tempête verbale, mais nenni ! par bonne fortune, la solitude des sommaiges me rappelle que mes plus loiaulx compaings sont mon sac à dos et un bon guide de voyage. allez, à tantôt pour de nouvelles aventures sans drame !"
ah, mes chers enfants, laissez-moi vous raconter l'histoire de mon cher ami raymond, un homme de volonté et de sagesse. chaque matin, qu'il pleuve ou qu'il vente, il enfilait ses vieilles baskets pour aller courir dans le parc du village. ce n'était pas tant pour le sport que pour nourrir son âme qu'il s'adonnait à cette habitude. en foulant le sentier, il se vidait l'esprit et, à chaque foulée, il renforçait non seulement ses jambes, mais aussi sa détermination et sa joie de vivre. c'est ainsi qu'il a traversé les saisons avec un cœur léger et un esprit apaisé.|ah, mes tres chers enfans, laissez moy vous raconter l'ystoire de mon cher amy raymond, ung homme de voulenté et de saigesse. chascun matin, qu'il pleût ou qu'il ventast, il enfiloit ses vieilles solers pour aler corir en le parc du village. ce n'estoit mye tant pour le sport que pour nourrir son ame qu'il s'adonnoit à ceste coustume. en foulant le sentier, il se vidoit l'esprit et, à chascune foulée, il renforçoit non pas seulement ses jambes, mais aussi sa détermination et sa joye de vivre. c'est ainsy qu'il a traversé les saisons auec ung cœur léger et un esprit apaisé.
ah, les journées printanières à lyon, où le soleil caresse délicatement la peau et où l'air embaume les promesses de l'été! je me souviens de ce matin-là, où la lumière dansait à travers les fenêtres de ma cuisine, m'inspirant à perfectionner ce risotto aux asperges, chaque grain de riz absorbant la chaleur et la saveur comme une éponge gorgée de soleil. le marché débordait de couleurs, les légumes frais et croquants chantaient une symphonie de parfums qui titillaient mes sens, et le doux zéphyr accompagnait mes méditations culinaires avec une légèreté exquise. ces souvenirs sont des ingrédients précieux dans la recette de ma vie, me rappelant que la météo, tout comme la cuisine, est un art de l'instant.|ah, les journées printanières à lyon, là où le soleil caresse doucement la peau et où l'air embaume les promesses de l'esté! je me souviens de ce matin-là, où la clarté dansoit à travers les fenêtres de ma cuisine, m'incitant à parfaire ce risotto aux esperges, chascun grain de ris absorbant la chaleur et la saveur comme une esponge gorgée de soleil. le marché regorgeoit de couleurs, les légumes frais et croquants chantoient une symphonie de parfums qui titilloint mes sens, et le doux zéphyr accompagnoit mes méditations culinaires avec une légèreté exquise. ces souvenirs sont des ingrédients précieux en la recette de ma vie, me remembrant que la météo, tout comme la cuisine, est un art de l'instant.
salut, c'est maxime. je me suis retrouvé à rêvasser aujourd'hui, pensant à ces après-midis insouciants où je pouvais passer des heures à lire un bon roman ou à faire un footing le long de la rivière sans me soucier du temps. la fac de médecine, c'est passionnant, mais j'avoue que mes anciens loisirs me manquent terriblement. j'espère qu'un jour, je retrouverai cet équilibre entre études et plaisir.|"salut, c'est maxime. je me suis retrouvé à rêvasser aujourd'hui, pensant à ces après-midis insouciants où je pouvais passer des heures à lire un bon roman ou à faire un footing le long de la rivière sans me soucier du temps. la fac de médecine, c'est passionnant, mais j'avoue que mes anciens loisirs me manquent terriblement. j'espère qu'un jour, je retrouverai cet équilibre entre études et plaisir."" traduction en ancien français : salu, c'est maxime. je me suis retrouvé à rêvasser aujourd'huy, pensant à ces après-midis insouciants où je povois passer des heures à lire un bon roman ou à faire un footing le long de la rivière sans me soucier du temps. la faculté de médecine, c'est passionnant, mais j'avoue que mes anciens loisirs me manquent terriblement. j'espère qu'un jour, je retrouverai cet équilibre entre études et plaisir."" traduction en vieux français : saluz, c'est maxime. je me suis trouvé à songer aujourd'huy, pensant à ces après-midis désportez où je povois passer des heures à lire ung bon roman ou à courir le long de la rivyère sanz me soucier du temps. la faculté de médecine est moult passionnante, mais j'avoue que mes anciens esbattements me manquent moult fort. j'espère qu'un jour je retrouveray cet esgalité entre estudes et plaisir."
objet : des nouvelles des études et du boulot ! coucou sophie, juste un petit mot rapide pour te dire à quel point je suis époustouflée par tout ce qui se passe en ce moment ! entre les devoirs des enfants, qui me transforment en prof à temps partiel, et mon travail où j'ai enfin décroché ce projet passionnant, c'est la folie mais je suis aux anges ! qui aurait cru qu'on pouvait jongler avec autant de choses à la fois et en sortir grandie ? bon, il me faut un café xxl, mais ça en vaut tellement la peine ! bisous, claire|objet : nouvelleté des estudes et de labeur ! coucou sophie, ce n’est qu'un petit mot brief pour te dire combien je suis estonnée de tout ce qui advient en ce moment ! entre les leçons des enfans, qui me font devenir maistre à temps partiel, et mon labeur où j’ay à la fin obtenu ce projet plein de passion, c’est la folie mais je suis en grant plésir ! qui eût pensé que l’on pourroit jongler avec tant de choses à la fois et en sortir plus vaillans ? par ma foy, il me fault un café de grande taille, mais cela en vault bien la peine ! baisers, claire
cher(e) [nom de l'ami(e)], j'espère que tu vas bien. en ce moment, entre les cours interminables et les gardes à l'hôpital, je n'ai même plus le temps de cuisiner correctement. je me suis souvent retrouvé à manger des nouilles instantanées à minuit, espérant que ce maigre repas me donnera l'énergie nécessaire pour tenir jusqu'au lendemain. parfois, je rêve simplement d'un bon dîner fait maison, quelque chose qui changerait des sempiternels snacks de la cafétéria. prenons le temps de partager un vrai repas ensemble bientôt. amitiés, marc|chier(e) [nom de l'ami(e)], espoir que tu te portes bien. en ceste heure, entre les leçons interminables et les gardes à l'ospital, je n'ay mesmes plus le tems de cuisiner proprement. souvent me suis trouvé à mengier des nouilles instantanées à minuit, espérant que ce maigre repas me donra l'energie necessaire pour tenir jusques au lendemain. parfois, je rêvasse seulement d'un bon dîner fait maison, quelque chose qui changerait des sempiternels boccons de la cafétéria. prenons le tems de partager un vray repas ensemble tantost. amistés, marc
je m'appelle gustave le potier, et je me souviens avec tendresse de ces matins brumeux où je partais pour l'école, l'odeur de la terre humide imprégnant l'air frais de la campagne. les cahiers sous le bras, je traversais les champs encore perlés de rosée, et chaque goutte scintillait comme un trésor sous les premiers rayons du soleil. les leçons se mêlaient alors aux récits de la pluie et du vent que je prenais plaisir à écouter, comme on façonne l'argile, avec patience et passion. ces souvenirs sont gravés en moi comme les empreintes d'un temps où le savoir et la nature dansaient ensemble au rythme des saisons.|je me nomme gustave le potier, et me souvient avec tendresse de ces matins brumeux où je m'en allois à l'escole, l'odeur de la terre humide imprégnant l'air frais de la campagne. les cahiers soubz le bras, je traversoys les champs encore perlés de rosée, et chascune goutte scintilloit comme un trésor soubz les premiers rayons du soleil. les leçons se mêloient lors aux récits de la pluye et du vent que je prenois plaisir à escouter, comme l'on façonne l'argile, avec patience et passion. ces souvenirs sont gravés en moy comme les empreintes d'un temps où le sçavoir et la nature dansoient ensemble au rythme des saisons.
ah, mes chers petits-enfants, ici votre papi marcel qui vous parle ! quand je pense à mes années d'études, je ne peux m'empêcher de sourire en me souvenant des chambres d'étudiants où chaque centimètre carré était une aventure. vous savez, à mon époque, on partageait souvent une chambre à deux ou trois, et c'était autant un apprentissage de la vie que de nos études ! les rires, les discussions interminables et même les petites disputes font partie de ces précieux souvenirs que je chéris encore aujourd'hui.|ah, mes treschiers petiz enfans, cy vostre papi marcel qui vous parle ! quant je m’avise de mes ans d’estudes, je ne puis m’empescher de rire en me recordant des logis d’estudians où chascun pié estoit une aventure. sçavez-vous, en mon temps, nous partagions souvent une chambre à deux ou trois, et c’estoit autant un apprentissage de la vie que de noz estudes ! les ris, les parlemens sans fin et mesmes les petites debatz font partie de ces précieux souvenirs que je chéris encore à ceste heure.
je me souviens d'un samedi matin, où j'avais méticuleusement planifié un petit-déjeuner familial parfait avec mes deux enfants, emma et lucas. tout était prêt : les pancakes en forme de cœur, le jus d'orange fraîchement pressé, le tout sur la table impeccablement dressée. mais voilà, en versant le sirop, lucas a décidé de jouer au jongleur, éclaboussant tout le monde et provoquant une bataille de pancakes. finalement, nous avons ri jusqu'à en pleurer, et j'ai compris que le désordre parfois fait partie des meilleurs souvenirs.|je me souviens d'un samedi matin, où j'avoye avisé soigneusement un déjeûner familial parfait avec mes deux enfans, emma et lucas. tout estoit prest : les pastés en forme de cueur, le suc d'orange fraîchement pressé, le tout sur la table bien dressée. mais adonc, en versant le sirop, lucas décida de jouer au jongleur, éclaboussant toute la compagnie et provoquant une bataille de pastés. finalement, nous riîmes jusques à en plourer, et je compris que le désarroy parfois fait partie des meilleurs enseignes.
bonjour mes petits chéris, c’est mamie jeanne qui vous parle! vous savez, je suis toujours émerveillée par toutes ces nouvelles technologies! imaginez, avec mon smartphone, je peux discuter en vidéo avec vous même quand vous êtes à l’autre bout du monde; c’est comme de la magie! prenez bien soin de vous et n’oubliez pas de m’appeler sur facetime pour qu’on se raconte nos petites histoires. bisous, mes trésors!|bien le bon jour, mes petiz cheris, c'est mamye jeanne qui vous parle! vous sçavez, je suis tousjours esmerveillée de toutes ces nouveaulx artz et engins! figurez-vous, avec mon escient-phone, je puys deviser en vuydée avec vous, mesmes quant vous estes à l'autre bout du monde; c'est comme enchantement! prenez bien soing de vous et n'oubliez mie de me sonner sur facetime pour que nous devisons de noz petites histoires. baisers, mes trésors!
"nom : jules leclerc ""ah, les loisirs ! ces fameux moments de détente dont on entend tant parler... je suis sûr que passer ma nuit en tête-à-tête avec mes manuels de médecine est une nouvelle tendance que mes amis adoreraient, si seulement j'avais le temps de les voir. 🤓 pour l'instant, mes seuls compagnons de soirée sont mon café et mon stéthoscope. #vivrelavie #oupas"""|"nom : jules leclerc ""ah, les loisirs ! ces fameux momens de délectacion desquels on ouït tant parler... je suys seur que passer ma nuyt en tête-à-tête avec mes livres de médecine est une nouvelle mode que mes amys priseroient moult, se seulement j'avois le temps de les veoir. 🤓 pour l'instant, mes seuls compaignons de vesprée sont mon café et mon stéthoscope. #vivrelavie #ounenni"""""
cher journal, ah, quelle soirée mémorable que cette fête, où la musique tonitruante a charmé mes oreilles délicates telles des ongles crissant sur un tableau noir! les conversations incessantes et passionnantes sur les derniers potins de la faculté ont éveillé en moi une joie inégalée, semblable à celle que l'on ressent en corrigeant une pile de copies truffées de fautes de grammaire. et que dire des mets culinaires raffinés, dignes de l'art gastronomique de la cantine scolaire un jour de grève? oui, sans doute, ces moments de convivialité sont le sel de la vie d'un humble professeur de français passionné. bien à toi, léon dupont|chier journal, ah, quelle soyrée mémorable que ceste feste, où la musique tonitruante a charmé mes oreilles délicates telles des ongles crissant sus une table noire! les parlemens incessans et passionnés des derniers potins de la faculté ont esmeu en moy une joye inégalée, semblable à celle que l'en ressent en corrigeant une pile de copies truffées de faultes de grammaire. et que dire des mets culinaires raffinés, dignes de l'art gastronomique de la cantine scolaire un jour de grève? ouy, sans doubte, ces momens de conjoyssance sont le sel de la vie d'un humble maistre de français passionné. bien à toy, léon dupont
yo, moi c’est samir, j’ai 18 piges et je viens de la banlieue. franchement, les études c’est un truc sérieux, même si parfois on se dit que ça sert à rien. c’est vrai qu’on galère souvent avec les cours et tout, mais au final, ça peut nous ouvrir plein de portes. en tout cas, moi, je crois qu’il faut s’accrocher et viser loin, même quand c’est chaud.|salut à vous, je suys samir, ayans dix-huict ans et suys natif de la banlieue. vrayment, les estudes sont chose sérieuse, mesmement si par fois l’on se dict que ce ne sert de rien. il est vray que souvent l’on se traveille aux leçons et telz, mais à la fin, ce peut nous ouvrir maintes portes. en tous cas, je croy qu’il convient de s’attacher ferme et viser loing, mesmement quant il est malaisé.
je m'appelle alex martin, et en tant que sportif, j'ai toujours cru que la discipline était la clé du succès. chaque matin, je me lève à 5h pour courir, une habitude qui forge non seulement mon corps mais aussi mon esprit. cependant, ce qui me motive vraiment, c'est de savoir que mes amis partagent cette passion; ensemble, nous avons créé un cercle de soutien où chacun est le pilier de l'autre. ce lien nous pousse à nous dépasser et à rester constants, car une habitude, aussi rigoureuse soit-elle, devient un plaisir quand elle est partagée avec ceux qui comprennent son importance.|je me nomme alex martin, et en tant que sportif, ay tousjours creu que la discipline estoit la clef de la réussite. chascun matin, me lève à cinq heures pour courir, une coustume qui forge non seulement mon corps mais aussi mon esprit. néanmoins, ce qui véritablement me meut, c'est de sçavoir que mes amis partagent ceste passion; ensemble, avons fondé un cercle de soutien où chascun est le pillier de l'autre. ce lien nous pousse à nous surmonter et à demeurer constants, car une coustume, si rigoureuse soit-elle, devient un plaisir quand elle est partagée avec ceulx qui en comprennent l'importance.
salut, c'est thomas. écoute, je suis au bout du rouleau avec cette recherche d'appart à paris. j'ai visité une dizaine de lieux, et soit c'est hors de prix, soit c'est un placard à balais. si ça continue, je vais finir par camper au bureau... bon, je te laisse, j'ai une réunion dans cinq minutes. à plus !|saluz, c'est thomas. escoute, je suis au bout du rouleau avec ceste recherche d'appart à paris. j'ay visité une dizaine de lieux, et soit c'est hors de prix, soit c'est un placard à balais. si cela continue, je finiray par camper au bureau... bon, je te laisse, j'ay une réunion en cinq minutes. à plus !
salut, c’est léa, la globe-trotteuse insatiable ! ce week-end, j'ai atterri par hasard dans un petit village en provence pendant les préparatifs de la fête des vendanges. invitée par une famille chaleureuse, j’ai découvert non seulement les saveurs locales, mais aussi la joie sincère de célébrer ensemble. à la lueur des guirlandes, au milieu des rires et des danses, j'ai ressenti ce lien universel qui unit les familles, même pour une voyageuse solitaire comme moi.|saluz, c’est léa, la voyageuse insatiable ! ce jour de fin de septmaine, je suis tombée par adventure en ung petit village en provence durant les préparatifs de la feste des vendanges. estant invitée par une famille chaultemense, j’ay descouvert non seulement les saveurs locales, mais aussi la joye sincère de festoyer ensemble. à la clarté des guirlandes, au milieu des ris et des dances, j’ay ressenty ce lien universel qui unit les familles, mesmes pour une voyageuse seule comme moy.
objet : organisation de la semaine et préparation de la fête bonjour, j'espère que vous allez bien. cette semaine, entre les études des enfants et la préparation de l'anniversaire de chloé prévue samedi, l'organisation est de mise. merci de me confirmer votre disponibilité pour m'aider à gérer ces deux événements. votre soutien serait grandement apprécié. bien à vous, jean dupont|objet : ordonnance de la sepmaine et préparacion de la feste salut, espoir que vous allez bien. ceste sepmaine, entre les estudes des enfans et la préparacion de l'anniversaire de chloé destinée au samedi, l'ordonnance est de mise. je vous prie de me certifier vostre disponibilité pour m'aider à gouverner ces deux événemens. vostre aide seroit moult prisée. bien à vous, jehan du pont
titre : le doux rituel du thé dans l'antre des livres bonjour, je suis madeleine, bibliothécaire depuis plus de trente ans, et aujourd'hui je souhaite partager avec vous une habitude qui me tient particulièrement à cœur : le rituel du thé en compagnie des livres. chaque matin, avant l'ouverture de la bibliothèque, je me prépare une tasse de thé earl grey, dont le parfum délicat emplit l'air feutré de ses notes de bergamote. ce moment de calme, où le monde semble suspendu, s'accorde parfaitement avec le bruissement des pages que je m'apprête à feuilleter, et m'offre une douce sérénité pour entamer la journée.|titre : le doulx rituel du thé en l'antre des livres salués, je suys madeleine, bibliothécaire despuis plus de trente ans, et cé jour je vueil partager avec vous une coustume qui me tient moult à cœur : le rituel du thé en compaignie des livres. chascun matin, avant l'ouvreture de la librairie, je me appareille une tasse de thé earl grey, dont le parfum délicat emplit l'air feutré de ses notes de bergamote. ce moment de calme, où le monde semble suspens, s'accorde parfaitement avec le bruit des pages que je m'appreste à feuilletter, et m'ottrie une doulce sérénité pour entamer la journée.
"salut tout le monde !  c’est anaïs, votre étudiante en art complètement passionnée !  hier, j'ai eu la chance incroyable de rencontrer élise dubois, cette artiste que j'admire tant. on a discuté pendant des heures autour d'un café, et elle m'a raconté l'histoire derrière son tableau ""lueur d'aube"", qui m'avait bouleversée lors de ma première expo. ce moment restera gravé dans ma mémoire comme un véritable cadeau de l'univers !  #artpassion #souvenirsinoubliables"|"saluz à tous !  c’est anaïs, vostre estudiant en art tout passionnée !  hier, ay eu la fortune merveilleuse de rencontrer élise dubois, ceste artiste que tant admire. avons devisé durant maintes heures autour d'un café, et elle me compta l'histoire derrière son tableau ""lueur d'aube"", qui m'avoit moult esmeue lors de ma première exposition. ce moment demeurera gravé en ma mémoire comme ung véritable don de l'univers !  #artpassion #souvenirsinoubliables"
salut max, tu sais quoi ? hier, j'ai essayé de cuisiner pour mes amis et c'était tellement un désastre que même le chien n'en a pas voulu ! heureusement, on a tous fini par manger des céréales et on a ri tellement fort que le lait est sorti par le nez de tom. c'était sûrement le meilleur repas raté de l'histoire ! à plus, léo|salut max, sçais-tu quoy ? hièr, j'ay essayey de cuysiner pour mes amis et ce feut tant un désastre que mesmes le chien n'en voulut point ! à bon heur, nous finismes tous par mengier des céréales et riimes tant fort que le laict saillit par le nés de tom. ce feut sûrement le meilleur repaix failliet de l'hystoire ! à plus, léo
ah, les joies de voyager en solo ! je m'appelle camille, l'intrépide exploratrice des contrées lointaines… ou du moins, c'est ce que je raconte à mes amis. il y a eu ce fameux épisode en bolivie où ma passion pour l'ornithologie m'a conduite à me perdre dans la jungle à la recherche d'un oiseau rare, pour finalement découvrir que je m'extasiais devant un vulgaire pigeon. que voulez-vous, même les plus grands aventuriers ont leurs moments de gloire... ou pas.|ah, les délices de cheminer en solo ! me nomme camille, l'intrépide aventurière des terres loingtaines… ou au moins, c'est ce que je conte à mes amis. il y eut ce fameux épisode en bolivie où ma passion pour l'ornithologie me mena à me perdre en la forest à la quere d'un oisel rare, pour enfin descouvrir que je m'esbahissoie devant un vilain pigeon. que voulez-vous, mesmes les plus grands aventuriers ont leurs moments de gloire... ou non.
je m'appelle caroline, et parfois, au milieu du tourbillon quotidien de lessives, de devoirs et de repas à préparer, je me surprends à me remémorer ces après-midis d'été chez mes grands-parents, à la campagne. je revois les enfants courir dans le jardin, le rire de ma mère se mêlant au chant des oiseaux, et la table en bois sous le grand chêne, où l'on s'asseyait tous ensemble pour déguster la tarte aux pommes de ma grand-mère. ces souvenirs sont une douce bouffée d'air frais, un rappel précieux de la simplicité et de l'amour qui, malgré le chaos, tissent notre vie de famille.|je me nomme caroline, et parfoiz, au milieu du tourbillon quotidien de lessives, de devoyrs et de repas à appareiller, il me vient à songier à ces après-midis d'esté en l'ostel de mes aïeulx, en la campagne. je revois les enfans courir en le jardin, le rire de ma mère se meller au chant des oiseaulx, et la table de bois soubz le grant chesne, où nous nous asseyons tous ensemble pour savourer la tarte de pommes de ma grand-mère. ces souvenances sont une doulce bouffée d'air fres, un souvenance précieux de la simplicité et de l'amour qui, malgré le chaos, tissent nostre vie de famille.
cher journal, aujourd'hui, c'était une véritable aventure culinaire ! j'ai testé cette nouvelle recette de poke bowl arc-en-ciel que j'avais repérée sur instagram et, omg, c'était un feu d'artifice de saveurs ! chaque bouchée était une explosion de fraîcheur et de couleurs, exactement ce dont j'avais besoin pour recharger mes batteries en cette saison d'automne. n'oublie pas de checker ma story pour les petits secrets de cette recette magique ! 🥗 bisous, léa |chier journal, hui, ce fu une vraye adventure culinaire ! j'ay essayée ceste nouvelle recepte de poke bowl arc-en-ciel que j'avoie veuë sur instagram et, par ma foy, ce fu un feu d'artifice de saveurs ! chascune morsure estoit une explosion de fraîseur et de couleurs, proprement ce dont j'avoie mestier pour recharcher mes batteries en ceste saison d'autompne. n'oublie pas de regarder ma chronique pour les petiz secrez de ceste recepte magique ! 🥗 baisers, léa 
salut les amis!  c'est jade, votre gourou lifestyle préférée. aujourd'hui, je veux vous parler de l'importance des études dans notre vie. même si j'ai construit ma carrière grâce aux réseaux sociaux, les connaissances acquises à l'université m'ont vraiment donné les bases solides pour naviguer dans ce monde en perpétuel changement. n'oubliez jamais, chaque livre que vous ouvrez est une porte vers de nouvelles opportunités!  bisous! |saluz, mes amis!  c'est jade, vostre guide de vie préféré. hui, je vueil vous parler de l'importance des estudes en nostre vie. quoy que j'aye basti ma carrière par les réseaux sociaux, les cognoissances acquises à l'université m'ont vraiment donné les fondemens fermes pour naviger en ce monde tousjours changeant. n'oubliez onques, chascun livre que vous ouvrez est une porte vers de nouvelles opportunitez!  baisers! 
cher journal, aujourd'hui, je m'appelle chloé, et entre deux vols, je réalise combien la technologie a transformé ma façon de voyager. autrefois, je me fiais aux cartes en papier et aux recommandations des locaux, mais maintenant, avec mon smartphone, chaque destination s'ouvre à moi en un clin d'œil. pourtant, malgré la facilité qu'elle apporte, j'essaie de me rappeler de lever les yeux de l'écran, car rien ne remplace la magie d'un coucher de soleil vu de ses propres yeux. la technologie embellit mes voyages, mais c'est dans les moments déconnectés que je me sens vraiment vivante.  bisous, chloé|très chier journal, en ce jour, me nomme-je chloé, et en trépassant deçà delà entre deux voyages, cognois combien la technologie a deversé ma manière de pérégriner. jadis, me fiais-je aux cartes de papier et aux conseils des gens du lieu, mais ores, avec mon engin à la main, chascune destination s'ouvre à moy soudainement. toutefois, en dépit de la facilité qu'elle m'octroie, m'efforce-je de me ressouvenir de lever les yeux de ceste fenestre lumineuse, car nulle chose ne supplée la merveille d'un soleil couchant veu de ses propres yeulx. la technologie embellit mes voyages, mais c'est en les moments dépourveus de telles artifices que je me ressens vraiment vive.  baisers, chloé
je m'appelle antoine leclerc, et le souvenir qui m'habite encore aujourd'hui est celui de ma grand-mère préparant son fameux pot-au-feu, un symphonie de saveurs qui dansaient dans sa vieille marmite en cuivre. c'est cette scène qui a éveillé en moi la passion pour la cuisine, ce désir insatiable de perfectionner chaque plat jusqu'à ce que chaque bouchée raconte une histoire. aujourd'hui, dans ma propre cuisine, chaque assiette est une toile où je m'efforce de capturer cette émotion pure et authentique, avec la rigueur et la précision d'un maestro.|je me nomme anthoine leclerc, et la souvenance qui me hante encore à ce jour est celle de ma bonne dame aïeule appareillant son renommé pot-au-feu, une symphonie de saveurs qui dansoient en sa vieille marmite de cuivre. ceste scène esmeut en moy la passion pour la cuisine, ce désir insatiable de parfaire chascun plat jusques à ce que chascune bouchée raconte une histoire. en ce jour, en ma propre cuisine, chascun plat est une toile où je m’efforce de capturer ceste émotion pure et authentique, avec la rigueur et la précision d’un maistre.
"ok, alors voilà. tu sais, je m'appelle lola et franchement, le boulot de mon père, c'est un truc de dingue. un jour, il m'a emmenée avec lui sur son chantier, et même si ça me saoulait grave au début, j'ai vu à quel point il bosse dur. il était là, sous la pluie, à jongler avec des outils et des trucs bizarres, et je me suis dit : ""wow, en fait, mon père, c'est un héros."""|"oïl, or escoute donques. tu sçais, je m'appelle lola et par ma foy, le mestier de mon père, c'est une besoigne moult estrange. un jour, il me mena avec luy sur son chantier, et mesmement se cela me desplaisoit moult au commencement, je vis combien il traveille durement. il estoit là, soubz la pluye, à manier des outils et moult aultres choses estranges, et je me disoye : ""par ma foy, mon père, c'est un preux."""
salut la team !  aujourd'hui, j'ai rencontré quelqu'un qui partage ma passion pour le trail running, et ça a été une vraie bouffée d'oxygène. ‍ on a échangé sur nos parcours, nos défis, et c'est fou comme ça booste la motivation de se sentir compris. c'est dans ces moments-là que je réalise à quel point le sport crée des liens puissants.  #passioncommune #neverstoprunning|salutz à la compaignie !  en ce jour, j'ay rencontré quelqu'un qui partage ma passion pour la course de sentier, et ce fut une véritable bouffée d'air pur. ‍ nous avons devisé de noz chemins et noz défis, et c'est merveille comment cela esproume la volonté de se sentir entendu. en ces instants-là, je m'avise combien le sport forge des liens puissants.  #passioncommune #jamaiscesserdecourir
cher journal, aujourd'hui, il a plu non-stop, mais franchement, ça ne m'a pas trop dérangée. j'ai passé l'après-midi à jouer de la guitare dans ma chambre, à fond dans mon monde, loin de tout. les éclairs dehors avaient presque l'air d'applaudir mes solos. franchement, qui a besoin de soleil quand on a autant de vibes rock ? - lexie|chier journal, en ce jour, il a plue sans cesse, mais veritablement, cela ne m'a guères incommodée. j'ay passé l'après-dinée à jouër de la guiterne en ma chambre, tout plongée en mon monde, loing de tout. les esclairs dehors sembloient presque aplaudir mes solaus. vrayement, qui a besoing de soleil quant on a tant de vigueurs de roch ? - lexie
salut, moi c'est léa, et j'ai juste besoin de te raconter un truc. l'autre jour, il pleuvait des cordes et ça m'a foutu le cafard de ouf, comme si le ciel pleurait avec moi. j'ai traîné toute la journée en regardant les gouttes glisser sur la fenêtre, me disant que peut-être, la météo comprenait mieux mes humeurs que les gens autour de moi. bref, c'était l'un de ces jours où j'avais l'impression que même le soleil m'avait lâchée.|salut, moy est léa, et ay juste mestier de te raconter une chose. l'autre jour, il pleuvoir moult fort et cela m'a mis en grande tristesse, comme se le ciel pleurast avec moy. ay trainé toute la journee en regardant les gouttes glisser sur la vitre, me disant que peut-estre, le temps comprenoit mieulx mes humeurs que les gens entour moy. bref, ce fu l'un de ces jours où j'avoye la semblance que mesme le soleil m'avoit laissée.
salut sam, j'espère que tu vas bien. la vie ici, c'est toujours la même routine : les cours, le foot avec les potes et les longues soirées à discuter au square. parfois, je me demande ce que ça ferait de bouger ailleurs, mais pour l'instant, je kiffe ma petite vie ici. à plus, lucas|salutation sam, j'espere que tu te portes bien. la vie céans, c'est tousjours la mesme routine : les leçons, le jeu de paume avec les compaignons et les longues vesprées à deviser en la place. parfois, je me demande quele chose ce serait de muer ailleurs, mais pour l'instant, je me plaist en ma petite vie céans. à tantôt, lucas
salut, moi c'est maxime. parfois, je me demande ce que ça devait être de vivre sans tout ce bazar technologique. maman me raconte des histoires de quand elle était petite et qu'ils n'avaient même pas d'internet à la maison. ça me fait rêver un peu, comme si c'était un monde où les gens devaient s'inventer des jeux avec juste leur imagination et quelques bâtons. peut-être que c'était plus magique, en fait.|salut, moy c'est maxime. parfois, je me demande ce que ce devoit estre de vivre sans tout ce bazar technologique. ma mere me raconte des histoires de quand elle estoit petite et qu'ils n'avoient mesmes point d'internet à la maison. cela me fait resver un peu, comme si c'estoit ung monde où les gens devoient s'inventer des jeux avec juste leur imagination et aucuns bastons. peut-estre que ce estoit plus magique, en fait.
salut, moi c'est clara, une étudiante en art de 22 ans, passionnée par l'exploration des émotions à travers mes pinceaux. chaque coup de couleur sur la toile est comme une danse entre mes sentiments les plus profonds et la liberté d'expression. parfois, mes émotions ressemblent à une tempête furieuse, d'autres fois à un murmure doux, mais elles sont toujours sincères, et c'est ça, la beauté de l'art. |salut, moy est nommée clara, une estudiant en art de vingt et deux ans, passionnée par l'exploration des emotions par mes pinceaulx. chascun coup de couleur sur la toile est tel une dance entre mes sentimens plus profondz et la liberté d'expression. parfoys, mes passions ressemblent à une tempeste furieuse, autresfois à un murmure doulx, mais elles sont touzjours sincères, et c'est là, la beauté de l'art. 
je m'appelle léa, et je suis en première. aujourd'hui, j'ai eu une rencontre qui a fait battre mon cœur un peu plus vite que d'habitude. pendant le cours de maths, j'ai remarqué qu'alex, le garçon qui s'assoit près de la fenêtre, m'a souri quand j'ai répondu à une question. c'était peut-être rien, juste un sourire, mais pour moi, c'était comme si le soleil avait décidé de briller un peu plus fort dans notre salle de classe.|je me nomme léa, et suis en la première. en ce jour, eusse une rencontre qui moult fist batre mon cueur plus viste que de coustume. pendant la leçon de mathématiques, apperceus que alex, le jeune homme qui siège près de la fenestre, me sourit quant je respondais à une question. ce fust peut-estre rien, fors un sourire, mais pour moy, ce fust comme si le soleil eut décidé de resplendir un peu plus ardemment en nostre salle de leçon.
je m'appelle lucas moreau, et j'ai toujours cru que les voyages étaient les meilleurs entraîneurs de l'âme. lors d'un matin brumeux à tokyo, en faisant mon jogging quotidien le long de la rivière sumida, j'ai ressenti une clarté intérieure rare, celle qui naît du rythme régulier de mes pas et des murmures de la ville éveillée. ce moment m'a rappelé que, tout comme dans le sport, la constance et l'ouverture à l'inconnu peuvent transformer la vie quotidienne en une aventure extraordinaire.|je me nomme lucas moreau, et j'ay tousjours creu que les voyages estoient les meillors maistres de l'âme. lors d'une matinée brumeuse à tokyo, en faisant mon jogging quotidien le long de la rivière sumida, je ressentis une clarté intérieure rare, celle qui naist du rythme régulier de mes pas et des murmures de la cité éveillée. ce moment me souvint que, tout comme en l'esport, la constance et l'ouverture à l'inconnu peuvent tramsformer la vie quotidienne en une aventure extraordinaire.
"cher paul, je me suis assis devant ce drôle de machin qu'ils appellent ""ordinateur"" pour te parler du malentendu qui nous a séparés. je tiens à te dire, du fond de mon vieux cœur, combien je regrette cette dispute. la vie est trop courte, mon ami, pour rester fâchés. reviens prendre un café à la maison, comme au bon vieux temps. affectueusement, henri"|"cher paul, me suis assis devant ce curieux engin qu'ils nomment ""ordinateur"" pour te deviser du malentendu qui nous a divisés. je désire te dire, du fond de mon vieil cœur, combien je déplore cette querelle. la vie est trop brève, mon ami, pour demeurer en courroux. reviens prendre un café à la maison, comme au bon vieux temps. affectueusement, henri"
"ah, mes chers petits, laissez-moi vous raconter une de mes mésaventures d'internet. je m'appelle maurice, j'ai 72 ans et je viens de découvrir ce fameux ""face de bouc"". alors que je tentais de retrouver un vieux copain d'armée, j’ai par mégarde envoyé un message enflammé à une certaine marguerite, persuadé qu'il s'agissait de marcel. elle m’a répondu en riant qu’elle n’avait jamais reçu une aussi belle déclaration... de la part d’un inconnu! ah, les joies de la technologie!"|"ah, mes chers petiz, laissez moy vous conter une de mes mésadventures d'ynternet. je me nomme maurice, ayans 72 ans et viens de descouvrir ce renommé ""face de bouc"". tandis que je m'efforçoye de retrouver un vieil compaing d'arme, par mesprison envoyay un message enflammé à une certaine marguerite, cuydant qu'il fût adressé à marcel. elle m’a respondu en riant qu’elle n’avoit jamais receu si belle déclaration... de la part d’un incognu! ah, les joyes de la technologie!"
hier soir, c'était l'anniversaire de clara, et bien sûr, toute la classe était invitée. je me tenais un peu en retrait, observant les décorations scintillantes et les rires qui emplissaient la pièce. c'est tellement fascinant de voir comment thomas, avec sa passion pour la musique, a réussi à transformer une simple fête en véritable concert improvisé. j'admire sa façon de captiver tout le monde, même si, de mon coin, je préfère simplement savourer chaque note.|hier au vespre, ce feut l’anniversaire de clara, et bien seür, toute la classe feut conviée. je me tenoye un peu à l’écart, contemplant les ornemens luisans et les risées qui emplissoient la chambre. ce est moult esbahissant de veoir comment thomas, avec sa passion pour la musique, a sçu transmuer une simple fête en vray concert impromptu. j’aymeroye sa manière de captiver toute la gent, mesmement si, de mon estandue, je préfère seulement savourer chascune note.
salut les amis !  c'est jade, et laissez-moi vous raconter ma dernière aventure high-tech qui a totalement révolutionné mes moments de détente. imaginez-moi, confortablement installée dans mon canapé, lunettes de réalité virtuelle vissées sur le nez, en train de voyager à travers les paysages époustouflants de l'islande sans quitter mon salon !  et tout ça, pendant que mon compagnon à quatre pattes, pixel, essaie de comprendre pourquoi je tends les bras dans le vide.  la technologie, c'est vraiment magique pour injecter une dose de fun dans nos routines, vous ne trouvez pas ? |saluz, mes amis !  c'est jade, et laissez-moy vous raconter ma dernière aventure de haulte technologie qui a tout aultrement révolutionné mes heures de délassement. faictes compte de moy, bien à l'aise en mon siège, les lunettes de réalité virtuelle bien attachées sur mon nez, en train de vagabonder à travers les merveilleux paysages d'islande sans mouvoir de ma salle !  et tout ceci, pendant que mon compagnon à quatre pattes, pixel, s'efforce de comprendre pourquoy je tends les bras au néant.  la technologie, c'est vraiment enchantée pour mettre ung grain de joyeuseté en nos routines, ne trouvez-vous pas ? 
salut, c'est marc. écoute, aujourd'hui on a encore pris le bus pour l'école, et je dois dire que c'est une sacrée aventure chaque matin. entre le sac à dos de léa qui déborde et tom qui veut toujours s'asseoir à la même place, on commence à avoir nos petites habitudes. j'apprécie vraiment ces moments, même si c'est un peu le chaos, parce que c'est dans ces instants-là qu'on construit nos souvenirs. allez, à ce soir pour le dîner!|saluz, c’est marc. escoute, aujourd’hui avons encore prins le chariot pour aller à l’escolle, et je doy dire que c’est une belle adventure chascun matin. parmi le sac à dos de léa qui deborde et tom qui veult tousjours s’asseoir en la mesme place, commençons à avoir noz petiz usaiges. moult j’apprécie ces momens, mesmement se c’est ung tant soit peu le chaos, car c’est en ces instans que construysons noz souvenances. or sus, à ce soir pour le disner !
je m'appelle léa, et chaque matin, où que je sois dans le monde, je me prépare un café avec ma petite cafetière italienne que j'emporte partout dans mon sac à dos. ce rituel me rappelle les douces matinées chez moi, quand l'arôme du café envahissait la cuisine et que je rêvais d'aventures lointaines. assise sur un rocher au bord d'un lac en patagonie ou sur le balcon d'une auberge en grèce, cette simple habitude me recentre et me rappelle que, malgré la distance, je ne suis jamais vraiment loin de chez moi.|je me nomme léa, et chascun matin, où que je soye en ce monde, je me prépare ung café avec ma petite cafetière italienne que j'emporte partout en mon sac à dos. ce rituel me ressouvenance les doulces matinées en ma maison, quand l'arome du café emplissoit la cuisine et que je songeois à aventures lointaines. assise sur ung rocher au bort d'un lac en patagonie ou sur le balcon d'une auberge en grèce, ceste simple coustume me recentre et me ressouvenance que, malgré la distance, je ne suis jamais vrayement loing de chez moy.
salut, c'est sandrine ! oh là là, tu ne vas pas croire à quel point la technologie me sauve la mise pour les repas ! entre les applis qui me proposent des recettes ultra rapides et le robot cuiseur qui fait mijoter pendant que je gère les devoirs des enfants, c'est devenu un vrai jeu d'enfant. franchement, qui aurait cru qu'on pourrait être aussi efficaces tout en mettant de bons petits plats sur la table chaque soir ?!|saluz, c'est sandrine ! oh là là, tu ne croiras mie combien la technologie me sauve la mise pour les repas ! entre les applicacions qui me proposent des recettes moult prestes et le rouet cuiseur qui fait bouillir tandis que je fais les devoirs des enffans, c'est devenu un vrai jeu d'enffant. vraiement, qui eust creu que l'on pourroit estre aussi efficaces tout en mettant de bons petiz plats sur la table chascun soyr ?!
bonjour mes petits choux, ici mamie josy ! ah, la météo, quel sujet fascinant ! vous savez, avec ces changements climatiques, je n'ai jamais vu un mois de novembre aussi doux. c'est parfait pour continuer mes séances de yoga en plein air. rien de tel qu'une salutation au soleil sous un ciel bleu pour maintenir cette mamie en forme et branchée !|certes, mes petiz choux, cy est mamye josy ! o, la météo, quel suget facinant ! vous sçavez, avec ces changemens climatiques, je n'ay oncques veu un mois de novembre si doulx. c'est parfait pour continuer mes séances de yoga en plein air. rien ne vault une salutation au soleil soubz un ciel bleu pour maintenir ceste mamye en forme et branchée !
salut, je m'appelle lucas. un jour, pendant les vacances d'été, ma grand-mère m'a appris à faire le gratin de pâtes dans sa cuisine qui sentait toujours le gâteau au chocolat et le savon de marseille. on riait tellement en mélangeant tout que quand on a enfin goûté, c'était comme si chaque bouchée racontait une histoire. depuis, chaque fois que je mange du gratin, je me rappelle de ce jour où la cuisine est devenue mon endroit préféré au monde.|salut, je me nomme lucas. un jour, lors des vacances d’esté, ma bonne-dame m’enseigna l’art de faire le gratin de pâtes en sa cuisine qui toujours flairait le gâteau de chocolat et le savon de marseille. on se gaussait tant en tout meslant que, quand enfin nous goûtâmes, il sembloit que chascune bouchée contoit une histoire. depuis lors, chascun temps que je mange du gratin, je me ressouviens de ce jour où la cuisine devint mon lieu favori en ce monde.
ah, mes chers enfants, il y a des jours où je repense à nos vieux dimanches en famille, autour de la grande table en bois que votre grand-mère adorait tant. vous vous souvenez, quand vos rires résonnaient dans toute la maison et que le soleil perçait à travers les rideaux, illuminant vos visages pleins de joie? ces moments-là, voyez-vous, sont comme des trésors que je garde précieusement dans la mémoire de mon cœur, car ils sont la véritable essence de la vie. je me dis souvent, en regardant par la fenêtre, que peu importe les années qui passent, l'amour d'une famille est le plus beau des héritages.|ah, mes chers enfans, il y a des jours où je repense à noz vieulx dimenches en famille, entour de la grant table en bois que vostre grant-mère amoit tant. vous vous souvenez, quant voz ris resonoient en toute la maison et que le soleil perçoit à travers les courtines, alumant voz visages plains de joie? ces moments-là, veez-vous, sont comme des trésors que je garde précieusement en la mémoire de mon cœur, car ilz sont la véritable essence de la vie. je me dis souvent, en regardant par la fenestre, que peu importent les années qui passent, l'amour d'une famille est le plus bel héritage.
"nom : marc durand ""parfois, en regardant les vieux albums photo, je me surprends à sourire en repensant aux dimanches matin paresseux passés à préparer des pancakes avec les enfants. la maison résonnait de rires et même si le sirop collait toujours à la table, c'était notre petit chaos organisé. chaque instant passé avec eux me rappelle que le véritable luxe réside dans ces souvenirs partagés. #souvenirsprécieux #papasolo"""|nom : marc durand « par fois, en regardant les vieulx liures de paintures, je me surprens à souhaysier en repensant aux dimenches matin paresseux passez à apprester des eschaudés avec les enfans. la maison resonnast de ris et mesmes se le sirop colloit tousjours à la table, c'estoit nostre petit chaos ordonné. chascun moment passé avec eulx me remembre que le vray luxe gist en ces souvenances partagées. #souvenancesprecieuses #pereseul »
salut, c'est chloé, une étudiante en art de 22 ans avec une irrésistible envie d'explorer le monde. pour moi, voyager n'est pas juste une question de destination, c'est une aventure qui commence dès que je mets un pied dans un train ou que je grimpe à bord d'un bus. chaque trajet est une toile vierge, remplie de rencontres inattendues et de paysages qui défilent comme des coups de pinceau rapides sur une toile. le transport, c'est mon atelier mobile, où chaque déplacement devient une source d'inspiration pour mes prochaines œuvres.|saluz, c'est chloé, une scolarisse en ars de vint et deux ans, avec une irrésistible envie d'explourer le monde. pour moy, voyager n'est mie seule question de destination, c'est une aventure qui commence tantost que je mets pié en un train ou que je montoye à bord d'un bus. chascun chemin est une toile vuide, emplie de rencontres inattendues et de paysages qui passent comme des coups de pinceau hastifs sur une toile. le transport, c'est mon atelier mouvant, où chascun dépalcement devient source d'inspiration pour mes prochaines œuvres.
bonjour, je m'appelle léa et j'ai 12 ans. quand je pense aux voyages, je me demande toujours comment ça serait de dormir dans des endroits différents, comme des hôtels super grands ou même dans une tente au milieu de la nature. c'est un peu magique de penser qu'on peut s'endormir dans une ville et se réveiller dans une autre, avec des gens qui parlent une langue différente et mangent des trucs bizarres mais sûrement délicieux. un jour, j'aimerais faire le tour du monde et avoir plein d'histoires à raconter sur tous les endroits où j'aurais dormi !|bon jour, je me nomme léa et ay douze ans. quant je pense aux voyages, je me demande tousjours comment ce seroit de dormir en lieux divers, comme en hostels moult grands ou mesmes en une tente au milieu de la nature. c'est ung peu magique de penser qu'on puist s'endormir en une cité et se réveiller en une aultre, avec gens qui parlent une langue diverse et mengent choses estranges mais sans doubte délicieuses. un jour, je vouldroye faire le tour du monde et avoir maintes histoires à raconter de tous les lieux où j'auroye dormy !
ma chère élodie, tu sais, même avec tous mes gadgets dernier cri, rien ne remplace le doux frisson de te lire et de sentir ton cœur battant à travers tes mots. parfois, je me surprends à sourire en pensant à nos fous rires partagés, comme une playlist de souvenirs qui réchauffe l'âme. n'oublie jamais, ma petite étoile, que ma tendresse pour toi est indéfectible, aussi lumineuse qu'un écran d'ordinateur tout juste nettoyé ! tendrement, mamie joëlle|"""ma chiere élodie, tu sçais, mesmes avec tous mes engins de dernier cri, rien ne supplée au doulx frisson de te lire et de sentir ton cœur battant par tes mots. parfoys, je me surprens à sourire en pensant à nos esbats partagés, comme une liste de souvenances qui réchauffe l'âme. n'oublie jamais, ma petite estoile, que ma tendresse pour toy est indéfectible, aussi lumineuse qu'un escriptorial tout nouvellement nettoyé ! tendrement, mamye joëlle"""
chers amis de la quiétude et des lettres, ici madeleine dubois, votre humble bibliothécaire. en feuilletant les pages silencieuses de nos trésors littéraires, j'ai souvent réfléchi à ma propre habitude de noter chaque matin un extrait qui me touche, un rituel devenu essentiel à mon équilibre émotionnel. chaque phrase choisie résonne comme une douce mélodie, apaisant les tumultes de l'âme et m'offrant une perspective réconfortante sur le monde. je vous encourage à trouver votre propre rituel intime, celui qui saura nourrir votre esprit et réchauffer votre cœur.|chiers amis de la quietude et des lettres, icy madeleine dubois, vostre humble bibliotecaire. en feuilletant les pages silencieuses de noz tresors littéraires, souvent ay-je pensé à ma propre coustume de noter chascun matin ung extrait qui me touche, ung rituel devenu essentiel à mon équilibre emotionnel. chascune frase eslue resonne comme une doulce melodie, apaisant les tumultes de l'ame et m'offrant une perspective reconfortante sur le monde. je vous encourage à trouver vostre propre rituel intime, celluy qui saura nourrir vostre esperit et rechauffer vostre cueur.
je me souviens encore de ce matin gris dans le métro parisien, où les visages fatigués des voyageurs formaient une toile anonyme. c'est là que j'ai croisé luc, un sculpteur aux mains tachées de plâtre, qui m'a parlé de son atelier sous les toits de montmartre. nos échanges passionnés sur la lumière et la forme ont illuminé ce trajet pourtant terne et ont laissé une empreinte indélébile dans mon cœur d'artiste en devenir.|je me souvien encore de ce matin gris en le métro parisien, où les visages fatigués des voyageurs formoient une toile anonyme. c'est là que je rencontray luc, un sculpteur aux mains tachées de plâtre, qui me racontât de son estude soubz les toits de montmartre. nos échanges passionnés sur la lumière et la forme illuminèrent ce trajet pourtant ternoy et laissèrent une empreinte indélébile en mon cœur d'artiste en devenir.
salut, c’est jacques. tu sais, je mets mon âme dans chaque plat que je prépare, chaque repas est une symphonie d'ingrédients choisis avec soin. la dernière fois, notre désaccord a laissé un goût amer, bien plus que n’importe quelle erreur culinaire possible. j'espère qu'on pourra se retrouver autour d'une table, apaiser nos tensions et savourer ensemble ce qui nous lie réellement.|salut, c'est jacques. tu scès, je metz mon âme en chascun plat que je prépare, chascun repas est une symphonie d'ingrédiens eslis avec soing. la derrenière fois, nostre désacort a laissé ung gouste amer, bien plus que nulle erreür culinaire possible. j'espere qu'on pourra se retrouver entour d'une table, appaiser nos tensions et savourer ensemble ce qui nous lie réellement.
je m'appelle lucas, et j'ai toujours cru que discipline et persévérance étaient les clés du succès, que ce soit sur le terrain ou dans les études. l'autre jour, une dispute a éclaté avec mon coéquipier julien, qui ne comprenait pas pourquoi je passais mes soirées à réviser après l'entraînement. il disait que je perdais mon temps, mais pour moi, réussir mes études est aussi important que marquer des buts. finalement, cette petite confrontation m'a motivé encore plus à prouver qu'on peut exceller dans les deux domaines avec une bonne dose de discipline.|je me nomme lucas, et ay tousjours creu que discipline et persévérance estoient les clefs du succès, que ce fust sur le champ ou ès études. l'autre jour, une querelle s'esleva avec mon compagnon julien, lequel ne comprenoit pas pourquoy je passoie mes vesprées à estudier aprés l'exercice. il disoit que je gastoie mon temps, mais pour moy, réüssir mes études est aussi important que de marquer des buts. finalement, ceste petite confrontation m'a motivé encore plus à prouver qu'on peut exceller ès deux domaines avec bonne mesure de discipline.
bonjour à tous, ici marcel, votre papi de 75 ans. ce matin, en regardant par la fenêtre, j'ai remarqué que le ciel était aussi gris que les cheveux de ma chère jeanne. en sortant pour ma promenade quotidienne, un doux crachin m'a rappelé notre première rencontre, lorsque nous nous sommes abrités sous un chêne, partageant un parapluie et nos rêves d'avenir. ah, les caprices du temps ont ce pouvoir magique de nous ramener en arrière, et je suis reconnaissant pour ces précieux souvenirs.|bien le bon jour à vous tous, céans marcel, vostre bon père de trois-vingt et quinze ans. ce matin, en esgardant par la fenestre, j'ay apperceu que le ciel estoit aussi gris que les cheveulx de ma chiere jeanne. en issant pour ma promenade journalière, ung doulx crachin m'a recordé nostre première rencontre, lorsque nous nous fusmes abritez soubz ung chesne, partageant ung parapluie et noz songes d'avenir. ah, les caprices du temps ont ce pouvoir magique de nous ramener en arrière, et je suis très content de ces précieux souvenirs.
je m'appelle julien morel, et chaque matin, quand je lace mes chaussures de course, je ressens un tourbillon d'émotions qui me rappelle pourquoi je m'entraîne si dur. la discipline n'est pas seulement une habitude pour moi; c'est une seconde nature, un pilier qui me soutient lorsque le mental vacille. chaque foulée, chaque souffle est un rappel que la persévérance forge le caractère et que la rigueur quotidienne transcende la fatigue et le doute. je cours non seulement pour la victoire, mais pour le voyage intérieur qui façonne l'athlète et l'homme que je suis.|je me nomme julien morel, et chascun matin, quand je lace mes soliers de course, je ressens un tourbillon d'émotions qui me remembre pourquoy je m'entraîne si durement. la discipline n'est mie seulement une coustume pour moy; elle est une seconde nature, un pillier qui me soustient lorsque l'esprit chancelle. chascune foulée, chascun souffle est un remembrement que la persévérance forge le caractère et que la rigueur journalière surmonte la fatigue et le doubtement. je cours non seulement pour la victoire, mais pour le cheminement intérieur qui façonne l'athlète et l'homme que je suys.
yo, c'est samir. t'imagines, j'suis à la gare, tranquille, en train d'attendre le rer pour rentrer chez moi. y a cette meuf qui débarque, elle a l'air paumée, elle me demande son chemin. j'lui explique, style trop confiant, et là, elle éclate de rire en m'disant qu'elle habite à deux stations d'ici depuis cinq ans. la honte, mais au moins, j'ai appris que l'amour propre, ça prend aussi le rer.|oyez, c'est samir. t'imagines, je suis à la gare, paisible, attendant le rer pour retourner en ma demeure. il advint qu'une damoiselle survint, semblant égarée, et me quist son chemin. je luy expliquai, avec moult assurance, et lors, elle s'esclaffa en me disant qu’elle réside à deux stations d’icy depuis cinq ans. la honte, mais au moins, j’ai appris que l’amour-propre prend aussi le rer.
salut tout le monde, c'est lucas, l'étudiant en médecine qui pensait avoir tout vu... jusqu'à ce que je doive prendre le bus déguisé en stéthoscope géant pour arriver à la fête d'halloween de la fac.  spoiler alert : essayer de valider mes semestres tout en expliquant à un chauffeur perplexe pourquoi je suis habillé comme le gadget préféré du dr house est un défi que même le plus ambitieux des médecins ne peut prévoir. 🩺 si jamais vous me cherchez au bar, je serai celui qui essaie de prescrire un cocktail plutôt que de le commander. ‍ #médecine #transportdel'absurdistan #fêtedesinternes|salut à tous, c'est lucas, l'estudiant en médecine qui cuidoit avoir tout veu... jusqu'à cecy que je doyve prendre le char déguisé en stéthoscope géant pour parvenir à la feste d'halloween de l'université.  annonce : essayer de valider mes semestres tout en expliquant à un cocher ébahi pourquoy je suis vestu comme le gadget préféré du maistre house est une entreprise que mesmes le plus hardi des médecins ne peut prévoir. 🩺 si oncques vous me cherchez au taverne, je seray cellui qui essaye de prescrire une breuvage plustost que de le commander. ‍ #médecine #transportdel'absurdistan #festedesinternes
"bonjour, c'est gérard. je voulais vous partager mon émerveillement, car je viens de découvrir une nouvelle habitude grâce à ce qu'on appelle ""internet"". chaque matin, après mon café, je prends plaisir à explorer ces vidéos de cuisine du monde entier. c'est incroyable comme la technologie peut nous ouvrir tant de fenêtres sur le monde depuis le confort de notre salon."|"bon jour, c'est gérard. je vouloye vous faire part de mon émerveillement, car je viens de descouvrir une nouvelle coustume par ce que l'on nomme ""internet"". chascun matin, après mon café, je me délecte à explorer ces vidéos de cuisine de par tout le monde. c'est mervaillable combien la technologie nous sçait ouvrir tant de fenestres sur le monde depuis le confort de nostre salon."
yo, c'est samir. tu sais, y a des jours où je repense aux étés passés dans notre cité. le soleil tapait fort, et on traînait dehors jusqu'à tard, à rigoler et jouer au foot sur le bitume encore chaud. maintenant, quand je vois la pluie tomber à travers ma fenêtre, j'peux pas m'empêcher d'avoir un petit coup de nostalgie.|oyez, c'est samir. tu sçais, il y a des jours où je me resouviens des estéz passéz en nostre cité. le soleil frappoit fort, et nous estions dehors jusques à tart, à rire et jouer à la paume sur le pavé encore chault. maintenant, quand je veois la pluye cheoir à travers ma fenestre, je ne puis m'empescher d'avoir ung petit coup de nostalgie.
salut tout le monde !  c'est léa, votre passionnée de la vie bien remplie. aujourd'hui, j'avais envie de vous parler d'un équilibre qui me tient à cœur : celui entre le travail et les loisirs. en tant qu'influenceuse lifestyle à 25 ans, jongler entre les collaborations, les shootings, et mes moments de détente est un vrai défi ! mais j'ai découvert que ce sont justement ces instants de pause, bien loin des écrans et des deadlines, qui nourrissent ma créativité et ma joie de vivre. prenez soin de vous et n'oubliez pas de vous accorder du temps juste pour vous, même au milieu du tourbillon quotidien.  #worklifebalance #vivezvotrevie|saluz à tous ceulx du monde !  c’est léa, vostre passionnée de la vie bien plaine. en ce jour, désiray-je vous deviser d’un équilibre qui moult me chaut : cellui entre le labeur et les esbattements. en tant qu’influenceuse de vie à 25 ans, jongler entre les collaborations, les portraits, et mes moments de délassement est moult grand labeur ! mais ay-je découvert que ce sont justement ces instants de repos, bien loin des escrans et des délais, qui nourrissent ma créativité et ma liesse. prenez cure de vous et n’obliez mie de vous octroyer du temps à vous seul, mesmes au milieu du tourbillon quotidien.  #labeuresbatequilibre #vivezvostrevie
yo, c’est chloé. tous les matins, j'ai cette habitude de traîner sur le toit du lycée avant les cours. j’aime sentir le vent frais sur mon visage, ça me donne l'impression d'être libre, loin des règles débiles des adultes. mais franchement, ce matin, avec le ciel tout rose, j'ai eu un pincement au cœur en pensant que peut-être, un jour, je devrai arrêter ces escapades.|"je vous prie de noter que le français du xve siècle peut varier selon la région et le contexte. voici une tentative de traduction en vieux français du xve siècle : ""yeo, c’est chloé. chascun matin, ay l’habitude de hanter sur le toit du collège avant les leçons. j’aim sentir le vent frais sur mon visaige, ce me donne l'impression d'estre franche, loing des reigles sottes des adultes. mais par ma foy, ce matin, avec le ciel tout rose, ay senti un pincement au cœur en pensant que peut-estre, ung jour, devrai cesser ces eschappées."""
ah ben dis donc, c’est marcel au téléphone, et j’te raconte, la technologie, c’est un peu comme la météo, on sait jamais trop à quoi s’attendre! l’autre jour, je demande à cette maudite boîte qui parle, là, de me donner la météo, et elle me répond qu’il pleut du wifi avec des orages de mises à jour! à croire qu’ils ont remplacé la grenouille par un robot qui a pris un coup de chaud! enfin bon, je vais ressortir mon parapluie et mon vieux transistor, au moins eux, ils ne bug pas!|ah ben dis donc, c’est marcel au téléphon, et je te raconte, la technologie, c’est un peu comme la météo, on ne sçait jamais trop à quoi s’attendre! l’autre jour, je demanday à ceste maudite boîte qui parle, là, de me donner la météo, et elle me respond qu’il pleut du wifi avec des orages de mises à jour! à croire qu’ils ont remplaçé la grenouille par un robot qui a prins un coup de chault! enfin bon, je vais ressortir mon parapluie et mon vieil transistor, au moins eulx, ils ne buguent pas!
cher journal, aujourd'hui, c'était un de ces jours où t'as l'impression que le temps s'arrête. j'ai croisé samira au parc, et sérieux, son sourire, c'était comme du soleil dans cette grisaille. on a parlé pendant des heures, comme si le monde autour n'existait plus, et j'me suis dit que des moments comme ça, c'est ça la vraie richesse. c'est fou comment une simple rencontre peut chambouler tout ton univers.|chier journal, hui, ce fu l’un de ces jours où l’on a l’impression que le temps s’arreste. j’ai rencontré samira en le parc, et par ma foy, son sourire estoit tel le soleil en ceste grisaille. nous avons devisé moult heures, comme se le monde entour n’estoit plus, et je me suy dit que de tels moments, c’est la vraie richesse. c’est merveilles comment une simple rencontre peut tout vostre univers boulverser.
ah, bonjour mes petits loups ! c'est votre bon vieux marcel qui vous parle. ah, le logement aujourd'hui, quelle époque formidable ! à mon temps, on se plaignait juste des toilettes au fond du jardin, mais maintenant, c'est le portefeuille qu'il faut aller chercher tout au fond pour trouver un toit. enfin, qui aurait cru qu'un jour, un cagibi à paris coûterait l'équivalent de ma première voiture, une belle 2cv ! allez, santé et courage, comme on dit chez nous, c'est dans les vieux pots qu'on fait les meilleures soupes, même si le toit fuit un peu.|ah, saluz mes petiz loups ! c'est vostre bon vieil marcel qui vous parle. ah, le logement de présent, quelle époque merveilleuse ! en mon temps, on se plaignait seulement des latrines au fond du jardin, mais maintenant, c'est la bourse qu'il faut aller querre tout au fond pour trouver un toit. certes, qui eust cru qu'un jour, un petit cellier à paris coûteroit l'équivalent de ma première charrette, une belle 2cv ! allez, à vostre santé et courage, comme on dit chez nous, c'est en vieulx pots que l'on fait les meilleures souppes, mesmes si le toit pluyt un peu.
"salut à tous, ici maxime ""la machine"" durand !  vous savez, pour moi, les repas ne sont pas juste des moments pour se remplir l'estomac, mais de véritables pilules de performance. 🥗 chaque assiette est une stratégie, chaque ingrédient un allié dans ma quête de dépassement. rappelez-vous : bien manger, c'est s'offrir les moyens de ses ambitions ! #eattowin #fuelyourpassion #disciplinedefer"|"saluz à tous, céans maxime ""la machine"" durand !  vous sçavez, pour moy, les repas ne sont mie seulement des instants pour emplir l'estomac, mais de véritables pilules de performance. 🥗 chascune assiette est une estrategerie, chascun ingredient un allyé en ma queste de surpasser. recordez-vous : bien mengier, c'est s'offrir les moyens de ses ambitions ! #mangerpourgaigner #alimentervostrepassion #disciplinedefer"
cher journal, aujourd'hui, entre deux dissections et mille pages de révisions, j'ai découvert un petit café qui fait des croque-monsieur à tomber par terre ! c'était comme une petite pause ensoleillée au milieu de l'orage incessant des études. ces moments culinaires précieux me rappellent pourquoi je me suis lancé dans cette aventure : pour savourer chaque instant, même les plus simples. amicalement, julien.|cher journal, en ce jour, entre deux dissections et mille feuillets de révisions, ay trouvé une petite taverne qui prépare des croque-monsieur à m'émerveiller ! ce fut comme une accalmie ensoleillée en la tempeste continuelle des études. ces instants précieux de la gastronomie me rememorent pourquoy me lançai en ceste aventure : pour savourer chascun instant, mesmes les plus simples. amicalement, julien.
bonjour à tous ! ici jean-claude, fraîchement débarqué sur cette toile magique qu’est internet. figurez-vous que je viens de découvrir des tas de groupes passionnants sur mes vieux (mais toujours fringants) hobbies : la pétanque, le jardinage et même l'accordéon ! qui aurait cru que je pourrais partager mes astuces de jardinage avec des amis de l’autre bout du monde ? quelle époque formidable pour être retraité ! |bon jour à tous ! icy jean-claude, fraîchement arrivé sur ceste toile magique qu’est l’internet. figurez-vous que je viens de découvrir maints groupes passionnants de mes anciens (mais tousjours fringants) passe-temps : la pétanque, le jardinage et mesme l’accordéon ! qui eût creu que je pourrois partager mes astuces de jardinage avec des amis de l’autre bout du monde ? quelle époque merveilleuse pour estre retraité ! 
je m'appelle luna, et je traverse le monde en quête d'horizons nouveaux, mais ce sont mes amis qui sont le véritable ancrage de mon âme. chaque lever de soleil sur une terre inconnue me rappelle les éclats de rire partagés et les silences complices qui, bien que lointains, résonnent en moi comme un doux refrain. dans les ruelles animées de marrakech ou sur les sommets venteux de patagonie, je porte en moi la chaleur de leurs présences, prouvant que l'amitié n'a pas de frontière, juste une profondeur infinie.|je me nomme luna, et je chevauche le monde en quérant nouveaux horizons, mais ce sont mes amis qui sont le véritable ancrage de mon âme. chascun lever de soleil sur une terre incogneue me rappelle les éclats de ris partagés et les silences complices qui, bien que loingtains, résonent en moy comme un doulx refrain. en les ruelles animées de marrakech ou sur les sommaiz venteux de patagonie, je porte en moy la chalour de leurs présences, prouvant que l’amitié n’a nul frontière, seulement une profondeur infinie.
"ah, mes chers petits, laissez-moi vous raconter une histoire. c'était un hiver glacial dans le petit village de mon enfance, saint-clair-sur-l'étangs. je me souviens de ces matins où la neige tombait à gros flocons, et malgré le froid qui mordait nos joues, nous devions marcher jusqu'à l'école avec mon frère jean. notre père, un homme courageux, travaillait aux champs dès l'aube, et je revois encore son sourire bienveillant lorsqu'il nous disait : ""allez, mes enfants, le travail réchauffe le cœur plus que le soleil ne fond la neige."" quelle leçon précieuse que nous avons gardée toute notre vie durant."|"ah, mes chers petiz, laissez-moy vous raconter une histoire. ce fut ung yver glacial en le petit village de mon enfance, saint-clair-sur-l'étangs. je me souviens de ces matins où la neige cheoit à gros floçons, et malgré le froit qui mordoit nos joues, nous devions marcher jusques à l'escole avec mon frère jehan. nostre père, ung homme vaillant, laboroit ès champs dès l'aube, et je revois encore son doulx sourire quant il nous disoit : ""allez, mes enfans, le labeur réchauffe le cœur plus que le soleil ne fond la neige."" quelle précieuse leçon que nous avons gardée toute nostre vie durant."
objet : réflexions sur la technologie et nos émotions chers élèves, en tant que votre professeur, j'ai toujours été fasciné par la manière dont la technologie façonne nos vies et nos cœurs. à travers un écran, nous partageons nos joies et nos peines, mais n'oublions jamais que derrière chaque pixel se cache une émotion bien réelle. continuons d'explorer ensemble ce monde numérique avec curiosité et humanité. avec toute ma passion, monsieur lefevre|objet : réflexions sur la technologie et noz emotions chiers escolliers, en tant que vostre maistre, j'ay tousjours esté esmerveillé par la manière dont la technologie façonne noz vies et noz coeurs. par un escript ou une verrière, nous partageons noz joyes et noz tristesses, mais n'oublions ja que derrière chascun petit point se tapist une émotion bien vraye. continuons d'explorer ensemble cest monde numérique avec curiosité et humanité. avec toute ma passion, messire lefevre
yo, alors, figure-toi que prendre le rer à 7h du matin, c'est devenu ma passion secrète. j'adore jouer au tetris humain pour me faufiler dans le wagon et serrer la main à l'odeur de sueur collective. franchement, qui a besoin d'un abonnement à la salle de sport quand t'as déjà la ligne a pour te muscler les nerfs ? la vie de banlieusard, c'est le top du glamour ! a+, lucas|certes, or sus, saches que monter en la lieue de rer à sept heures du matin est devenue mienne passion secrète. j’ay grand plaisir à jouer au tetris humain pour me glisser en l’enceinte du chariot et rendre hommage à l’odeur de la sueur commune. vraiement, qui besoin a d’un abonnement à la salle de l'exercice quand la ligne a déjà as pour t'endurcir les nerfs ? la vie de ceincturier, c’est le comble du glamour ! adieu, lucas
"salut les amis, c'est clara de ""vivre avec clara""  aujourd'hui, je voulais partager avec vous un petit souvenir doux et nostalgique : mes matinées d'été passées sur le balcon de mon ancienne maison, à siroter lentement un café glacé maison, juste moi et le doux murmure des feuilles. chaque gorgée était comme une pause dans le temps, un moment de pure gratitude entouré des premières lueurs du jour. c'est fou comme des petites habitudes peuvent créer les souvenirs les plus précieux, n'est-ce pas ? "|"salut à vous, mes amis, c'est clara de ""vivre avec clara""  or, je désirois partager avec vous un souvenir doux et nostalgique : mes matinées d'été passées en la galerie de ma vieille maison, à petit trait siroter un café glacé fait en maison, juste moy et le doux murmure des fueilles. chascune gorgée estoit comme une pause en le temps, un moment de pure gratitude entouré des premières lueurs du jour. c'est merveilles comment de petites coustumes peuvent créer les souvenirs les plus précieux, n'est-ce pas ? "
"ah, je me nomme henri, et aujourd'hui, perdu dans ce dédale qu'on appelle ""internet"", je me suis souvenu de cet après-midi d'été 1956, lorsque le vent chaud faisait danser les blés et que je courais dans les champs avec marie, la fille du boulanger. c'était une époque où le temps semblait suspendu, et où un simple regard échangé pouvait allumer des feux d'artifice dans notre jeune cœur. en découvrant tout ce nouveau monde virtuel, je ne peux m'empêcher de ressentir une douce mélancolie pour ces jours simples et vrais, où chaque instant était un trésor que l'on ne pensait jamais perdre. ah, la vie était bien plus palpable sans tous ces écrans lumineux, mais peut-être est-ce simplement moi qui deviens un peu vieil homme dans ce monde moderne."|ah, je me nomme henri, et en ce jour, esgaré en ce labyrinthe qu’on nomme « internet », je me suys recordé de ceste après-midis d’esté 1956, lorsque le vent chault faisoit baller les bledz et que je couroye ès champs avecques marie, la fille du boulengier. c’estoit ung temps où le temps sembloit arresté, et où ung simple regart eschangé povoit allumer feux d’artifice en noz jeunes cuers. en découvrant tout ce nouveaul monde virtuel, je ne me puis empescher de sentir une doulce mélancolie pour ces jours simples et vrays, où chascun instant estoit ung trésor que l’on ne pensoit jamais perdre. ah, la vie estoit bien plus palpable sans tous ces escraiz lumineux, mais peut-estre est-ce simplement moy qui deviens ung peu viel homme en ceste monde moderne.
ah, mes chers enfants, laissez-moi vous raconter un petit bout de ma vie. quand j'étais jeune, j'avais une passion débordante pour la peinture, et chaque semaine, je prenais ce vieux train bringuebalant pour me rendre à l'académie des beaux-arts. assise près de la fenêtre, je voyais le paysage défiler, et c'était comme si chaque arbre, chaque rivière, chaque nuage m'inspirait des couleurs nouvelles à poser sur ma toile. c'était un voyage qui nourrissait mon âme autant que mon art, et aujourd'hui encore, je me surprends à sourire en pensant à ces moments précieux.|ah, mes très chers enfans, laissez-moy vous conter un petit brin de ma vie. quand j'estoie jeune, j'avois une passion debordante pour la painture, et chascune sepmaine, je prenois ce viel train bringuebalant pour me rendre à l'académie des beaux-arts. assise près de la fenestre, je veoye le paysage desfilier, et c'estoit comme si chascun arbre, chascune rivière, chascun nueil m'inspiroit des couleurs nouvelles à poser sur ma toile. c'estoit un voyage qui nourrissoit mon âme autant que mon art, et aujourd'hui encore, je me surprens à sourire en pensant à ces moments précieux.
je m'appelle léa, et je me souviens des midis à la cantine où je me retrouvais souvent seule à ma table préférée, près de la fenêtre. j'observais les autres lycéens, leurs rires bruyants et les discussions passionnées qui flottaient dans l'air, tandis que je savourais en silence mon plat de lasagnes. c'était un moment à part, où je pouvais me perdre dans mes pensées, un peu comme une spectatrice dans un film plein de vie. même si j'étais timide, ces repas étaient pour moi une fenêtre ouverte sur le monde qui m'entourait.|je me nomme léa, et je me souviens des midis en la cantine où souvent je me retrouvoye seule à ma table prisée, près de la fenestre. j'observois les aultres escoliers, leurs rires bruyants et les discussions passionnées qui flottoient en l'air, tandis que je savourois en silence mon plat de lasagnes. c'estoit ung moment à part, où je pouvois me perdre en mes pensées, un peu comme une spectatrice en un film plain de vie. mesmes si j'estoie timide, ces repas estoient pour moy une fenestre ouverte sur le monde qui m'entouroit.
"salut, c'est zoé, la spécialiste des contradictions humaines. alors, imagine, je me suis inscrite à un cours de yoga pour ""trouver la paix intérieure"". tu parles! j'ai fini par m'énerver parce que j'arrivais même pas à toucher mes orteils. franchement, qui aurait cru que respirer zen pouvait déclencher autant de rage? 🤦‍"|"salut, c'est zoé, la maistresse des contradictions humaines. or, imaginez, je me suis escripte à un cours de yoga pour ""trover la paix intérieure"". que nenni! je me suis esmeue de courroux pour ce que ne pouvois mes orteils toucher. vrayment, qui eust creu que respirer en zénitude peust tant de rage esmeuvoir? 🤦‍"
cher journal, aujourd'hui, j'ai eu une journée incroyable qui m'a fait oublier toute la fatigue accumulée de ces semaines d'études intenses. j'ai rencontré emma, une étudiante en arts avec un sourire contagieux, et elle m'a invité à une fête ce soir où j'ai enfin pu décompresser et danser comme si demain n'existait pas. entre deux discussions sur l'anatomie et les œuvres de van gogh, j'ai ressenti une bouffée d'énergie et de joie pure, comme si le stress des examens s'était envolé. peut-être qu'une soirée comme celle-ci est le remède dont j'avais besoin pour revigorer mon esprit épuisé.|chier journal, hui, j'ai eu une journée merveilleuse qui m'a fait oblier toute la lassitude accumulée de ces semaines d'estudes ardentes. j'ai rencontré emma, une estudiant en ars avec un souire contagius, et elle m'a convié à une feste ceste vesprée où j'ai enfin peu descompresser et dancer comme se lendemain n'existoit mie. entre deux parlemens sur l'anatomie et les œuvres de van gogh, j'ai ressenti une bouffée d'energie et de joie pure, comme si le stresse des examens s'estoit envolé. peut-estre qu'une vesprée telle que ceste est le remède que j'avoie mestier pour ravigorer mon esperit fatigué.
cher journal, aujourd'hui, en cours d'histoire, j'ai encore eu cette sensation étrange d'être invisible, comme si mes mots restaient coincés quelque part entre mon cœur et ma bouche. les autres semblent naviguer si aisément dans les discussions, tandis que moi, je préfère observer et écouter. parfois, je me demande si mes pensées feraient vraiment une différence, mais dans le fond, je sais que chaque voix compte, même la plus discrète. peut-être qu'un jour, j'aurai le courage de la faire entendre. amélie|chier journal, hui, en leçon d'istoire, j'ay encore eu ceste sensation estrange d'estre invisible, comme se mes mots demouroient coinciés quelque part entre mon cueur et ma bouche. les aultres semblent naviguer sy aysiement en les discussions, tandis que moy, je préfère observer et escouter. parfois, je me demande se mes pensées feroient vraiment une différence, mais en le fond, je sçay que chascune voix compte, mesmes la plus discrète. peut-estre qu'un jour, j'auray le courage de la faire ouïr. amélie
objet : souvenirs d'une rencontre marquante salut l'équipe, en réfléchissant à notre parcours de sportifs, je repense souvent à cette journée mémorable où, après un entraînement intense, j'ai rencontré jean-louis au stade. ce moment, tout comme nos sessions matinales de musculation, m'a rappelé l'importance de la discipline et de la persévérance. c'est incroyable de voir comment une simple rencontre peut insuffler une motivation nouvelle et renforcer notre détermination à atteindre nos objectifs. à bientôt sur le terrain ! françois|objet : souvenirs d'une rencontre marquante salut à toute la compagnie, en y repensant à nostre cheminement de champions, moult fois je me remémore celle journée mémorable où, après moult labeur et exercice, je fîs la rencontre de jean-louis ès le champ de jeu. ce moment, ainsi que nos assemblées matinales de force, me ressouvinrent l'importance de la discipline et de la persévérance. il est merveilleux de veoir comment une simple rencontre peut inspirer nouvelle vigueur et renforcer nostre détermination pour atteindre nos fins. à tantôt sur le champ de jeu ! françois
cher journal, aujourd'hui, c'est un jour bien particulier pour moi, albert, retraité de 72 ans, qui découvre les merveilles d'internet. j'ai toujours eu une passion pour le cyclisme, ce sport qui m'a fait vibrer depuis mon plus jeune âge, et voilà qu'en surfant sur la toile, j'ai découvert une communauté de passionnés comme moi. c'est incroyable de pouvoir partager nos souvenirs de courses et de sentir cette camaraderie à travers l'écran. qui aurait cru qu'un vieux bonhomme comme moi trouverait une nouvelle jeunesse au coin d'une connexion internet ?|o tres cher journal, hui est ung jour moult singulier pour moy, albert, retraité de l'aage de soixante-douze ans, qui descouvre les merveilles d'internet. j'ay tousjours eu une passion pour le cylisme, ce jeu qui m'a fait vibrer dès mon jeune aage, et voici qu'en naviguant sur la toile, j'ay trouvé une congregation de passionnez comme moy. c'est chose merveilleuse de pouvoir partager noz souvenirs de courses et de sentir ceste camaraderie à travers l'escran. qui eust creu qu'un vieil homme comme moy pourroit trouver une nouvelle jeunesse au coin d'une connexion internet ?
bonjour à tous, ici marcel, l'ancien professeur de maths à la retraite ! je découvre cette drôle de machine qui s'appelle internet, et quel plaisir de pouvoir partager un peu de ma vie quotidienne avec vous. aujourd'hui, j'ai eu la joie de retrouver mes vieux camarades de pétanque pour une partie endiablée au parc, suivie d'un bon café. les amitiés, c'est un peu comme le bon vin, ça se bonifie avec le temps ! à bientôt pour de nouvelles aventures en ligne.|bon jour à tous, céans marcel, l'antien maître de comptes à la retraite ! je découvre ceste estrange machine qui a nom internet, et quel déduit de povoir partager quelque peu de ma vie quotidienne avec vous. hui, j'ay eu la liesse de retrouver mes vieux compaignons de jeu de boule pour une partie endiablée au parc, ensuivie d'un bon café. les amitiés, c'est quelque peu comme le bon vin, ce se bonifie avec le temps ! à tantôt pour de nouvelles aventures en ligne.
salut, c’est sophie ! juste un petit mot pour te dire que malgré le chaos quotidien, je n’abandonne pas ma passion pour la pâtisserie. bon, entre les trajets interminables pour amener les enfants à leurs activités et les courses de dernière minute, ce n’est pas facile. mais tu me connais, rien ne me détend plus qu’une bonne fournée de macarons, même s’il faut la commencer à 22h après la ronde des dodos ! allez, je file, le bus des enfants n’attend pas ! bisous !|salut, c’est sophie ! juste ung petit mot pour te dire que, malgré le chaos quotidien, je n’abandonne point ma passion pour la pâtisserie. bon, entre les trajets interminables pour amener les enfans à leurs activités et les courses de dernière minute, ce n’est point aisé. mais tu me congnois, rien ne me délasse plus qu’une bonne fournée de macarons, mesmes s’il la fault commencer à dix heures du soir après la ronde des dodos ! allez, je m’en voys, le bus des enfans n’attend nullement ! baisers !
je me souviens de cette fête de famille chez mamie, où les murs de la maison semblaient résonner de rires et de conversations animées. les couleurs vives des guirlandes se mariaient parfaitement avec les tableaux accrochés, et je me perdais à rêver devant chaque coup de pinceau. ma tante sophie m'avait demandé de lui dessiner un portrait, et je me sentais si fière, comme si mes toiles pouvaient capturer l'esprit de cette soirée magique. ces moments-là, entourée de chaleur et d'amour, nourrissent mon cœur d'artiste bien plus que n'importe quelle exposition prestigieuse.|je me souvient de ceste feste de famille chez mamye, où les murs de la maison sembloient résonner de ris et de conversations animées. les couleurs vives des guirlandes se marïoient parfaitment avec les tableaux pendus, et je me perdoie à songer devant chascun trait de pinceau. ma tante sophie m'avoit demandé de luy pourtraire un portrait, et je me sentoie si fière, comme si mes toiles pouvoient saisir l'espirit de ceste soirïe magique. ces moments-là, entourée de chalour et d'amour, nourrissent mon cœur d'artiste bien plus que nulle exposition prestigieuse.
yo, c’est lola, et je vais vous dire un truc fou : le travail, c'est pas si naze que ça ! ouais, j'ai bossé cet été au café du coin, et franchement, ça déchire. j'ai rencontré des gens stylés, j'ai appris des trucs de ouf, et en plus, j'ai gagné mon propre fric pour m'acheter des fringues trop cool. alors, ouais, le boulot, c’est pas juste pour les vieux, ça peut être super fun, même quand t’as 16 ans ! |oyé, c’est lola, et je veuil vous dire une chose estranee : le labeur, ce n’est pas si annuyant que ce ! ouy, j’ay besongné ceste esté au tavernier du coin, et par ma foy, cela oncques ne desplait. j’ay rencontré gens de bel atour, j’ay aprins maintes choses nouvelles, et de surcroist, j’ay gaigné mes propres deniers pour m’acheter robes moult belles. donc, ouy, le labeur, ce n’est mie seulement pour les viellards, cela puet estre moult plaisant, mesmes quant on a seize ans ! 
titre : entre deux mondes : la famille, les amis et moi salut à tous, ici lucas, étudiant en médecine chroniquement fatigué. j'émerge enfin après une semaine d'examens interminables et de nuits blanches à la bibliothèque, et je me demande souvent comment je tiendrais sans le soutien indéfectible de ma famille et de mes amis. chaque fois que je suis sur le point de m'effondrer, un simple message de ma sœur ou un café partagé avec un ami cher me rappelle pourquoi je me bats. c'est dans ces moments de connexion que je puise la force de continuer, et franchement, je ne remercierai jamais assez ceux qui me permettent de garder la tête hors de l'eau.|titre : entre deux mondes : la famille, les amis et moi saluz à tous, céans lucas, estudiant en médecine continuelment las. je me sors enfin après une sepmaine d'examens sans fin et de nuiz blanches à la librairie, et souvent me demande comment je tiendroie sans le soutien ferme de ma famille et de mes amis. toutes fois que je suis sur le point de m'abattre, un simple message de ma sœur ou un café partagé avec un ami cher me ressouvenoit de la raison pour laquelle je me bats. c'est en ces moments de connexion que je tire la force de continuer, et vrayment, je ne remercierai jamais assez ceulx qui me permettent de garder la teste hors de l'eaue.
cher journal, aujourd'hui, en dressant un plat aussi raffiné qu'une symphonie, j'ai pensé à ma famille, ce mélange d'ingrédients si divers et pourtant harmonieux. comme dans une recette où chaque saveur a sa place, ils sont l'essence même de mon existence, me rappelant que la perfection réside souvent dans l'imperfection maîtrisée. en tant que chef, je poursuis cette alchimie parfaite, mais c'est auprès d'eux que je trouve le véritable équilibre. amicalement, michel étoilé|cher journal, en ce jour, dressant un plat aussi raffiné qu'une symphonie, ay pensé à ma famille, ce mélange d'ingrédients si divers et pourtant harmonieux. ainsi qu'en une recette où chascune saveur a sa place, ils sont l'essence mesme de mon existence, me remembrant que perfection souvent réside en l'imperfection maistrisée. en tant que chef, je poursuis ceste alchimie parfaite, mais c'est auprès d'eux que je trouve le véritable équilibre. amicalement, michel étoilé
objet : préoccupations concernant le logement et ajustement des habitudes bonjour mme dupont, je m'appelle julien lefèvre, étudiant en troisième année de médecine, et je me permets de vous écrire concernant quelques soucis liés à mon logement actuel. en raison des conditions d'isolation médiocres, j'ai dû m'habituer à étudier dans des cafés bruyants, ce qui a significativement impacté ma concentration et mon repos déjà limité. j'espère sincèrement que nous pourrons trouver une solution pour améliorer cette situation afin de me permettre de me concentrer pleinement sur mes études. cordialement, julien lefèvre|objet : soingz touchant l'habitation et acointance des usages salutations, dame dupont, je suis nommé julien lefèvre, estudiant en la troisième année de médecine, et je me permets de vous escripre touchant quelques ennuis liés à mon logis présent. par cause des conditions d'isolation pauvres, m'est mestier de m'accointer à estudier en tavernes bruyantes, ce qui a fort grevé ma concentration et mon repos ja peu. je m'espere moult que nous pourrons trouver une remède pour amender ceste condition afin que je puisse pleinement me donner à mes estudes. avec révérence, julien lefèvre
hey, c'est lila. tu te souviens de cet été quand on s'est rencontrés sous le vieux pont, juste après le concert ? on s'est dit qu'on changerait le monde, avec nos rêves plein la tête et nos baskets usées. c'était fou comme on se croyait invincibles... j'espère que t'y penses encore parfois.|hé, c'est lila. te souviens-tu de cest esté quant nous nous rencontrames soubz le viel pont, justement après le concert ? nous nous disions que nous changerions le monde, auec noz songes plain la teste et noz solers usés. c'estoit follye combien nous nous cuidions invincibles... espère que tu y penses encore par foys.
"salut, c’est clara, la vagabonde intrépide. je repensais à tous ces petits logements que j'ai appelés ""maison"" le temps d'une nuit ou deux. chaque endroit, du hamac suspendu entre deux palmiers aux auberges bruyantes pleines de vie, a laissé une empreinte indélébile dans mon cœur. c'est fou comme ces lieux temporaires ont forgé mon âme de nomade, tu ne trouves pas ?"|"salutation, c’est clara, la vagabonde intrépide. je me rememoroye à tous ces petiz logements que j’ay nommez ""maison"" le temps d’une nuyt ou deux. chascun lieu, du hamac pendu entre deux palmiers aux hostelleries bruyantes plaines de vie, a laissié une empreinte indélébile en mon cœur. c'est merveillable coment ces lieux temporaires ont forgé mon ame de nomade, ne le trouves tu point ?"
objet : une aventure culinaire et technologique en solo ! salut mes chers amis explorateurs, je viens de vivre une expérience absolument incroyable ici à tokyo ! imaginez un repas où la technologie rencontre la gastronomie : j'ai dîné dans un restaurant où les plats sont préparés par des robots chefs ! c'était fascinant de voir comment chaque plat était assemblé avec une précision mécanique, tout en savourant des saveurs exquises et inédites. j'ai hâte de partager cette expérience avec vous à mon retour ! à bientôt pour de nouvelles aventures culinaires, emma la nomade |objet : aventure culinaire et technologique en solitariété ! salutation, mes chiers amis explorateurs, j'ay lors eu une expérience moult incroyable céans à tokyo ! imaginez ung repas où la technologie vient à se joindre à la gastronomie : je ay soupé en une taverne où les plats sont appareillez par des cuisiniers automates ! c'estoit ung spectacle faschonnant de veoir comment chascun plat estoit assemblé avec une précision mécanique, tout en dégustant des saveurs exquises et inouïes. j'ay grant désir de partager ceste expérience avec vous à mon retour ! à tantost pour nouvelles aventures culinaires, emma la nomade 
salut, c'est maxime. ce matin, j'ai enfilé mes baskets sous un ciel lourd de nuages menaçants, motivé par l'idée d'un bon entraînement sous la pluie. après une heure à affronter les éléments, je suis rentré trempé mais revigoré, prêt à savourer un repas riche en protéines et en couleurs, rempli de légumes grillés et de saumon. ce genre de repas est essentiel pour récupérer et nourrir mon corps, surtout après une session aussi intense. quel que soit le temps, je sais que chaque défi météorologique est une occasion de plus pour me renforcer et apprécier davantage les plaisirs simples comme un bon plat chaud.|salut, c'est maxime. ce matin, j'ay chaussé mes solers dessoubz un ciel lourd de nuez menassantes, esmeu par l'idée d'un bon entraînement soubz la pluye. aprés une houre à affronter les élémens, je suis reentré tout moillé mais réconforté, prest à savourer un repas riche en protéines et en couleurs, emplis de légumes grillés et de saumon. ce genre de repas est essentiel pour recouvrer et nourir mon corps, sur tout aprés une session si intense. quel que soit le temps, je sçay que chascun défi météorologique est une occasion de plus pour me renforcer et apprecier d'avantage les plaisirs simples comme un bon plat chaud.
salut, c'est lucas, le grand explorateur des émotions ! franchement, les émotions, c'est comme des pokémon : t'en as des rares, des bizarres, et parfois tu sais même pas comment les attraper. un jour, t'es super heureux parce que t'as eu une glace, et le lendemain, tu pleures parce qu'elle a fondu. sérieux, qui a inventé les émotions ? c'est un vrai casse-tête !|salutation, c'est lucas, le grand explorateur des émotions ! vrayement, les émotions, ce sont comme des pokémon : tu en as de rares, de estranges, et parfois ne sçais-tu mie comment les attraper. ung jour, es-tu moult joyeux pour ce que tu as eu une glace, et le lendemain, pleures-tu pour ce qu'elle a fondu. par ma foy, qui a inventé les émotions ? c'est un vray cassetête !
cher journal, aujourd'hui, c'était la fête d'anniversaire de clara et, comme d'habitude, je me suis retrouvée en train de courir dans tous les sens. entre le gâteau qui a failli brûler et les ballons que j'ai crevés en les gonflant, j'étais sur le point de perdre la tête. mais voir son sourire radieux entourée de ses amis a effacé toute la fatigue de ma journée. a demain, sophie|chier journal, hui, fu la feste d'aniversarie de clara et, comme à l'ordinaire, me trouvay en train de courir en tous sens. entre le pasté qui par peu ne fu ars et les balons que crevai en les soufflant, estoie prest à perdre la teste. mais veoir son soure risée entourée de ses amys effaça toute la lassitude de ma journée. a demain, sophie
bonjour, je m'appelle maurice et à 75 ans, j'aime toujours autant profiter des petits plaisirs de la vie. chaque dimanche, c'est sacré, je me retrouve autour de la table avec mes enfants et petits-enfants pour déguster un bon pot-au-feu mijoté comme le faisait mamie. et l'après-midi, rien ne vaut une bonne partie de pétanque entre amis au parc, où les rires et taquineries fusent autant que les boules sur le gravier. ah, la belle vie !|bien le bon jour, je me nomme maurice et à l’aage de 75 ans, j’ayme tousjours moult à prendre plaisir des petitz plaisirs de vie. chascun dimanche, c’est chose sacrée, je me tiens entouré de mes enfans et petitz enfans pour savourer ung bon pot-au-feu, cuit à petit feu comme faisoit grand’mère. et en l’après-midy, nulle chose ne vault une bonne partie de pétanque entre compaignons au parc, où les risées et taquineries volent tant que les boules sur le gravier. ah, la belle vie !
cher journal, aujourd'hui, en traversant les rues animées de paris, je me suis senti submergé par une vague d'émotions que j'avais longtemps enfouies sous des montagnes de dossiers et de réunions interminables. le poids des responsabilités pèse lourd sur mes épaules fatiguées, mais c'est dans ces moments de solitude que je réalise combien l'essence même de la vie m'échappe parfois. peut-être est-il temps de redécouvrir ce qui se cache derrière l'apparence du cadre accompli que je projette au monde.|chier journel, hui, en traversant les rues animées de paris, je me sui senti submergé par une vague d'émotions que j'avoie longuement enfouies soubz des montaignes de dossiers et de réunions interminables. le poiz des responsabilités pèse lourd sur mes espaules fatiguées, mais c'est en ces moments de solitude que je m'aperçois combien l'essence de la vie me fuit parfois. peut-être est-il temps de redécouvrir ce qui se cache derrière l'apparence du cadre accompli que je projette au monde.
salut, c'est marie, j'espère que tu vas bien. écoute, je voulais juste te dire que je suis un peu dépassée avec tous ces gadgets technologiques. entre les devoirs en ligne des enfants, les réunions zoom du boulot, et essayer de comprendre comment fonctionne cette fichue tablette, je ne sais plus où donner de la tête ! enfin, si jamais tu as une minute pour m'expliquer comment connecter le wi-fi sans tout faire planter, je suis preneuse. allez, bisous !|saluz, c'est marie, espère que tu te portes bien. escoute, je vouloie juste te dire que suis un peu surpassée par tous ces engins technologiques. entre les taches en ligne des enfans, les assemblées zoom du labour, et essayer de comprendre comment fonctionne cette maudite tablette, je ne sçay plus où donner de la teste ! enfin, se tu as une minute pour m'expliquer comment connecter le wi-fi sans tout faire choir, je suis preneuse. allez, baisers !
cher journal, aujourd'hui, la journée était tellement fantastique que j'aurais presque envie d'en faire un poème épique. j'ai eu la chance inouïe de croiser marc, le garçon le plus incroyable du lycée, qui a réussi l'exploit monumental de me demander l'heure. oui, l'heure, ce détail crucial qui pourrait changer le cours de nos vies. j'imagine déjà nos conversations futures, où il me demandera peut-être... quel temps il fait demain. quelle journée inoubliable! à demain, claire|chiers journal, en ceste journée fut telle merveilleuse que je voudroie presque en forger un poème épique. j'eus la chance inouïe de rencontrer marc, le garçon le plus incroyable du lycée, qui a faict l'exploit monumental de me demander l'heure. ouy, l'heure, ceste chose cruciale qui pourroie bien changer le cours de nos vies. j'imagine déjà nos futures parolles, où il me demandera peut-estre quel temps il fera demain. quelle journée ne sçay-je oublier! à demain, claire
je m'appelle agnès dupont, et je me souviens d'une soirée où je m'étais attardée dans le silence feutré de ma bibliothèque, le regard perdu dans les rayonnages. j'avais découvert un livre ancien sur l'évolution de la technologie, ses pages jaunies dégageant une odeur familière de papier vieilli. en contemplant ces vestiges du passé, j'ai ressenti une étrange mélancolie, réalisant à quel point nos émotions, profondément humaines, se mêlent et s'adaptent aux progrès incessants qui modèlent notre quotidien. pourtant, dans ce monde en perpétuel mouvement, le réconfort de tourner les pages d'un livre restera, pour moi, une émotion intemporelle.|je me nomme agnès dupont, et je me ressouviens d'une vesprée où je m'estois attardée en la silencieuse quiétude de ma librairie, l'œil perdu ès rayons. j'avois trouvé ung livre ancien sur l'évolution de la technologie, ses pages jaunies exhalant une odeur familière de papier vieully. en contemplant ces vestiges du temps passé, je sentis une étrange mélancolie, réalisant combien nos émotions, profondément humaines, se mêlent et s'accommodent aux progrès incessants qui forment nostre quotidien. toutefois, en ce monde en perpétuel mouvement, le récomfort de tourner les fueilles d'un livre demeurera, pour moi, une émotion hors du temps.
je suis marc lemoine, et je me souviens d'un moment où, adolescent, j'ai goûté pour la première fois un soufflé parfaitement levé dans une petite auberge de provence. depuis ce jour mémorable, chaque matin, je commence ma journée en vérifiant méticuleusement la température de mon four, une habitude devenue presque rituelle. cette quête incessante de perfection me rappelle toujours que chaque plat a le potentiel de devenir une œuvre d'art culinaire, à condition d'y mettre passion et précision.|je suis marc lemoine, et me souvient d’un moment où, jeune jouvenceau, je goûtai pour la première foys un soufflé parfaitment levé en une petite hostellerie de provence. depuis ce jour mémorable, chascun matin, je commence ma journée en vérifiant soigneusement la température de mon four, une coustume devenue quasi rituelle. ceste quête incessante de perfection me rapelle tousjours que chascun mets a le pouvoir de devenir une œuvre d’art culinaire, si l’on y met passion et précision.
je m'appelle samir et je me souviens de ce jour où on traînait tard le soir avec mes potes sur le terrain vague près de chez nous. le ciel était rempli d'étoiles, et on parlait de nos rêves, de ce qu'on ferait si on avait les moyens de partir loin d'ici. y avait ce mélange de joie et de tristesse, comme si on savait que ces moments étaient précieux mais qu'ils s'effaceraient trop vite. c'était simple, mais tellement intense, et j'ai senti une chaleur étrange, comme un espoir qui brûlait doucement en moi.|je me nomme samir et me souvient du jour où nous flânions tard le soir avec mes compagnons en l'erre vague près de nostre demeure. le firmament estoit empli d'étoiles, et nous devisâmes de noz songes, de ce que nous ferions se nous avions les moyens de nous éloigner loin d'icy. une mélancolie joyeuse nous envahissoit, comme si nous savions que ces instants estoient précieux mais qu'ils se volatiliseroient trop viste. c'estoit simple, mais moult intense, et je sentis une chaleur étrange, tel un espoir doux qui ardoit en mon sein.
objet : la vie palpitante d'une lycéenne salut ! aujourd'hui, j'ai eu l'immense privilège d'assister à un cours de mathématiques où les équations semblaient se disputer entre elles sur le tableau. quel bonheur de voir des chiffres s'entasser avec tant d'élégance ! et bien sûr, la cantine a encore surpassé toutes mes attentes avec son plat du jour : une mystérieuse purée d'une couleur indéfinissable. que demander de plus pour agrémenter cette vie trépidante ? à bientôt, clara|objet : la vie palpitante d'une escollière salut ! hui, j'ay eu le grant privilège d'assister à une leçon de mathématiques où les équations sembloient se quereller entre elles sur le tableau. quel délice de veoir les chiffres s'amasser avec tant d'élégance ! et bien sûr, la taverne a encore surpassé toutes mes espérances avec son plat du jour : une mystérieuse purée d'une couleur indéfinissable. que demander de plus pour embellir ceste vie trépidante ? adieu, clara
objet : une bouffée d'air frais entre stéthoscopes et sac à dos ! salut clara, j'espère que tu vas bien ! je suis littéralement débordé par les études de médecine ces jours-ci, mais l'idée de notre prochain voyage de randonnée en montagne me donne tellement d'énergie ! j'ai hâte de laisser derrière moi les livres de pathologie pour un moment et de troquer ma blouse blanche contre mes chaussures de sport. allez, on se retrouve bientôt sur les sentiers pour une bonne bouffée d'air frais ! à très vite, alexandre|objet : ung souffle d'air fresche entre stéthoscopes et sac à dos ! salut clara, j'espère que tu te portes bien ! je suis littéralement debordé par les estudes de médecine ces jours, mais l'ydée de nostre prochain voyage de randonnée en montaigne me donne tant d'énérgie ! il me tarde de laissier derrière moy les livres de pathologie pour ung temps et de troquer ma robe blanche contre mes solliers de sport. allons, nous nous retrouverons bientost sur les sentiers pour une bonne bousée d'air fresche ! à très tost, alexandre
"salut, c'est camille, l'étudiante en art qui rêve un peu trop. alors voilà, la météo avait annoncé un week-end radieux, mais bien sûr, c'est le déluge qui s'invite. ironique, n'est-ce pas ? toute ma famille a décidé qu'il était temps pour un ""magnifique"" pique-nique dans le salon. on s'est retrouvés à manger des chips sur un plaid, entourés de parapluies ouverts pour le fun. ah, la joie des prévisions météo... et de la vie de famille !"|"saluz, c'est camille, l'estudière en art qui songe trop. or donc, la météo avoit prédit un week-end radieux, mais bien sûr, c'est le déluge qui s'invite. ironie, n'est-ce pas ? toute ma lignage a décidé qu'il estoit temps pour un ""merveilleux"" pique-nique en la salle. nous nous sommes retrouvés à mengier des eschaudes sur un drap, entourés de parapluies ouverts pour l'esbatement. ah, la joye des prévisions météo... et de la vie de lignage !"
salut mamie, aujourd'hui, je me suis souvenu de la dernière fois où on a fait des crêpes ensemble dans ta cuisine. j'ai encore le goût sucré du chocolat sur les doigts et ça me rend tout heureux et un peu triste en même temps. j'aimerais tellement que le temps s'arrête quand je suis avec toi, comme ça je pourrais rester dans ce moment pour toujours. bisous tout doux, théo|salut ma dame, en ce jour, me suis recordé de la dernière fois que nous feismes des crespes ensemble en vostre cuisine. j'ay encore la saveur douce du chocolat sur les doiz et cela me rend tout joyeux et un petit peu triste en même temps. vouldroye bien que le temps s'arrestast quand je suis avec vous, ainsi pourroye-je demeurer en ce moment à jamais. baisers tous doux, théo
salut tonton jojo, devine quoi ? j'ai lu que les pandas géants vivent en chine, alors maintenant, je veux devenir explorateur de pandas ! imagine-moi en train de voyager à dos de panda, avec un sandwich au beurre de cacahuètes dans une main et mon cahier de dessins dans l'autre. peut-être qu'un jour, je découvrirai même un panda qui aime dessiner autant que moi ! bisous, léo le futur explorateur |salut mon oncle jojo, devine chose ? ay lu que les grans pandas demeurent en la chine, donc ore, veuil je devenir explorateur de pandas ! pense à moy chevauchant un panda, avec un pain de miche au beurre de cacques en une main et mon livre de portraicture en l'autre. peut-estre qu'un jour, descouvriray-je un panda qui aime tant dessiner comme moy ! baisers, léo l'explorateur à venir 
salut, c'est marc, père célibataire et jongleur professionnel entre boulot, études, et sport avec mon fiston, lucas. hier, après une journée bien remplie à l'université où je poursuis mon mba, lucas et moi avons filé au parc pour notre match de foot hebdomadaire. il m'a épaté avec ses dribbles, et en plus, il a réussi à faire ses devoirs en un temps record avant le dîner ! ces moments-là, où l'on conjugue passion et persévérance, me rappellent pourquoi je m'efforce de tout donner chaque jour.|saluz, c'est marc, père célibataire et jongleur de mestier entre labeur, études, et esbatement avec mon filz, lucas. hier, après une journée bien emplie à l'université où je poursuis mon mba, lucas et moy nous en allâmes au parc pour nostre jeu de ballon hebdomadaire. il m'émerveilla avec ses dribbles, et de plus, il parvint à faire ses devoirs en un temps record avant le souper ! ces moments-là, où nous conjuguons passion et persévérance, me remembrent pourquoy je me contrains de tout donner chascun jour.
cher antoine, hier soir, au détour d'une allée du marché, j'ai rencontré une âme aussi passionnée que la flamme qui danse sous ma cocotte en fonte. clémence, avec son regard aiguisé et son palais fin, a parlé des saveurs comme un chef d'orchestre parle de sa symphonie. sa passion m'a rappelé pourquoi je suis dévoué à l'art culinaire, toujours à la recherche de la perfection dans chaque bouchée. avec admiration et un soupçon d'impatience pour notre prochaine rencontre, henri dupont|chier antoine, hier au vespre, en la rencontre d'une allée du marché, rencontray une âme aussi passionnée que la flamme qui dance soubz ma cocotte en fonte. clémence, de son regart aguisié et son palais subtil, parla des saours comme ung chief d'orchestre parle de sa symphonie. sa passion me rappella pourquoy je suy dévocionné à l'art culinaire, tousjours en la ququest de la perfection en chascune bouchée. avec admiration et ung soupçon d'impatience pour notre prochaine rencontre, henri dupont
salut, c'est léa ! aujourd'hui, à l'école, on a parlé des volcans, et ça m'a donné trop envie de voyager ! t'imagines marcher sur un volcan ou même voir de la lave en vrai ? je rêve de partir explorer plein de pays, goûter des plats bizarres et rencontrer des gens qui parlent des langues différentes. la vie est pleine d'aventures, et j'ai hâte de les découvrir toutes !|salutz, c'est léa ! en ceste journée, à l'escole, nous avons devisé des volcans, et cela m'a moult donné envis de cheminer ! que penses-tu de marcher sur ung volcan ou mesmement veoir de la lave en vérité ? je songe à quérir maintes contrées, tastier de plaths estranges et rencontrer gens qui parlent en langages divers. la vie est plaine d'aventures, et j'ay grant désir de les descouvrir toutes !
"salut marc, c’est julien. écoute, je voulais te remercier pour cette ""fantastique"" soirée d’hier. rien de tel qu'une fête où l’on peut discuter des dernières tendances fiscales tout en jonglant avec le bruit assourdissant de la machine à café. vraiment, un pur moment de détente, pile ce qu'il me fallait pour oublier mes 60 heures de boulot par semaine. bon, on se refait ça très vite, hein ?"|"saluz marc, c'est julien. escoute, je vouloye te mercier pour ceste ""fantastique"" vesprée d'hier. rien de tel qu'une feste où l'on puet deviser des dernières nouveautés fiscales tout en jonglant avec le bruit assourdissant de la machine à café. vrayment, un pur moment de délassement, tout ce qu'il me falloit pour oublier mes soixante heures de labeur par sepmaine. bon, nous refaisons cecy moult tost, n'est-ce pas ?"
ah, mes chers enfants, c'est votre mamie jeanne qui vous parle. vous savez, les voyages sont comme des livres que l'on feuillette avec le cœur, chaque page nous apporte une nouvelle aventure et des souvenirs précieux à chérir. quant aux loisirs, ce sont les petites douceurs de la vie, ces moments de détente et de joie partagée qui remplissent notre quotidien de sourires. n'oubliez jamais qu'il suffit d'un pas pour débuter une belle découverte, et que le bonheur se trouve souvent dans les petites choses que l'on fait avec amour.|ah, mes chiers enfans, c'est vostre mamye jeanne qui vous parle. vous sçavez, les voyages sont comme des livres que l'on feuillette avec le cueur, chascune page nous apporte une nouvelle aventure et des souvenirs précieux à chérir. quant aux loisiers, ce sont les petites doulceurs de la vie, ces moments de desduit et de joye partagée qui remplissent nostre quotidien de sourires. n'oubliez ja mais qu'il suffit d'un pas pour commencer une belle découverte, et que le bonheur se treuve souvent ès petites choses que l'on fait avec amour.
salut tout le monde, c'est léo ! aujourd'hui, maman m'a aidé avec mes devoirs de maths, même si elle dit toujours qu'elle préfère les lettres . j'adore quand on travaille ensemble, ça rend les fractions presque amusantes ! vous aussi, vos parents vous aident pour l'école ?  #famille #études #teamtravailensemble|salus à tous ceulx qui sont ici, c'est léo ! en ce jour, ma mère m'a presté aide avec mes labeurs de mathématiques, encor qu'elle die tousjours qu'elle a plus grand amour pour les lettres . j'ay grand joye quant nous besognons ensemble, cela rend les fractions presque plaisantes ! et vous, voz parens vous prestent-il aide pour l'escole ?  #famille #estudes #equipetravailensemble
chers amis, ici mamie joëlle, votre grand-mère moderne préférée . avec ce froid qui s'installe, rien de tel qu'une bonne soupe maison pour réchauffer nos cœurs et nos papilles . aujourd'hui, c'est velouté de potimarron et châtaignes au menu – un vrai câlin dans un bol! prenez soin de vous et n'oubliez pas de toujours garder une petite réserve de chocolat pour les journées grises!  #météogourmande #mamiemoderne|chers amis, céans mamye joëlle, vostre ayeule moderne préferée . avesques ce froit qui s'installe, nul mieulx que bonne souppe de maison pour reschauffer nos cœurs et nos palais . hui, c'est velouté de potimarron et chastaignes au menu – ung vray câlin en ung bol! prenez soing de vous et n'oubliez mye de tousjours garder une petite réserve de chocolat pour les journées grises!  #météogourmande #mamyemoderne
titre : l’équation imparfaite du quotidien : travail et transport je m'appelle antoine lefèvre, cadre dans une entreprise du secteur financier à paris, et chaque matin, je me lance dans une véritable odyssée urbaine pour rejoindre mon bureau. entre les métros bondés et les embouteillages interminables, le temps que je passe à me rendre au travail représente une source majeure de stress. en jonglant entre les retards imprévisibles et les réunions matinales, je rêve d'une solution magique où mobilité rimerait enfin avec sérénité.|titre : l’équation imparfaicte du quotidien : travail et transport je me nomme antoine lefèvre, officier en une compaignie du mestier financier à paris, et chascun matin, je me lance en une véritable odyssée urbaine pour joindre mon estude. entre les métros bondés et les embouteillages interminables, le temps que je passe à me rendre au labeur est une source majeure de destresse. en jonglant entre les retards imprévisibles et les assemblées matinales, je rêve d'une solution magique où mobilité rimerait enfin avec sérénité.
chère camille, je voulais te raconter comment, chaque matin, je prends l'habitude de m'asseoir devant ma fenêtre avec un carnet à croquis et un café bien chaud. c'est devenu un rituel apaisant qui nourrit mon inspiration, surtout après mes récents voyages à travers l'europe, où chaque ville m'a offert une palette de couleurs et de formes différentes. j'espère que ton propre parcours t'apporte autant de richesses et de découvertes. avec toute mon affection, léa|très chiere camille, je desirois te raconter comment, chascun matin, je pren l'accoustumance de moy asseoir devant ma fenestre avecques ung carnet à croquis et ung café bien chault. c'est devenu ung rite apaisant qui nourrit mon inspiration, sur tout apres mes recents voyages par devers l'europe, où chascune cité m'a offert une palette de couleurs et de formes diverses. j'espere que ton propre chemin t'apporte autant de richesses et de decouvertes. avec toute mon affection, léa
objet : nouvelles du bout du monde chère famille, j'espère que vous allez bien. ici, en patagonie, je suis émerveillée par les paysages à couper le souffle et les randonnées qui nourrissent mon âme d'aventurière. j'ai souvent une pensée pour vous, surtout lors de mes soirées sous les étoiles, et j'espère bientôt partager ces moments avec vous. prenez soin de vous et embrassez-vous fort de ma part. avec tout mon amour, clara|objet : nouvelletez du bout du monde chère famile, espoir ay je que vous soiez bien portans. ci-en patagonie, suis esbahie par les païsages à couper le souffle et les esbatements qui nourrissent mon âme d'aventurière. moult souvent ay-je une pensée pour vous, spécialement lors de mes vesprées soubz les estoiles, et espère bientôt partager ces momens avec vous. ayez soin de vous et vous embrassez fort de ma part. avec tout mon amour, clara
salut à tous, ici jean-paul, le père célibataire le plus organisé de la planète ! aujourd'hui, je vais partager avec vous mon amour inconditionnel pour le transport en commun, cette merveilleuse aventure quotidienne qui me permet de développer mes talents de contorsionniste dans un bus bondé à 7h du matin. rien de tel pour commencer la journée en beauté que de jouer au tetris humain tout en gardant un œil sur mes deux marmots qui luttent vaillamment pour ne pas perdre leurs chaussures dans la mêlée. ah, les joies d'être un père super organisé dans un monde où les transports sont aussi fiables qu'un réveil sans pile – mais c'est ce qui rend chaque jour si unique, n'est-ce pas ?|salut à tous, céans jean-paul, le père célibataire le plus ordonné de la planète ! en ce jour, je vueil partager avec vous mon amour fervent pour le transport en commun, ceste merveilleuse aventure quotidienne qui me permet de développer mes talents de contorsionniste en ung char pléthorique à sept heures du matin. nul tel pour commencer la journée en beauté que de jouer au tetris humain tout en gardant ung œil sur mes deux marmots qui luttent vaillamment pour ne pas perdre leurs souliers en la mêlée. ah, les délices d'estre ung père moult ordonné en ung monde où les transports sont aussi fiables qu'un réveil sans horloge – mais c'est ce qui rend chascun jour si unique, n'est-ce pas ?
en réorganisant les rayonnages de la section poésie, j'ai croisé un visiteur aussi discret que moi, un certain monsieur bernard. il semblait chercher un recueil introuvable et, sans vraiment savoir pourquoi, je me suis approchée pour lui proposer mon aide. notre conversation, d'abord timide, s'est transformée en un échange animé sur baudelaire et verlaine, révélant une passion commune pour les vers mélancoliques. à cet instant, j'ai compris que certaines rencontres, aussi brèves soient-elles, laissent un doux parfum de complicité littéraire.|en reordonnant les rayonnages de la section poësie, j’ay rencontré un visiteur aussi discret que moy, ung certain messire bernard. il sembloit cercher ung recueil introuvable et, sans vraiment sçavoir pourquoi, je m’en suis approchée pour luy offrir mon aide. nostre conversation, premierement timide, se mua en un eschange animé sur baudelaire et verlaine, révélant une passion commune pour les vers mélancoliques. à cest instant, j’ay comprins que certaines rencontres, si brèves soient elles, laissent ung doulx parfum de complicité littéraire.
je me nomme éléonore dupuis, et en feuilletant un recueil de poésie ce matin dans le coin paisible de ma bibliothèque, mes pensées ont dérivé vers la querelle que j’ai eue hier avec mon voisin au sujet du tramway qui traverse notre quartier. ce transport en commun, essentiel pour tant d'entre nous, est devenu un point de discorde, un bruit de fond constant qui perturbe la sérénité que j'affectionne tant. pourtant, au-delà de notre dispute, je ne peux m'empêcher d'admirer le ballet quotidien de ces rames élégantes, qui tissent des liens invisibles entre les âmes de notre ville. dans cette réflexion, je trouve une certaine quiétude, un rappel que le tumulte extérieur ne saurait altérer la paix intérieure que je cultive entre ces murs chargés d'histoire.|je me nomme éléonore dupuis, et en feuilletant ung recueil de poësie ce matin en l’angle paisible de ma librairie, mes pensées ont dérivé vers la querelle que j’euz hiers avec mon voisin touchant le tramway qui traverse nostre quartier. ce transport en commun, essentiel pour tant d'entre nous, est devenu ung point de discorde, ung bruit de fond continuel qui perturbe la sérénité que j'affectionne tant. or, par-delà nostre dispute, je ne puis m'empescher d'admirer le ballet quotidien de ces rames élégantes, qui tissent des liens invisibles entre les âmes de nostre cité. en ceste réflexion, je trouve une certaine quiétude, ung rappel que le tumulte extérieur ne sçauroit altérer la paix intérieure que je cultive entre ces murs chargés d'histoire.
oh, mes chers petits, laissez-moi vous raconter une histoire que je garde précieusement dans mon cœur. c'était il y a bien des années, quand j'avais à peine votre âge. un jour, en flânant dans le parc du village, j'ai rencontré une dame du nom de marguerite, avec ses cheveux argentés et son sourire chaleureux. elle m'a narré l'histoire d'un vieil arbre sous lequel elle avait fait une promesse à son meilleur ami d'enfance, une promesse de ne jamais oublier les jours heureux passés ensemble. cette rencontre m'a appris que même les plus simples moments peuvent devenir de précieux souvenirs qu'on chérit toute une vie.|ô, mes chiers petiz, laissez-moy vous raconter une histoire que je garde précieusement en mon cœur. ce fu il y a bien des ans, quant j'avoie à peine vostre aage. un jour, en flânant en le parc du village, je rencontrai une dame nommée marguerite, avec ses cheveux argentins et son souyrire chalereux. elle me narra l'histoire d'un vieil arbre soubz lequel elle avoit faict une promesse à son meilleur amy d'enfance, une promesse de ne jamais oublier les jours joyeux passéz ensemble. cette rencontre m'enseigna que mesmes les plus simples moments peuvent devenir de précieux souvenirs que l'on chérit toute une vie.
"nom : thomas dupuis post : ""entre deux réunions et une énième tasse de café, je réalise à quel point mon appartement est devenu mon seul refuge contre le tumulte parisien. c'est fou comme quatre murs peuvent à la fois oppresser et apaiser. le soir, quand je ferme la porte, c'est comme si je laissais enfin le stress du bureau derrière moi... du moins jusqu'au lendemain matin. #homesweethome #échappatoireurbaine"""|nom : thomas dupuis poste : « entre deux assemblées et une nonchaloirée énième tasset de café, je m'avise à combien ma maisonnée est devenue mon seul refuge contre le tumulte de paris. c'est estrange comme quatre murs peuvent à la fois oppresser et appaiser. le soir, quand je ferme la porte, c'est comme si je laissoye enfin le stress du bureau derrière moy... du moins jusqu'au lendemain matin. #doulcemaison #eschepatoireurbaine »
objet : un petit mot de ton vieux papi ma chère sophie, aujourd'hui, en regardant le soleil se lever, je me suis souvenu des matins d'été où nous prenions notre café ensemble sur la terrasse. le quotidien ici est paisible, entre les balades au parc et mes rendez-vous chez le médecin. mais ce week-end, quelle joie de vous avoir tous pour la fête du village, où les rires des enfants et les chansons d'antan m'ont rajeuni de quelques années. tu sais, ces moments partagés sont les vrais trésors de la vie. avec tout mon amour, papi jean|objet : briefve parolle de ton vieil papy ma chiere sophie, hui, en mirant le soleil se lever, je me suis ressouvenu des matins d’esté où nous prenions nostre café ensemble sur la terrasse. le quotidien céans est paisible, entre les promenades au parc et mes assignemens chez le medecin. mais ce week-end, quelle joye de vous avoir tous pour la feste du village, où les risées des enfans et les chansons d'antiquité m’ont rajeuni de quelques années. sçais-tu, ces momens partagés sont les vrais trésors de vie. avec tout mon amour, papy jehan
ah, permettez-moi de me présenter : je suis madeleine, la bibliothécaire un peu discrète mais toujours ravie de partager un moment de quiétude parmi les rangées de livres. chaque matin, en ouvrant les portes de notre havre de savoir, je ressens une douce exaltation en imaginant les innombrables découvertes et les rêves qui naîtront des étudiants curieux. les murmures feutrés des pages tournées me rappellent que chaque livre est un portail vers un monde inexploré, et je me délecte de voir ces jeunes esprits s'éveiller, se nourrissant de cette précieuse lumière que sont les connaissances. quel bonheur enivrant de contribuer, ne serait-ce qu'un peu, à la floraison de ces esprits avides!|ah, vueillez moy permettre de me présenter : je suys madeleine, la bibliothécaire un peu coye mais tousjours joyeuse de partager ung moment de quiétude parmi les ranges de livres. chascun matin, en ouvrant les portes de nostre havre de sçavoir, je ressens une doulce exaltation en imaginant les innombrables découvertes et les songes qui naistront des estudiants curieux. les murmures feutrez des pages tournées me rappellent que chascun livre est ung portail vers ung monde inexploré, et je me délecte de veoir ces jeunes espritz s'esveiller, se nourrissant de ceste précieuse lumière que sont les connoissances. quel bonheur enivrant de contribuer, ne fust-ce que ung peu, à la floraison de ces espritz avides!
cher ami, chaque matin, avant que le premier rayon de soleil ne réchauffe notre humble cuisine, je me retrouve invariablement face à mes couteaux, les aiguisant avec une dévotion presque rituelle. cette habitude, que d'aucuns pourraient juger excessive, est pour moi le secret d'une découpe parfaite, une danse silencieuse qui précède chaque plat. c'est dans cette précision que je trouve la musique de mon métier, et elle m'accompagne jusqu'au dernier service de la journée. avec toute mon admiration culinaire, jean-baptiste lemaire|chier amy, chascun matin, avant que le premier rayon de soleil n'eschauffe nostre humble cuisine, je me treuve invariablement deuant mes cousteaulx, les affilant auec vne deuoction presque rituelle. ceste coustume, que aucuns pourroient iuger excessive, est pour moy le secret d'vne decouppe parfaicte, vne dance silencieuse qui precede chascun plat. c'est en ceste precision que ie treuue la musique de mon mestier, et elle m'accompaigne iusques au dernier seruice de la iournée. auec toute mon admiration culinaire, jehan-baptiste lemaire
objet : découverte du monde numérique chers amis, c'est avec une curiosité mêlée d'émerveillement que je vous écris aujourd'hui, grâce à ce drôle de machin qu'on appelle internet. qui aurait cru que, même à mon âge vénérable, je pourrais encore faire de nouvelles rencontres et partager des émotions sincères à travers un écran ? vous me manquez, mais je suis reconnaissant de pouvoir vous sentir si proches malgré la distance. avec toute mon amitié, maurice|objet : découverte du monde numérique chiers amis, c'est avec une curiosité mêlée d'émerveillement que je vous escrips aujourduy, par ce drôle de machin que l'on nomme internet. qui eust creu que, mesmes à mon aage vénérable, je pourroie encore faire de nouvelles rencontres et partager des émotions sincères à travers ung escreen ? vous me manquez, mais je suis reconnaissant de povoir vous sentir si proches malgré la distance. avec toute mon amitié, maurice
salut les amis !  c'est clara ici. aujourd'hui, je voulais vous parler un peu de mon parcours professionnel, parce que vous êtes nombreux à me poser des questions à ce sujet. travailler en tant qu'influenceuse lifestyle est un rêve devenu réalité, mais ça demande aussi beaucoup de rigueur et d'organisation. entre les collaborations, les shootings et la gestion des réseaux sociaux, il est important de rester authentique et de ne jamais perdre de vue pourquoi on a commencé.  merci pour votre soutien sans faille, vous êtes les meilleurs ! |saluz, mes amis !  c'est clara icy. en ce jour, je voulais vous deviser un peu de mon cheminement professionnel, car mainte d'entre vous me quierent moult questions à cest propos. travailler comme influenceuse de maniere de vie est un songe devenu verité, mais cela requiert aussi moult de rigueur et d'ordonnance. entre les collaborations, les prises d'images et la gouvernance des réseaux sociaux, il est important de demourer veritable et de ne ja perdre de vue pourquoy nous commencames.  grâces vous soient rendues pour vostre soutien ferme, vous estes les meilleurs ! 
oh mes chers petits chérubins, laissez-moi vous raconter la merveilleuse après-midi que j'ai passée à la fête de l'amitié du village de saint-églantine! vous savez, ce genre de rassemblement où la tarte aux pommes de tante germaine rivalise avec les éclats de rire des enfants courant partout, c'est un vrai bonheur pour mon vieux cœur. de voir toutes ces générations réunies autour du grand chêne, partageant histoires et gourmandises, ça me rappelle que le plus précieux dans la vie, c'est l'amour et la convivialité. prenez bien soin de ces moments partagés, mes trésors, car ce sont ces doux souvenirs qui réchauffent l'âme.|o mes chers petiz chérubins, laissez-moy vous raconter la merveilleuse après-disnée que j'ay passée à la fête de l'amitié du village de saint-églantine! vous sçavez, ce genre de rassemblement où la tarte aux pommes de tente germaine rivalise avec les esclats de rire des enfans courant partout, c'est ung vrai bonnheur pour mon vieux cœur. de veoir toutes ces générations réunies autour du grant chêsne, partageant histoires et gourmandises, ce me rappelle que le plus précieux en la vie, c'est l'amour et la convivialité. prenez bien soing de ces moments partagés, mes trésors, car ce sont ces doulx souvenirs qui réchauffent l'âme.
je m'appelle karim, et y'a ce jour-là qui me revient souvent en tête. c'était l'été dernier, et avec les potes, on traînait au city. y'avait ce coucher de soleil de ouf, le ciel en feu, et on s'est posé là, juste à rigoler et à refaire le monde. c'était simple, mais c'est un moment que je garde précieusement, comme un p'tit trésor.|je me nomme karim, et il est ce jour-là qui souvent me revient en pensée. c'était l'été passé, et avec les compains, nous errions au bourg. il y avait ce couchant de soleil merveilleux, le ciel enflammé, et nous nous assîmes là, juste à rire et à refaire le monde. c'était simple, mais c'est un moment que je garde précieusement, tel un petit trésor.
chers élèves, ici votre dévoué professeur, monsieur dupont, qui partage une réflexion après notre fête de fin d'année. quelle joie de vous voir tous réunis, vos sourires illuminant la salle, témoins silencieux de ces moments précieux où l'apprentissage et la camaraderie se rencontrent. c'est dans ces instants festifs que se tisse le véritable tissu de notre communauté éducative, et je me rappelle pourquoi l'enseignement est bien plus qu'un métier : c'est une passion, un voyage partagé. que cette fête soit le prélude à de belles aventures à venir, tant académiques qu'humaines.|chers escolliers, cy vostre humble maistre, messire dupont, qui vous livre une pensante aprez nostre feste de fin d'année. quelle liesse de vous veoir tous assemblés, vos risettes illuminer la salle, tesmoings silencieux de ces momens précieux où l'apprentissage et la compaignie se rencontrent. c'est en ces instans de feste que se tissu le vray tissu de nostre communauté d'enseignement, et je me souviens pourquoy l'enseignement est bien plus qu'un mestier : c'est une passion, une chière voye partagée. que ceste feste soit le prélude à de belles aventures à venir, tant académiques que humaines.
cher journal, aujourd'hui, c'était trop génial ! on a passé la journée tous ensemble en famille, et franchement, je crois que j'ai la meilleure famille du monde ! papa a préparé son fameux barbecue et même mamie a tenté de faire des blagues (elles étaient nulles mais ça la rend encore plus drôle). j'adore ces moments où tout le monde rigole et partage des trucs cools. bref, je suis trop content d'être avec eux ! à demain, lucas|tres chier journal, hui, ce fu moult merveilleux ! nous avons passé la journée ensemble en toute la famille, et par ma foy, je croy que j'ay la meilleure famille du monde ! mon père a preparé son fameux barbeque et mesme ma bonne dame a essayé de faire des bourdes (elles furent malignes mais cela la rend encore plus plaisante). j'ay en grant amour ces moments où chascun rit et partage des choses plaisantes. somme toute, je suis moult bien aise d'estre avec eulx ! a demain, lucas
"je me souviens de cet été où mes parents ont décidé que nous allions ""vivre une aventure"" en louant un gîte en bretagne, ce qui s'est avéré être un mobil-home à la déco douteuse, où chaque pièce semblait se battre pour le titre de ""plus petite du monde"". les repas étaient une autre aventure : maman, persuadée qu'elle pouvait maîtriser la cuisine locale, nous a servi une galette bretonne si dure qu'elle aurait pu être utilisée comme frisbee. ah, les joies des vacances en famille... marie, 16 ans, encore traumatisée mais toujours observatrice."|"je me remembre de cest esté où mes parens ordonnèrent que nous irions ""vivre une aventure"" en louant ung giste en bretaigne, qui se révéla estre une maison moult petite à la décoration moult douteuse, où chacune pièce sembloit batailler pour le tiltre de ""plus petite du monde"". les repas furent une autre aventure : ma mère, persuadée qu'elle pourroit maistriser la cuisine locale, nous servit une galette bretonne si dure qu'elle eût peu estre utilisée comme frisbee. ah, les joyes des vacacions en famille... marie, à l'aage de seize ans, encore traumatisée mais tousjours observatrice."
"cher journal, aujourd'hui, c'est moi, henri durand, qui pose mes pensées sur cet écran lumineux qu'on appelle ""internet"". après des années à trimer à l'usine, je découvre cet univers numérique fascinant, où les souvenirs de mes labeurs semblent flotter dans l'éther. c'est étrange, mais quelque part réconfortant, de voir que même à la retraite, on peut encore apprendre et s'émerveiller. henri"|"tres chiere plume, en ceste jour, c'est moy, henri durand, qui pose mes pensees en ceste lumiere que l'on nomme ""internet"". apres maintes annees a laborer en l'ouvroir, je descouvre cest univers numerique merveilleux, où les souvenirs de mes travaux semblent flotter en l'ether. c'est estrangier, mais en lieu quelque peu reconfortant, de veoir que mesme en la retraite, on peult encore aprendre et s'esmerveiller. henri"
titre : une rencontre inoubliable : quand l'aventure prend un tournant ironique ah, les joies du voyage en solo ! rien ne vaut l’adrénaline de se perdre dans une ruelle italienne, seulement pour découvrir que son « charmant » guide touristique improvisé n'était en fait qu'un vendeur de parapluies désespérément insistant. merci, paolo, pour cette leçon précieuse sur l'art de sourire poliment tout en fuyant à toute vitesse. voyager seule, c'est aussi cela : collectionner des souvenirs improbables qui pimentent les récits autour d'un café.|titre : une rencontre inoubliable : quand l'aventure prent un tour ironique ah, les joyes du voyage seul ! rien ne vault l’adrénaline de se perdre en une ruelle italienne, seulement pour descouvrir que son « charmant » guide de fortune n’estoit en vérité qu’un vendeur de parapluies désespérément insistant. grâces te soient rendues, paolo, pour cette leçon précieuse sur l’art de sourire courtoisement tout en fuyant à toute alègement. voyager seule, c’est aussi cela : amasser des souvenirs peu communs qui pimentent les contes autour d’un café.
salut, c'est chloé. ce matin, j'ai décidé de capturer la lumière sublime de l'automne en sortant mon chevalet pour peindre en plein air. ironie du sort, juste au moment où j'ai posé les premières touches de couleur, une averse soudaine s'est abattue, transformant ma toile en une œuvre d'art abstrait involontaire. peut-être que le ciel avait juste envie de collaborer avec moi... ou de me rappeler que même la météo a son mot à dire dans le processus créatif.|salutations, c'est chloé. ce matin, j'ai arresté de conquester la lumière souveraine de l'automne en mettant dehors mon chevalet pour paindre en plein air. par ironie du sort, justement au moment où j'ai apposé les premières touches de couleur, une averse subite s'est abattue, transmuant ma toile en une œuvre d'art abstrait involontaire. peut-être que le ciel voulût seulement collaborer avec moy... ou me rappeler que mesmes les temps ont leur mot à dire en la matière de création.
objet : le voyage intérieur salut l'équipe, aujourd'hui, en parcourant les routes pour l'entraînement, j'ai réalisé à quel point chaque kilomètre m'aide à affiner non seulement mon endurance physique, mais aussi ma résilience émotionnelle. le transport, que ce soit sur mon vélo ou dans le bus vers la prochaine compétition, devient une métaphore de ma détermination. chaque déplacement est une opportunité de me recentrer, d'aligner mes pensées avec mes objectifs. continuons à avancer ensemble, un trajet à la fois. à bientôt sur le terrain, lucas|objet : le voiage intérieur salut l'équipe, en ce jour, en chevauchant les routes pour l'entraînement, j'ay aperçu combien chascun mille me sert à affiner non pas seulement mon endurance physique, mais aussi ma résilience émotionnelle. le transport, soit sur ma bicyclette, soit en l'char vers la prochaine compétition, devient métaphore de ma détermination. chascun des placements est oportunité de me recentrer, d'acorder mes pensées à mes fins. allons tousjours en avant ensemble, un voiage chascune fois. adieu et à tantôt sur le champ, lucas
je me souviens du jour où je me suis enfin sentie à ma place, entourée de mes amis dans notre petit club de lecture. assise en tailleur sur le vieux tapis de la bibliothèque, j'écoutais attentivement clara, les yeux rivés sur les pages jaunies de son livre préféré. à cet instant précis, je me suis rendu compte que la passion pour la littérature nous liait d'une manière spéciale, et que même si j'étais la plus timide, j'avais trouvé ma voix parmi eux.|je me souvient du jour où je me fu enfin sentie à ma place, entourée de mes amis en nostre petit club de lecture. assise en tailleur sur le vieil tapis de la librairie, j'écoutois attentivement clara, les yeux fixes sur les pages jaunies de son livre préféré. en cet instant précis, je me rendis compte que la passion pour la littérature nous lioit en une manière spéciale, et que, mesmement si j'estoie la plus timide, j'avoye trouvé ma voix parmi eulx.
objet : petite pause sportive entre deux toiles salut marion, j'espère que tu vas bien ! juste un petit mot pour te dire que jongler entre mes projets d'art et mes séances de yoga devient mon nouveau mode de vie. c'est fou comme une heure de sport peut recharger mes batteries créatives. on se fait une session ensemble bientôt ? bises, chloé|objet : petite pause sportive entre deux toiles salut marion, j'espère que tu te portes bien ! juste un petit mot pour te faire savoir que jongler entre mes ouvrages d'art et mes séances de yoga devient ma nouvelle manière de vivre. c'est merveille comme une heure de sport peut révivifier mes forces créatrices. faisons-nous une séance ensemble bientôt ? baisers, chloé
bonjour à tous ! je suis marcel, un p'tit pépé de 72 ans qui vient tout juste de découvrir ce monde incroyable qu'est internet. ça m'rend tout chose de partager ici mon souvenir le plus marquant. c'était l'été de mes 20 ans, quand j'ai pris la route pour la première fois avec ma vieille moto, une rutilante peugeot 125 que j'avais bichonnée comme un trésor. le vent dans les cheveux (j'en avais encore à l'époque !) et l'odeur des champs de blé me faisaient sentir vivant comme jamais. oh la la, quelle aventure !|salutations à tous ! je suys marcel, un petit aïeul de septante et deux ans qui vient tout justement de découvrir ce monde merveilleux qu'est l'internet. cela me fait moult émoi de partager icy mon souvenir le plus notable. c'était l'été de mes vingt ans, lorsque je pris la grand-voie pour la première foys avec ma vielle motocyclette, une rutilante peugeot cent vingt-cinq que j'avois soigneusement entretenue comme un trésor. le vent en mes cheveux (j'en avois encore en ce temps-là !) et l'odeur des champs de blé me faisoient sentir vivant comme jamais auparavant. oh là là, quelle aventure !
je m'appelle lucien, et je suis ébéniste dans notre petit village niché au cœur des montagnes. un matin de printemps, alors que je ponçais une vieille commode en chêne massif, une jeune femme du nom de claire est entrée dans mon atelier, ses yeux pétillants de curiosité. elle m'a demandé de lui apprendre les secrets du bois, et j'ai senti une étincelle de passion commune naître entre nous, comme si le destin avait sculpté cette rencontre avec le soin d'un maître artisan. depuis, chaque copeau tombé au sol raconte notre histoire, une symphonie de bois et de cœur qui résonne dans chaque meuble que nous créons ensemble.|je me nomme lucien, et suis ébéniste en nostre petit village niché au cœur des montaings. un matin de printemps, tandis que je ponçoye une vieille commode de chêne massif, une jeune damoiselle appellée claire entra en mon atelier, ses yeux pétillans de curiosité. elle me requist de luy enseigner les secrets du bois, et je sentis une estincelle de commune passion naistre entre nous, comme si le destin avoit sculpté cette rencontre avec le soing d'un maître artisan. depuis lors, chascun copeau tombant à terre conte nostre histoire, une symphonie de bois et de cœur qui résonne en chascun meuble que nous créons ensemble.
salut, c’est chloé. franchement, faut que je te parle de ma passion pour la musique. genre, quand je gratte ma guitare, c'est comme si je m'évadais de ce monde pourri et que je trouvais enfin un endroit où je peux être moi-même, tu vois ? la musique, c'est ma rébellion, mon cri de liberté, et je sais pas où je serais sans elle.|saluz, c’est chloé. vrayement, il me fault que je te parolle de ma passion pour la musique. par exemple, quant je jouë de ma guiterre, c’est comme se je m’évadoye de cest monde corrompu et que je trouvoye enfin ung lieu où je puisse estre moy-mesme, veis-tu ? la musique, c’est ma rebellion, mon cry de liberté, et je ne sçay point où je seroye sans elle.
ah, mes petits-enfants, laissez-moi vous raconter cette histoire amusante qui m'est arrivée il y a bien des années. je travaillais encore à l'usine, et un beau matin, alors que je me plaignais à mon collègue de la lenteur de la machine à café, voilà que je fais la connaissance de germaine, la nouvelle stagiaire, qui, par un heureux hasard, n'était autre que la fille du patron. elle m'a jeté un regard amusé en me servant un véritable expresso, comme si elle avait lu dans mes pensées. on dit souvent que le hasard fait bien les choses, et ce jour-là, il m'a offert un café bien meilleur que celui de la machine !|ah, mes petiz enfans, laissez-moy vous compter cest esbatement qui m'advint y a moult ans. je travailloie encor à l'ouvroir, et ung beau matin, lors que je me complaignoie à mon compaignon de la tardiveté de la machine à café, advint que je faisoye la cognoissance de germaine, la nouvelle apprentie, qui par bonne fortune, n'estoit aultre que la fille du maistre. elle me jetta ung regart esbaté en me servant ung veritable expresso, comme si elle eust leü mes pensées. on dit souvent que le mehaing fait bien les choses, et ce jour-là, il m'ottri un café moult meilleur que celluy de la machine !
objet : un instant mémorable pendant mes études en art bonjour, je voulais partager avec vous un souvenir qui m’a profondément marquée durant mes études en art. lors d’un atelier de peinture en deuxième année, notre professeur nous a emmenés dans une forêt pour peindre en plein air. ce jour-là, j’ai ressenti une véritable connexion avec la nature et les couleurs semblaient presque danser sur ma toile. c’est à ce moment précis que j’ai compris l’importance de laisser mes émotions guider mon pinceau. bien à vous, clara dupont|objet : ung moment memorable pendant mes estudes en art saluz, je desiroye partager avec vous ung souvernir qui m’a profondement marquée durant mes estudes en art. lors d’un atelier de painture en seconde année, nostre maistre nous mena en une forest pour peindre à l’air libre. ce jour là, je sentis une veritable connexion avec la nature, et les couleurs sembloyent presque danser sur ma toile. c'est en cet instant précis que je compris l'importance de laisser mes emotions gouverner mon pinceau. bien à vous, clara dupont
je m'appelle élisabeth, et depuis les recoins feutrés de ma bibliothèque, je contemple avec tendresse les innombrables étudiants qui, chaque jour, franchissent notre seuil en quête de savoir. les livres, ces fidèles compagnons silencieux, sont pour eux des clés ouvrant des portes vers des mondes insoupçonnés, tandis que le travail, parfois aride mais toujours formateur, sculpte leur résilience et leur détermination. il est fascinant d'observer comment, dans ce ballet incessant entre pages et labeur, chacun forge sa propre destinée, tissant patiemment l'étoffe de son avenir. dans cette quête, chaque livre emprunté devient une pierre angulaire, et chaque effort consenti, une promesse d'épanouissement.|je me nomme élisabeth, et des recoins feutrés de ma librairie, je contemple avec tendresse les innombrables estudiants qui, chascun jour, passent nostre seuil en queste de sçavoir. les livres, ces loyaux compaignons silencieux, leur sont clefs ouvrans portes vers mondes insoupçonnés, tandis que le labeur, parfois âpre mais tousjours formateur, façonne leur résilience et détermination. il est émerveillant d'observer comment, en ce bal incessant entre pages et travail, chascun forge sa propre destinée, tissant patiemment l'étoffe de son avenir. en ceste queste, chascun livre emprunté devient pierre angulaire, et chascun effort consenti, promesse de floraison.
salut les amis, ici maxime lefebvre. vous savez, les voyages ne sont pas juste des kilomètres parcourus ou des paysages admirés. pour moi, chaque destination est une nouvelle ligne d'arrivée et chaque ami rencontré en chemin est un coéquipier sur la piste de la vie. ensemble, nous partageons ces moments intenses qui transforment les simples escapades en précieux souvenirs. à la prochaine aventure, mes amis!|saluz à vous, miens amis, céans est maxime lefebvre. sçavez-vous, les voiages ne sont mie seullement des lieues parcourues ou des paysages mirés. pour moy, chascune destinee est une nouvelle ligne de fin et chascun ami rencontré en chemin est un compaignon sur la voie de la vie. ensemblières, nous partageons ces moments intenses qui transforment les simples eschappées en souvenirs précieux. jusque à la prochaine aventure, miens amis!
salut, je m'appelle lucas et j'ai 12 ans. hier, c'était trop cool parce que j'ai pris le bus tout seul pour la première fois ! en plus, j'ai utilisé une appli sur le téléphone de ma maman pour savoir à quelle heure il arrivait. c'est fou comme la technologie rend tout plus facile, même si ça m'a fait un peu peur au début !|salut, je me nomme lucas et ay douze ans. hier, ce fust moult bien pour ce que je prins le charroy seul pour la première fois ! en outre, j'usay d'une application sur le téléphonie de ma mère pour sçavoir à quelle heure il venoit. c'est merveille comment la technologie rend tout plus aisé, mesmement si cela me fist un peu effroi au commencement !
bonjour à tous, ici marcel ! ce matin, en ouvrant les volets, j'ai été accueilli par une fraîcheur automnale bien agréable. les feuilles commencent à tapisser le jardin de couleurs chatoyantes, et ça me rappelle que l'hiver approche à grands pas. prenez votre petit lainage si vous sortez, on n'est jamais trop prudent avec ces courants d'air ! |bien le bon jour à tous, c'est marcel céans ! ce matin, en ouvrant les volets, j'ai esté accueilli par une fraîcheur d'automne moult agréable. les fueilles commencent à tapisser le jardin de couleurs chatoyantes, et cela me souvient que l'hiver s'avance à grands pas. prenez vostre petit lainage se vous sortez, on n'est jamais trop prudent avec ces courants d'air ! 
objet : découvertes culinaires en solo salut les amis, je voulais vous partager un petit bout de mon aventure culinaire ici à marrakech ! vous n'imaginez pas à quel point les tajines sont délicieux, surtout quand on les déguste dans un petit resto caché au coin d'une ruelle animée. chaque repas est une nouvelle aventure, et je me surprends à adorer le thé à la menthe, qui est devenu mon petit rituel après chaque festin. à bientôt pour de nouvelles aventures gourmandes, élodie 🧭|objet : descouvertes culinaires en solo saluz mes amis, je vous vueil partager une petite partie de mon aventure culinaire icy à marrakech ! vous n'imaginez point combien les tajines sont savoureux, surtout quant on les gousté en ung petit hostel caché au coin d'une ruelle animée. chascun repas est une nouvelle aventure, et je me surprens à amer le thé à la menthe, qui est devenu mon petit rituel après chascun festin. à tantost pour de nouvelles aventures gourmandes, élodie 🧭
titre : réflexions d'un ancien sur la vie moderne bonjour à tous, ici maurice dupont, retraité curieux du monde numérique. en tant qu'amateur de jardinage et de longues promenades, j'ai toujours pensé que le choix d'un logement dépendait surtout de sa proximité avec la nature. mais voilà que la météo est devenue si capricieuse de nos jours, entre canicules et tempêtes, que je me demande parfois si un bon toit bien isolé ne serait pas tout aussi essentiel. ah, le temps où l'on pouvait laisser les fenêtres ouvertes sans se soucier des rafales... c'était une autre époque !|titre : réflexions d'un ancien sur la vie moderne salut à tous, céans maurice dupont, retraité curieux du monde numérique. en tant qu'amateur de jardinage et de longues promenades, j'ay pensé toujours que le choix d'un logis dépendoit surtout de sa proximité avec la nature. mais voilà que la météo est devenue si capricieuse de nos jours, entre canicules et tempêtes, que je me demande parfois si un bon toit bien isolé ne seroit pas tout aussi essentiel. ah, le temps où l'on pouvoit laisser les fenêtres ouvertes sans se soucier des rafales... c'estoit une aultre époque !
salut à tous, ici chef julien marchand !  entre deux services en cuisine, je rêve souvent de mes voyages passés et à venir. chaque pays visité, chaque marché exploré m'a offert des saveurs uniques qui inspirent mes plats au quotidien. la cuisine, c'est un voyage sans fin, et c'est ce qui nourrit ma passion jour après jour. bon appétit et bons voyages à vous tous ! |saluz à tous, cy est le maistre queux julien marchand !  entre deux services en cuxine, souvent je songe à mes voyages passez et à venir. chascun païs visité, chascun marchez exploré m’a offert des saveurs singulières qui inspirent mes plats chascun jour. la cuxine est ung voyage sans fin, et c’est ce qui nourrit ma passion jour après jour. bon appétit et beaulx voyages à vous tous ! 
"je m'appelle marcel, et aujourd'hui, j'ai découvert cette ""toile"" dont parlent mes petits-enfants. ah, les souvenirs me reviennent en tapant ces mots avec mes vieux doigts un peu rouillés. je me rappelle des matinées à l'usine, le bruit des machines, mais surtout les moments partagés avec mes camarades autour d'un café, à refaire le monde. on était jeunes, pleins d'énergie et de rêves, et ces instants me manquent autant que la chaleur de leur amitié."|"je me nomme marcel, et en ce jour, ay découvert icelle ""toile"" dont devisent mes petis-enfans. ah, les souvenances me reviennent en frappant ces mots de mes vieux doigts un peu rouillés. me ressouvient des matinées à l'ouvroir, le bruit des machines, mais surtout des moments partagés avec mes compaignons autour d'un café, à refaire le monde. estions jeunes, emplis d'énergie et de songes, et ces instans me manquent autant que la chaleur de leur amitié."
 hello mes jolies âmes !  ici mila, votre passionnée de la vie à plein temps. aujourd'hui, je voulais partager avec vous cette petite étincelle qui illumine mes journées : la danse.  chaque mouvement, chaque rythme, c'est comme si je découvrais une nouvelle partie de moi-même. elle me permet de m'exprimer sans mots et de me sentir libre, puissante et infiniment vivante. merci de me suivre dans ce voyage merveilleux, ça signifie le monde pour moi.  #passiondanse #vivrepourcréer #milamoments|o mes trés cheres ames ! cy est mila, vostre devotee de la vie en toute plenitude. en ce jour, je desiroye partager avec vous ceste petite estincelle qui esclarcit mes journées : la dance. chascun mouvement, chascun rythme, c'est comme se je descouvroye une nouvelle partie de moy-mesme. elle me permet de m'exprimer sans parole et de me sentir libre, puissante et infiniment vive. grâces vous soye rendues de me suivre en ce merveilleux voyage, cela m'est au monde tres precié. #passiondeladance #vivrepourcreer #milamoments
"salut mes chéris, c'est léa de ""léa's little world"".  aujourd'hui, je me surprends à penser aux doux matins de mon enfance, quand ma mère préparait notre petit-déjeuner avec amour. chaque dimanche, sans faute, l'odeur des crêpes fraîches envahissait la maison, et nous savions que la journée commençait sous les meilleurs auspices. ces moments simples et authentiques me rappellent à quel point il est important de chérir les petites traditions qui réchauffent le cœur.  vous aussi, avez-vous une habitude d'enfance qui vous manque ? dites-moi tout en commentaire ! xx"|"salutations mes trés chiers, c’est léa de ""léa's little world"".  en ce jour, me suis-je surprise à songer aux doulx matins de mon enfance, quant ma mère appareilloit nostre petit-déjeuner avec amours. chascun dimanche, sans faillir, l’odeur des crespes fresches envahissoit la maison, et savions que la journée commençoit soubz les meilleurs auspices. ces moments simples et autentiques me rappellent combien il est important de chérir les petites traditions qui réchauffent le cueur.  vous ausi, avez-vous quelque habitude d’enfance qui vous fait deffault ? dites-moy tout en commentaire ! xx"
ah, mes chers petits, laissez-moi vous raconter l'histoire de mon cher voisin, monsieur dupont, qui a passé toute sa vie à chercher le repas parfait. chaque jour, il traversait la ville pour trouver le meilleur pain, les légumes les plus frais et le fromage le plus odorant. et puis, un beau matin, il a réalisé que, finalement, le repas qu'il préférait par-dessus tout était celui qu'il partageait en toute simplicité avec ses amis autour d'une table bancale dans son jardin. comme quoi, le meilleur ingrédient, c'est bien l'amitié !|ah, mes chers petiz, laissez-moy vous raconter l'istoire de mon cher voisin, messire dupont, qui a passé toute sa vie à quérir le repas parfait. chascun jour, il traversoit la ville pour trouver le meilleur pain, les légumes les plus fres et le fromage le plus odorant. et puis, ung beau matin, il s'avisa que, finalement, le repas qu'il prisait par-dessus tout estoit celuy qu'il partageoit en toute simplicité avec ses amis autour d'une table bancale en son jardin. comme quoy, le meilleur ingrédient, c'est bien l'amitié !
ah, la petite cuisine de mon premier appartement, c'était un véritable défi culinaire ! je m'appelle chef laurent delacour, et je me souviens de ce minuscule espace où chaque centimètre comptait, où la chaleur du four rivalisait avec celle de ma passion. là, entre une poêle cabossée et un couteau ébréché, j'ai appris l'art de la précision, jonglant habilement entre les plats mijotés et les rêves étoilés. c'est dans cette alcôve exiguë que j'ai découvert que même dans les lieux les plus modestes, on peut créer des symphonies de saveurs.|ah, la petite cuisine de mon premier logis, c'estoit un véritable défi culinaire ! je me nomme maistre laurent delacour, et je me souviens de ce minuscule espace où chascun centimètre comptoit, où la chalour du four rivalisoit avec celle de ma passion. là, entre une poêle bossue et un coutel esbréchié, j'appris l'art de la précision, jonglant habilement entre les plats mijotés et les rêves estelés. c'est en ceste alcôve estroite que je découvris que mesmes en lieux les plus modestes, l'on peut créer symphonies de saveurs.
"ah, mes chers petits-enfants, laissez-moi vous raconter un souvenir de ma jeunesse qui me réchauffe encore le cœur. c'était en 1965, j'avais 17 ans, et j'ai fait mon tout premier voyage en train à vapeur, le ""mistral"", qui m'a emmené de paris à marseille. le chuintement du train, les volutes de fumée, et ce paysage qui défilait à toute vitesse par la fenêtre... c'était magique, comme si l'on traversait le temps lui-même! ces moments-là, mes chers, sont gravés à jamais dans ma mémoire, et je souris encore rien que d'y penser."|"ah, mes tres chers petiz enfans, laissez moy vous raconter ung souvenir de ma jeunesse qui encore me réchauffe le cœur. c'estoit en l'an de grâce mil neuf cens soixante-cinq, j'avoye dix-sept ans, et feiz mon tout premier voyage par le train à vapeur, le ""mistral"", qui me mena de paris à marseille. le chuintement du train, les volutes de fumée, et ce paisage qui passoit à toute vitesse par la fenestre... c'estoit merveilleux, comme si l'on traversoit le temps luy-mesme! ces moments, mes chers, sont engravés à jamais en ma mémoire, et je sourie encore rien que d'y penser."
je m'appelle madeleine, et dans mon rôle de bibliothécaire, j'ai souvent observé que nos vies sont pleines de paradoxes. un jour, alors que je classais des ouvrages sur les voyages, j'ai repensé à ce collègue qui rêvait d'explorer le monde, mais qui passait toutes ses heures de vacances à organiser méticuleusement ses étagères, sans jamais franchir le seuil de sa porte. ironique, n'est-ce pas ? voyager à travers les pages, tout en restant prisonnier de son bureau, voilà bien une aventure que seule la vie moderne sait offrir.|je me nomme madeleine, et en mon office de bibliothécaire, j’ay souvent observé que noz vies sont pleines de paradoxes. un jour, tandis que je classois des livres sur les voyages, je me suis souvenue de ce collègue qui songeoit à explorer le monde, mais qui passoit toutes ses heures de vacance à arranger soigneusement ses rayons, sans oncques franchir le seuil de sa porte. ironique, n'est-ce pas ? voyager par les pages, tout en demeurant captif de son étude, voilà bien une aventure que seule la moderne vie peut offrir.
cher journal, aujourd'hui, ma journée au bureau a été un véritable tourbillon. entre les réunions interminables et les dossiers qui s'empilent, j'ai l'impression de ne jamais voir le bout du tunnel. pourtant ce soir, je me suis forcé à aller à la fête organisée par sophie, histoire de décompresser un peu. après quelques verres de champagne et des discussions légères, j'ai réalisé à quel point ces moments de détente sont essentiels pour ne pas perdre pied dans ce rythme effréné.|chier journal, hui, ma journee au bureau fut ung veritable tourbillon. entre les assemblees sans fin et les liasses de dossiers qui s'amoncèlent, il me semble que jamais ne verray la fin du tunnel. toutefois, ce soyr, me suis contrainct d'aller à la feste tenue par sophie, histoire de prendre quelque relasche. après quelques verres de vin de champagne et menues causeries, me rendis conte combien ces instans de delaissement sont necessaires pour ne poinct perdre pied en ce train de vie effrené.
titre : les saveurs du temps perdu ah, mes chers lecteurs, ici votre dévoué chef émile durand, s'égarant une fois de plus dans les méandres de la mémoire culinaire. chaque arôme de ma cuisine me ramène aux repas partagés avec des amis chers, où chaque plat était une symphonie de saveurs, jouée avec la minutie d'un chef d'orchestre. je me souviens des rires qui s'envolaient au-dessus de la table, mêlés à l'odeur envoûtante d'un coq au vin mijotant lentement. ces moments, ces retrouvailles autour d'un repas, sont les épices de la vie, et je m'efforce, à chaque plat, de retrouver cette alchimie parfaite d'amitié et de gastronomie.|titre : les saveurs du temps perdu ah, mes chiers lecqueurs, icy vostre devoué chef émile durand, s'esgarant une fois de plus ès méandres de la mémoire culinaire. chascun arôme de ma cuisine me ramène aux repas partaigés avec amis chiers, où chascun plat estoit une symphonie de saveurs, jouée avec la minutie d'un maistre d'orchestre. je me recorde des risées qui s'envoloient au-dessus de la table, mêlées à l'odeur envoûtante d'un coq au vin qui se mijote lentement. ces momens, ces retrouvailles entour d'un repas, sont les espices de la vie, et je m'efforce, à chascun plat, de recouvrer ceste alchimie parfaite d'amitié et de gastonomie.
salut les champions, ici maxime l'éclair, votre athlète préféré en mal de médailles mais pas d'humour ! vous savez, jongler entre les entraînements de folie et la gestion d'une maison où les enfants transforment chaque pièce en parcours du combattant, c'est du sport à temps plein. hier, j'ai tenté de chronométrer mon sprint jusqu'à la salle de bain, mais j'ai perdu face à un lego perfide qui m'a fait trébucher. allez, on reste motivé : si je peux survivre à ça, je suis prêt pour les jeux olympiques de la parentalité !|saluz, ô champions, céans maxime l'éclair, vostre athlète favoris en quête de médailles, mais non point de bon mot ! sachez-vous, jongler entre les entraînements moult vigoureux et la gouvernance d'une maison où les enfans transforment chascune chambre en parcours de combatant, c'est sport à plein temps. hier, j'essayai de mesurer mon eslan jusques à la salle de bain, mais fus défait par un lego traïtour qui me fit trébucher. or sus, demeurons motivés : si je puis survivre à tel tourment, suis prest pour les jeux olympiques de la parentalité !
je m'appelle antoine, et dans le tourbillon incessant des réunions et des échéances à respecter, je trouve refuge dans la musique. le soir, une fois l'agitation parisienne calmée, je m'installe au piano et laisse mes doigts glisser sur les touches ivoires. dans ces moments suspendus, le stress s'estompe, remplacé par la mélodie apaisante de chopin que je connais par cœur. c'est comme retrouver un vieil ami qui me rappelle que la vie ne se résume pas aux contrats et aux courriels, mais aussi à la beauté de l'instant présent.|je me nomme antoine, et au milieu du tourbillon incessant des assemblées et des termes à garder, je treuve refuge en la musique. le soir, une fois que l'agitation parisienne s'est calmée, je me mets au clavicorde et laisse mes doigts errer sur les touches d'yvoire. en ces moments suspendus, l'angoisse s'estompe, remplaçée par la mélodie apaisante de chopin que je sçay par cœur. c'est comme retrouver ung vieil amy qui me remembre que la vie ne se résume pas aux contrats et escriptures électroniques, mais aussi à la beauté de l'instant présent.
chère amélie, la fête d'hier soir fut un véritable festin de saveurs, où chaque plat devait atteindre la perfection que je recherche sans relâche. j'ai passé des heures à peaufiner la sauce au citron pour la tarte, veillant à ce qu'elle soit justement acidulée, et les éclairs au chocolat ont été faits avec une telle précision que leur éclat rivalisait avec celui des étoiles. que de plaisir de voir nos amis savourer chaque bouchée avec délectation ! avec toute ma passion culinaire, jean-baptiste|chère amélie, la feste d'hier soir fut un véritable festin de saveurs, où chascun plat devoit atteindre la perfection que je quier sans relasche. j'ay passé moult heures à affiner la saulce de citron pour la tarte, veillant à ce qu'elle fust justement acidulée, et les esclairs de chocolat ont esté faiz avec telle précision que leur esclar rivalisoit avec celle des estoiles. quel plaisir de veoir noz amis savourer chascune bouchée avec délectation ! avec toute ma passion de cuisine, jehan-baptiste
je m'appelle julien, étudiant en médecine, et je me souviens d'une nuit où, après m'être endormi sur mes livres de pathologie, je me suis réveillé en sursaut en pensant être un patient atteint de toutes les maladies que j'étudiais. depuis, j'ai pris l'habitude de boire un café avant de m'endormir — oui, je sais, c'est contradictoire — pour m'assurer que si je rêve encore, je sois au moins assez alerte pour m'autodiagnostiquer correctement. qui aurait cru qu'un café pouvait être à la fois un somnifère et un stimulant dans cette épopée médicale ? la médecine, c'est vraiment un état d'esprit (et un peu de caféine).|je me nomme julien, estudiant en médecine, et je me ressouviengne d'une nuit où, après m'estre endormy sur mes livres de pathologie, je me suis esveillé en sursault en cuidant estre un patient atteint de toutes les maladies que j'estudiois. depuis lors, j'ay prins la coustume de boire un café avant que m'endormir — oÿ, je sçay, c'est contradictoire — pour m'assurer que, si je songe encore, je soye au moins assez esveillé pour m'auto-diagnostiquer à bon escient. qui eust creu qu'un café pourroit estre à la fois un somnifère et un stimulant en ceste épopée médicale ? la médecine, c'est vrayment un estat d'esprit (et un peu de caféine).
cher journal, aujourd'hui, en regardant mes élèves s'épanouir autour des subtilités de la langue de molière, j'ai ressenti un profond sentiment de gratitude pour cette vocation qui m'appelle chaque matin. enseigner n'est pas juste un métier, c'est une danse délicate entre la rigueur académique et la tendresse d'une habitude que j'ai cultivée avec soin : celle de transmettre, de m'émerveiller chaque jour un peu plus de la beauté des mots. avec affection, m. dubois|chier journal, en ceste journée, en regardant mes escoliers s’espanouir entour les subtilités de la langue de molière, ay resenty ung profond sentiment de gratitude pour ceste vocation qui m’appelle chascun matin. enseigner n’est mie seulement un mestier, mais une dance déliée entre la rigueur académique et la tendreté d’une coustume que ay cultivée avec soing : celle de transmettre, de m’esmerveiller chascun jour un peu plus de la beauté des mots. avec affection, m. dubois
chère élise, je voulais absolument te raconter ce moment incroyable qui m'a donné un second souffle en plein milieu de cette semaine de fous aux urgences. je me suis retrouvé un soir à réanimer un patient en utilisant pour la première fois nos nouvelles machines, et quand il a ouvert les yeux, ça a été comme un choc électrique de pure adrénaline — j'ai su à cet instant que toutes ces nuits blanches en valaient la peine. je suis encore exténué, mais revivre ça dans ma tête me fait presque oublier la fatigue! à bientôt, lucas|chère élise, je vouloye à tout prix te conter ceste aventure merveilleuse qui m’a donné ung second souffle en plein milieu de ceste semaine de fous en l’ostel-dieu. je me retrouvay ung soir à ressusciter ung pacient en usant pour la première fois nos novelles machines, et quand il ouvrit les yeux, ce fut comme ung esbranlement électrique de pure adrénaline — je sceu à cet instant que toutes ces nuictes veilles en valoient la paine. je suis encore accablé de lassitude, mais remémorer ceste expérience en ma pensée me fait presque oblier la fatigue! adieu, lucas
objet : souvenirs et fierté chère élodie, chaque jour, en façonnant le bois dans mon atelier baigné de la lumière du matin, je me remémore cette soirée d'été où mon grand-père m'a transmis l'art de sculpter notre premier meuble ensemble, à la lueur vacillante du feu. ce souvenir, gravé dans mon cœur, guide mes mains et nourrit ma passion pour ce métier qui est bien plus qu'un simple travail : c'est un héritage vivant, un secret murmuré par la terre elle-même. avec toute mon affection, jean-baptiste, ton artisan rural.|objet : souvenirz et fiereté chère élodie, chascun jour, en façonnant le bois en mon atelier bagné de la lumière du matin, me ressouviens de ceste soirée d'esté où mon grant-père me transmit l'art de sculpter nostre premier meuble ensemble, à la lueur vacillante du feu. cest souveynir, gravé en mon cœur, guide mes mains et nourrit ma passion pour cest mestier qui est bien plus qu'un simple travaul : c'est un héritage vivant, ung secret murmuré par la terre mesme. avec toute mon affection, jehan-baptiste, ton artisan rustique.
salut, c'est marc, le papa de lucas. je voulais juste te parler d'une passion qui me tient à cœur : la cuisine. quand je suis en cuisine, c'est comme si le monde s'arrêtait et que tout prenait sens. j'adore partager ces moments avec lucas, lui apprendre comment couper les légumes ou mélanger les épices, et voir ses yeux s'illuminer quand il goûte nos créations. c'est un peu notre alchimie à nous, notre petit moment de bonheur quotidien.|saluz, c'est marc, le père de lucas. je vouloye simplement te parler d'une passion qui me tient à cœur : la cuisine. quant je suis en cuisine, c'est comme si le monde s'arrêtait et que tout prenait sens. j'aymoye moult partager ces moments avecques lucas, lui aprendre comment tailler les légumes ou mesler les espices, et veoir ses yeux s'illuminer quant il goûte nos créacions. c'est un peu nostre alchimie à nous, nostre petit moment de bonheur quotidien.
cher journal, ici jacques papillon, le maestro de la sauce hollandaise et le virtuose du soufflé. aujourd'hui, j'ai vécu un désastre culinaire : mon gratin dauphinois a osé faire une rébellion ! les pommes de terre ont décidé de former une alliance secrète avec la crème pour créer une éruption volcanique dans mon four. note à moi-même : ne jamais sous-estimer la capacité des ingrédients à conspirer contre leur créateur. à demain, cher journal, avec, je l'espère, des plats moins sournois.|chier journal, ci jacques papillon, le maistre de la sausse hollandoise et le virtuose du soufflé. hui, ay experimenté ung désastre en la cuisine : mon gratin dauphinois osa faire rébellion ! les pommes de terre ont décidé de forger une alliance secrète avec la cresme pour créer une éruption volcanique en mon four. note à moy-mesmes : ne jamais sous-estimer la capacité des ingrédients à conspirer contre leur créateur. à demain, chier journal, avec, je l'espère, des meþs moins sournois.
salut les amis, ici alex dumont !  aujourd'hui, je voulais partager un peu de ma routine avec vous. entre les entraînements du matin et les séances de récupération en fin de journée, j'adore prendre du temps pour une bonne lecture ou une balade en nature.  chaque moment compte pour atteindre nos objectifs, alors n'oubliez pas d'équilibrer discipline et plaisir au quotidien !  #motivation #vieactive #équilibre|saluz à vous, miens amis, céans est alex dumont !  hui, je vous vueil partager quelque peu de ma routine. entre les exercices du matin et les séances de recouvrement à la fin du jour, j'ayme prendre temps pour bonne lecture ou promenade en nature.  chascun moment chaut pour ataigner noz fins, si n'obliez pas de tenir en balance discipline et plaisir chascun jour !  #motivation #vieactive #equilibre
objet : souvenirs partagés et réconciliation chère sophie, je repense souvent à notre accrochage de la semaine dernière, et je réalise combien cela m'a pesé. il y a un souvenir qui me revient sans cesse : notre promenade au bord de la seine, un moment simple, mais empreint d'une complicité qui me manque cruellement aujourd'hui. j'espère que nous pourrons mettre cette querelle derrière nous et retrouver cette sérénité partagée. amitiés, thomas|objet : souvenirs partaigez et réconciliacion chère sophie, je me ressouviens souvent de nostre contensyon de la sepmaine passée, et je congnois combien cela m’a pesé. il y a ung souvenir qui me revient sans cesse : nostre promenade au bort de la rivière de seyne, ung moment simple, mais plein de complicitie qui me fault fort à présent. j'espère que nous pourrons mettre ceste querelle derriere nous et retrouver ceste sérénité partaigée. amitiés, thomas
salut à tous, ici marc, papa célibataire et maître de l'organisation ! aujourd'hui, je veux partager avec vous ma passion pour les loisirs, cette bouffée d'air frais qui transforme nos week-ends en aventures inoubliables avec mes deux petits explorateurs. que ce soit à travers nos balades en forêt, nos ateliers créatifs improvisés à la maison ou nos après-midis jeux de société, chaque moment partagé est une occasion de créer des souvenirs magiques et d'apprendre ensemble. alors, parents solos ou non, saisissez chaque instant pour vous amuser et renforcer les liens avec vos enfants !|saluz à tous, céans marc, père célibataire et maistre de l'ordenance ! hui, je désire mettre en commun avec vous ma passion pour les esbattis, ceste respiration d'air fresc qui mue nos fins de sepmaine ès aventures inoubliables avec mes deux petiz explorateurs. que ce soit par nos cheminements en forest, nos ouvreries créatives improvisées en la maison ou nos après-midis à jeux de société, chascun moment partagé est une occasion de forger souvenances merveilleuses et d'apprendre ensemble. adonc, parents seuls ou non, saisissez chascun instant pour vous ébattre et renforcer les liens avec vos enfans !
cher antoine, parfois, lorsque je me perds dans le tourbillon incessant de la vie parisienne, je me surprends à rêver de ces après-midis paisibles passés à flâner à vélo le long de la seine, le vent jouant dans mes cheveux ébouriffés. ces souvenirs de trajets en train, bercé par le doux clapotis des rails, me rappellent une époque où le temps semblait s'étirer à l'infini, loin des embouteillages étouffants et des métros bondés d'aujourd'hui. bien à toi, julien|cher antoine, parfois, quant me perds en la tourmente incessante de la vie parisienne, me surprens à songer à ces après-midis paisibles passés à flâner à vélocipède le long de la seine, le vent jouant en mes cheveulx esbouriffés. ces souvenances de voyages en train, bercé par le doux clapotis des rails, me rappellent une saison où le temps sembloit s'estendre à l'infini, loing des encombrements estouffants et des métros bondés d'aujourd'huy. bien à toy, julien
je me souviens de mon premier appartement, un petit studio niché au cœur de lyon, où chaque détail devait être harmonieux, comme un plat bien assaisonné. la cuisine exiguë réclamait une organisation rigoureuse, chaque ustensile à sa place, chaque épice parfaitement alignée, car un chef se doit de travailler dans un ballet précis. malgré l'étroitesse des lieux, cet espace m'a appris la discipline et l'ingéniosité, transformant chaque repas en une symphonie culinaire, où même les poêles chantaient leur propre mélodie. cette période a forgé en moi la quête incessante de la perfection, une passion qui mijote toujours à feu doux dans mon cœur de chef.|je me souvienne de mon premier logis, un petit estude logé au coeur de lyon, où chascun détail devoit estre harmonieux, comme un plat bien assaisonné. la cuisine estroicte requéroit une ordonnance rigoureuse, chascun ustensile à sa place, chascune épice parfaictement alignée, car un maistre queux se doibt de travailler en un balet précis. nonobstant l'estroictesse des lieux, ceste espace m'apprint la discipline et l'ingénieuse, transformant chascun repas en une symphonie culinaire, où mesmes les poiles chantoient leur propre mélodie. ceste periode a forgé en moy la queste incessante de la perfection, une passion qui mijote tousjours à feu doulx en mon coeur de maistre queux.
salut à tous, ici léa l'exploratrice intrépide ! aujourd'hui, je me suis lancée dans une aventure un peu différente : celle du travail en terres inconnues. imaginez-vous, un café pittoresque à lisbonne, mon ordinateur comme seul compagnon, et la brise de l'atlantique qui file à travers les rues pavées. chaque tâche accomplie devient une victoire personnelle, un pas de plus vers la liberté que seule une nomade numérique peut comprendre. quelle sensation exaltante de transformer chaque petit défi en une quête réussie !|saluz à tous, céans léa l'exploratrice intrépide ! en ce jour, je me sui lancie en adventure quelque peu diverse : celle du labeur en terres incogneues. emaginez-vous, un café pittoresque à lisbonne, mon ordinateur pour seul compaing, et la brise de l'atlantique qui file à travers les rues pavées. chascune tâche accomplie devient une victoire personnelle, ung pas de plus vers la liberté que seule une nomade numérique puet comprendre. quelle sensation exaltante de transmuer chascun petit défi en une queste réüssie !
hey mes amours, c'est léa du compte  !  je suis tellement excitée aujourd'hui parce que je viens de passer un après-midi incroyable avec ma famille ! on a testé ensemble une nouvelle appli trop cool pour organiser nos repas de famille, et ça nous a vraiment connectés d'une manière hyper fun et moderne. franchement, la technologie, quand ça rapproche comme ça, c'est juste magique !  vous aussi, dites-moi comment vous utilisez la tech pour créer des moments inoubliables en famille !  #familletechlove|oyez, mes amours, c'est léa du compte  !  je suys moult esmeue en ce jour, car je viens de passer un après-dînée merveilleux avec ma famille ! nous avons esprouvé ensemble une nouvelle applicacion moult agréable pour ordonner nos repas de famille, et ce nous a vraiment conjoint en une manière fort joyeuse et moderne. vraiment, la technologie, quant elle rapproche ainsi, c'est purement magique !  vous aussi, contez-moy comment vous usiez la technologie pour créer des moments mémorables en famille !  #familletechamour
"bonjour, c'est sandrine, votre maman débordée préférée ! juste un petit message pour partager ma joie immense en ce dimanche matin : entre la montagne de linge qui se reproduit plus vite que les lapins et les enfants qui ont soudainement décidé que les légumes, c'est ""beurk"", je flotte littéralement sur un nuage de bonheur domestique. ah, et n'oublions pas notre cher mari qui, par un miracle inexplicable, devient aveugle dès qu'il s'agit de trouver la boîte de céréales juste devant lui. la vie de famille, un pur délice ! bon, je vous laisse, le chat vient de renverser le vase... encore."|"bon jour, c'est sandrine, vostre mère désbordée favorite ! juste ung petit message pour partager ma joye immense en ce dimanche matin : entre la montaigne de linge qui se reproduict plus viste que les connins et les enfans qui ont subitement décidé que les légumes, c'est ""beurk"", je flotte littéralement sur ung nuage de bonnheur domestique. ah, et n'oublions mie nostre cher mary qui, par ung miracle inexplicable, devient aveugle tantost qu'il s'agit de trouver la boiste de céréales juste devant lui. la vie de famille, ung pur délice ! bon, je vous laisse, le chat vient de renverser le vase... encore."
ah, les souvenirs glorieux de mes entraînements matinaux ! je m'appelle maxime lebrun, et je me souviens encore de ce jour où, empli de motivation, j'ai décidé d'affronter le froid glacial de janvier pour ma course quotidienne. avec mes chaussures de running flambant neuves, j'ai parcouru exactement trois mètres avant de réaliser que j'avais oublié de les lacer correctement. comme quoi, même un athlète discipliné comme moi peut trébucher sur les petits détails... littéralement.|ah, les mémoires glorieux de mes exercices matinaux ! je me nomme maxime lebrun, et je me ressouviens encore de ce jour où, plein de détermination, je délibérai d'affronter la froideur glaciale de janvier pour ma course quotidienne. avec mes souliers de courir flambans neufs, je parcourus justement trois toises avant que je m'avisasse que j'avois oublié de les lier à dextre. comme quoi, même un athlète discipliné tel que moi peut broncher sur les petites riens... à la lettre.
je m'appelle marc, et je me souviens de ce matin où, en buvant mon café, j'ai regardé ma fille clara interagir avec notre assistant vocal. c'était fascinant de la voir dialoguer avec cette technologie comme avec un ami, un mélange de curiosité et d'aisance qui m'a à la fois ému et intrigué. en tant que père célibataire, organisé mais souvent débordé, j'ai ressenti un certain réconfort à l'idée que clara pourrait grandir dans un monde où la technologie, si bien utilisée, pourrait lui apporter du soutien et de la compagnie. pourtant, en voyant son sourire à chaque réponse de l'appareil, je me suis promis de m'assurer qu'elle n'oublie jamais la chaleur et la richesse des relations humaines.|je me nomme marc, et me souvient de ce matin où, en beuvant mon café, je vis ma fille clara deviser avec nostre servant vocal. ce fut merveillable de la veoir parlementer avec ceste technologie comme avec un amy, un assemblage de curiosité et d'aisance qui me toucha et m'intrigua tout ensemble. en tant que père seul, bien ordonné mais souvent accablé, je ressenti quelque réconfort en la pensée que clara pourroit croistre en un monde où la technologie, bien usée, pourroit lui offrir soustien et compaignie. néantmoins, en veoyant son ris à chascune response de l'appareil, je me promis de veiller à ce qu'elle n'oublie jamès la chaleur et la richesse des affections humaines.
objet : rencontre savoureuse et réflexion sur le logement chère élise, j'espère que cet email te trouve en pleine effervescence culinaire. notre rencontre récente a été aussi inspirante qu'un plat parfaitement exécuté, et elle m'a fait réfléchir à l'idée de revisiter la recette de mon quotidien, notamment en ce qui concerne mon logement. comme un bon soufflé, j'ai besoin d'un espace qui me permet de m'épanouir tout en apportant une touche de saveur et de confort à ma vie. j'aimerais vraiment discuter de cela autour d'un dîner que je préparerais avec soin, pour que nos échanges soient aussi harmonieux qu'une réduction délicatement mijotée. chaleureusement, chef marcel dupont|subject : rencontre savoureuse et réflexion sur le logement très chière élise, je espère que cette lettre te trouve en pleine effervescence culinaire. nostre rencontre récente fut aussi inspirante qu'un plat parfaitement exécuté, et m'a donné de penser à l'idée de réviser la recette de ma vie quotidienne, notamment en ce qui touche à mon logis. tel un bon soufflé, ai besoin d'un espace qui me permette de m'épanouir, tout en apportant une touche de saveur et de confort à ma vie. désirerais moult discuter de ce propos autour d'un souper que préparerais avec soin, afin que nos échanges soient aussi harmonieux qu'une réduction déliée et délicatement mijotée. chaleureusement, chef marcel dupont
salut mes petites lucioles, ici mamie jeanne !  je me souviens encore de ce jour où j'ai vu pour la première fois ton visage illuminer l'écran de mon smartphone lors de notre premier appel vidéo. c'était comme de la magie, te voir sourire à travers cet écran, même si des kilomètres nous séparaient. grâce à cette merveille de technologie, je garde ton rire et tes petites mimiques bien au chaud dans mon cœur, peu importe la distance. |salutations, mes petites lucioles, çà est mamie jeanne !  je me ressouviens encore de ce jour où je vis pour la première fois ton visage esclairer l'escrain de mon téléphone lors de nostre premier appel de visagement. ç'etoit comme enchantement, te veoir sourire par devers cet escrain, mesmes si maintes lieues nous separoient. grâces à cette merveille de technologie, je garde ton ris et tes petites mimics bien au chaud en mon cœur, quelque soit la distance. 
en tant que madeleine, humble bibliothécaire, j'ai toujours trouvé refuge dans le calme feutré des allées de livres, un contraste apaisant face à la cacophonie des disputes qui parfois perturbent l'harmonie de notre quotidien. hier encore, j'ai été témoin d'une querelle entre deux lecteurs, débat houleux sur la suprématie de tel ou tel auteur, mais au fond de moi, je m'interroge sur cette habitude tenace qu'ont les gens de chercher à convaincre à tout prix, oubliant que la lecture est avant tout une invitation à la contemplation et à la réflexion personnelle.|en tant que madeleine, humble libraire, j'ay tousjours trouvé refuge en la quiétude des allées de livres, ung contraste apaisant contre la cacophonie des debats qui parfois troublent l'harmonie de nostre vie quotidienne. hier encore, j'ay esté tesmoin d'une debatte entre deux lecteurs, discussion véhémente sur la suprémacie de tel ou tel auctor, mais au fond de moy, je m'interroge sur ceste habitude tenace que ont les gens de vouloir convaincre à tout pris, obliant que la lecture est avant tout une invitation à la contemplation et à la réflexion personnelle.
salut, c'est lola, la rebelle en chef du lycée ! aujourd'hui, je vous parle de mon truc : la musique. franchement, jongler entre mes cours (bien relou) et mes sessions de guitare, c'est pas toujours easy, mais quand je gratte les cordes, j'oublie tout le reste. c'est comme si chaque riff était une échappatoire à ce monde de devoirs interminables et de règles à la con. rock on, les amis ! |salut, c'est lola, la rebelle en chief du lycée ! en ce jour, je vous veul parler de mon affaire : la musique. veritablement, jongler entre mes leçons (bien ennuyeuses) et mes séances de guiterne, ce n'est pas tousjours aisé, mais quand je touche les cordes, j'oublie tout le reste. c'est comme si chascun riff estoit une échappatoire à ce monde de labeurs sans fin et de règlements à la noix. rock on, mes amis ! 
chère amélie, quelle joie de partager avec vous mes récentes découvertes littéraires! dans le doux silence de la bibliothèque, je me suis plongée dans des romans captivants qui transportent l'âme vers de nouveaux horizons. ah, le bonheur discret de tourner une page et de s'évader en toute quiétude! j'espère que vous trouverez, vous aussi, un moment pour savourer ces trésors littéraires. avec toute mon amitié, madeleine dupuis|chère amélie, quelle liesse de deviser avec vous de mes dernières trouvailles littéraires! en la douce quiétude de la librairie, je me plongeai en des romans saisissants qui portent l'âme vers de nouveaux horizons. ah, la félicité paisible de feuilleter une page et de s'enfuir en toute quiétude! j'espère que vous trouverez, vous pareillement, un moment pour déguster ces trésors littéraires. avec toute mon amitié, madeleine dupuis
chers auditeurs, ici marguerite dupré, votre bibliothécaire préférée ! aujourd'hui, en cherchant mes lunettes, que j'avais bêtement laissées sur ma tête, je me suis dit que si sherlock holmes avait eu ma distraction, il aurait probablement cherché watson dans le frigidaire ! ah, la vie quotidienne est un mystère aussi épais qu'un roman de tolstoï, vous ne trouvez pas ? allez, je vous laisse, j'ai un rendez-vous galant avec une pile de livres en retard !|oyans chers, céans marguerite dupré, vostre bibliothéquière préferée ! en ce jour, en cherchant mes lunettes, que avoye follement laissées sus ma teste, me suis-je diz que si sherlock holmes eût eu ma distraction, il eût probablement cherchié watson en la froide chambre ! ah, la vie journalière est un mystère aussi épais qu'un livre de tolstoï, ne trouvez-vous pas ? or sus, vous lais-je, ay ung rendez-vous galant avec une pile de livres en retard !
objet : premières impressions de mon aventure en terre inconnue bonjour à tous, je voulais partager un bref aperçu de mon arrivée ici. le temps est incroyablement capricieux, oscillant entre des averses torrentielles et des éclaircies lumineuses qui me laissent toujours émerveillée. mon logement, bien que modeste, a ce charme rustique qui me fait me sentir comme une vraie aventurière, prête à conquérir chaque coin de cette belle région. à bientôt pour plus de récits ! amitiés, clara l’aventurière|subject : premières impressions de mon adventure en terre incognue salutz à tous, je vouloye partager un brief apperceu de mon arrivée icy. le temps est moult capricieux, balançant entre pluyes torrentielles et clairs eschaz qui tousjours me laissent esmerveillée. mon logis, bien que humble, a ce charme rustique qui me fait sentir comme une vraye aventurière, preste à conquérir chascun coing de ceste belle région. à tantost pour plus de récits ! amitiés, clara l’aventurière
objet : les études, ah ces souvenirs ! bonjour mon petit cancre, ah, les études ! c'était le bon vieux temps où mes neurones étaient aussi agiles qu'un chat sur un toit ! j'avais un voisin de classe, eugène, qui avait la mémoire d'un gruyère : il oubliait toujours ses livres, mais jamais son goûter ! allez, travaille bien, et souviens-toi, pas trop de siestes pendant les cours, sinon tu finiras aussi sage qu’un haricot vert dans la soupe de mémé ! ton papi, marcel|**objet : les estudes, ah ces souvernirs !** bonjour mon petit cancre, ah, les estudes ! c’estoit le bon vieil temps où mes esperitz estoyent aussi agiles qu’un chat sur ung toit ! j’avoye ung voisin de classe, eugène, qui avoyt la mémoire d’un gruyère : il oublioit tousjours ses livres, mais jamais son goûter ! allons, travaille bien, et souviens-toi, pas trop de siestes pendant les leçons, sinon tu finiras aussi sage qu’un poix en la souppe de mémé ! ton papy, marcel
je me souviens avec une tendresse infinie de mes camarades d'antan, ceux qui ont partagé avec moi les bancs de l'école et les secrets chuchotés à l'ombre des platanes. chaque rire, chaque larmes versées ensemble, sont les fils invisibles qui tissent la toile de notre passé commun. en tant que professeur, je m'efforce de transmettre à mes élèves cette richesse inestimable qu'est l'amitié, car elle est le terreau de nos émotions les plus sincères et les plus profondes. ah, combien il est doux de se laisser bercer par ces souvenirs, comme une mélodie familière qu'on ne se lasse jamais d'écouter. — monsieur lefèvre|je me souviens avecques une tendresse infinie de mes compaignons d'antan, ceulx qui ont partagé avecques moy les bancs de l'escole et les secrets chuchotés à l'ombre des platanes. chascun rire, chascune larme versée ensemble, sont les fils invisibles qui tissent la toile de nostre passé commun. en tant que maistre, je m'efforce de transmettre à mes escoliers ceste richesse inestimable qu'est l'amitié, car elle est le terreau de noz émotions les plus sincères et profondes. ah, combien il est doulx de se laisser bercer par ces souvenances, comme une mélodie familière qu'on ne se lasse jamais d'écouter. — maistre lefèvre
objet : une rencontre enrichissante et l'essence de la famille chers amis, je tenais à partager avec vous la joie simple et profonde que j'ai ressentie lors de notre rencontre au marché de saint-julien. échanger sur nos métiers et nos familles, c'est comme tresser ensemble les brins d'un panier, solide et accueillant. ma famille et moi serions ravis de vous accueillir prochainement à la ferme pour prolonger ces moments de convivialité autour d'un repas fait maison. avec toute ma chaleur artisanale, martin dupuis artisan et paysan à la clé des champs|objet : une rencontrance enrichaissante et l'essence de la famille chiers amis, je voloie partager o vous la joie simple et profonde que ay resentie en nostre rencontrance au marchié de saint-julien. eschanger sur noz mestiers et noz familles, c'est comme tresser ensemble les brins d'un panier, fort et acueillant. ma famille et moy serions joyeux de vous acueillir prochainement à la ferme pour prolonger ces momens de congnoissance autour d'un repas fait de maison. avec toute ma chaleur artisanale, martin dupuis artisan et paysant à la clé des champs
objet : souvenirs d'antan mon cher petit-fils, ah, les temps ont bien changé depuis mes jeunes années ! je me souviens quand voyager signifiait prendre le train à vapeur, une aventure en soi, où l'on admirait le paysage défiler lentement par la fenêtre. aujourd'hui, avec vos téléphones intelligents et vos avions supersoniques, le monde est à portée de main, mais je dois avouer que je suis parfois nostalgique de ces moments où l'on prenait le temps de vivre chaque étape du voyage. avec tout mon amour, papi jean|objet : souvenirs d'antan mon chier petit-filz, ah, les temps ont bien mué dès mes jeunes années ! me souvient quant voyager signifiot prendre le train à vapeur, une aventure en soy, où l'on esgardoit le paysage trespasser lentement par la fenêtre. hui, avec vos téléphones subtils et vos avions supersoniques, le monde est à portée de main, mais je doy avouer que j'ay parfois nostalgie de ces moments où l'on prenoit le temps de vivre chaque étape du voyage. avec tout mon amour, papi jehan
chère clara, tu ne devineras jamais ce que je viens de vivre! je suis allée à paris avec ma famille, et c'était comme un rêve éveillé. la météo était parfaite : un doux soleil d'automne, avec juste assez de vent pour faire virevolter les feuilles dorées. j'ai passé des heures à observer les passants depuis le café en face de la tour eiffel, et je me suis même aventurée à leur sourire timidement. avec toute mon affection, émilie|chère clara, tu ne devineras oncques ce que je vien de vivre! je suis allée à paris avec ma famille, et c'estoit comme un songe éveillé. la mattée estoit parfaite : un doulx soleil d'automne, avec juste assez de vent pour faire virevolter les fueilles dorées. j'ay passé des heures à observer les passants depuis le café en face de la tour eiffel, et je me suis mesmes aventurée à leur sourire timidement. avec toute mon affection, émilie
salut, c’est léa ! aujourd'hui, en me baladant sur un marché local, l'odeur des épices m'a ramenée à ce moment magique en inde, où j'avais partagé un chai avec un vieil homme plein de sagesse. ces petites merveilles du quotidien me rappellent que la vie, c’est surtout une collection de moments simples et sincères. je continue d’explorer avec le cœur ouvert, prête à engranger de nouveaux souvenirs.|salut, c’est léa ! en ce jour, en me promenant par un marché local, l'odeur des épices me ramena à ce moment magique en inde, où je avoye partagé un chai avec un vieil homme plain de sapience. ces petites merveilles du quotidien me remembrent que la vie, c’est surtout une collection de moments simples et sincères. je continue d’explorer avec le cœur ouvert, prête à amasser de nouveaux souvenirs.
cher antoine, je t'écris en direct de mon bureau, où je tente désespérément de jongler entre mes dossiers et les appels incessants de nos chers parents, qui semblent croire que j'ai secrètement été nommé ministre des affaires familiales. entre maman qui m'appelle à chaque nouveau rhume de son chat et papa qui pense que j'ai encore le temps de venir réparer sa vieille tondeuse un dimanche matin, je commence à penser que ma vraie vocation était peut-être d'être clown de cirque familial! à très bientôt, j'espère, avant que je ne sois promu directeur général des urgences parentales... amicalement, julien|chier antoine, je te escrips en direct de mon bureaulx, où je m'efforce desespérément de jongler entre mes briefz et les appels incessants de noz chers parens, qui semblent croire que j'ay secretement esté nommé ministre des affaires familiales. entre mère qui me appelle à chascun nouveaul rhume de son chat et père qui cuide que j'ay encore le temps de venir apprester sa vieille tondeuse un dimanche matin, je commence à penser que ma vraye vocacion estoit peut-estre d'estre bouffon de cirque familial! à très brief, espère-je, avant que je ne soye promu directeur général des urgences parentales... amistieusement, julien
"je m'appelle clara et je suis souvent perdue dans mes pensées. en rentrant chez moi, je remarque les immeubles autour, tous si serrés les uns contre les autres, comme si chacun cachait des histoires secrètes derrière ses fenêtres. j'imagine les familles, les jeunes, les solitaires, chacun avec ses rêves et ses petits tracas, et je me demande ce que c'est vraiment d'appeler un endroit ""chez soi"". peut-être qu'un logement, c'est plus qu'un simple toit, c'est un cocon où nos vies prennent forme, loin du regard des autres."|"je me nomme clara et souvent suy perdue en mes pensées. en retournant en ma demeure, je apperçoy les ediffices entour, tous si serrés les uns contre les aultres, comme se chascun cachoit des histoires secrètes derrière ses fenestres. j'imagine les familles, les jeunes, les solitaires, chascun avec ses songes et ses petiz ennuis, et je me demande que c'est vraiment de nommer un lieu ""chez soy"". peut-estre qu'une loge, c'est plus qu'un simple couvert, c'est un cocon où nos vies prennent forme, loing du regard des aultres."
"cher journal, aujourd'hui, j'ai passé une après-midi fascinante à explorer cet étrange univers qu'on appelle ""internet"". ah, si j'avais eu cet outil dans mes jeunes années ! entre une partie de pétanque virtuelle et une recette de confiture de figues retrouvée en deux clics, j'ai réalisé à quel point la technologie peut être une fenêtre ouverte sur le monde. c'est comme retrouver un vieil ami avec qui on redécouvre les plaisirs simples de la vie quotidienne. marcel"|"chier journal, hui, j'ay passé une après-midyé fort faschinante à esplorer cest estrange univers qu'on nomme ""internet"". ah, se j'eusse eu cest outil en mes jeunes ans ! entre une partie de pétanque virtuelle et une recepte de confiture de figues retrouvée en deux clics, j'ay réalisé combien la technologie puet estre une fenestre ouverte sur le monde. c'est comme retrouver un vieil amy avec qui on redécouvre les plaisirs simples de vie quotidienne. marcel"
objet : enfin une évasion ! salut les amis ! je ne peux pas croire que je suis enfin en train d'écrire ces mots, mais oui, il y a une fête samedi soir chez moi, et vous êtes tous invités ! après des semaines interminables de révisions et de nuits à jongler entre les manuels de médecine et le café, il est temps de relâcher la pression et de s'amuser comme jamais. préparez-vous à danser, rire et, surtout, oublier les stéthoscopes et les examens pour une soirée. j'ai hâte de tous vous voir là-bas ! à samedi, julien (votre médecin en herbe préféré)|**objet : finablement, une eschappée !** salut, mes amys ! je ne puis croire que j'escript ces mots à ceste heure, mais oui, il y a une feste samedi soir en ma demeure, et vous estes tous convoqués ! après maintes sepmaines d'estude interminable et de nuiz à jongler entre les livres de médecine et le café, il est temps de laisser la vapeur s'enfuir et de nous esbatre comme oncques auparavant. préparez-vous à danser, rire et, surtout, à oublier les stéthoscopes et les espreuves pour une nuict. j'ay grant desire de vous veoir là-bas ! à samedi, julien (vostre médecin en herbe favori)
bonjour chers élèves, ici monsieur leblanc. je me remémore avec émotion la fête de fin d'année scolaire de l'année dernière, où nous avons transformé la salle de classe en un véritable bal masqué. ce souvenir restera gravé dans ma mémoire, non seulement pour les rires et la joie partagés, mais aussi pour ce moment où vous avez tous, dans un élan de créativité, improvisé une pièce de théâtre en français. c'est dans ces instants précieux que je retrouve la raison de ma vocation : voir la langue prendre vie à travers vous.|bon jour, chiers escolliers, cy est messire leblanc. je me ressouviens auec moult émotion de la feste de la fin de l’anée escolaire passée, où nous transfigurâmes la salle de clâsse en un véritable bal masqué. cest souuenir demourera en ma mémoire, non pas seulement pour les rires et liesse partagées, mais aussi pour l’instant où vous tous, en un élan de créatiuité, improvisâtes une pièce de théâtre en françois. c’est en ces précieux instants que je retrouve la raison de ma vocation : voir la langue prendre vie par vous.
yo tout le monde, c'est mehdi !  je repense souvent à ce repas de famille chez mamie, où on était tous réunis autour d'un énorme couscous.  la chaleur, les rires, et le goût de la sauce bien épicée, c'était vraiment un moment magique. parfois, c'est dans ces petits instants qu'on réalise à quel point la famille, ça compte.  #souvenirs #familleavanttout|oy, tout le monde, c'est mehdi !  je me ressouviens souvent de ce repas de famille chez grand-mère, où nous nous trouvâmes tous assemblés autour d'un grand couscous.  la chaleur, les ris, et le goût de la sausse bien épicée, c'était vraiment un moment magique. parfois, c'est en ces petites heures qu'on apperçoit combien la famille, cela compte.  #souvenirs #familleavanttout
je m'appelle étienne, forgeron de père en fils dans notre petit village niché entre les collines verdoyantes. je me souviens du jour où j'ai forgé ma première lame, un souvenir gravé dans mon cœur comme le métal sous mon marteau. c'était un matin brumeux, le crépitement du feu dans la forge réchauffait l'air froid, et chaque coup de marteau résonnait comme un battement de vie. ce jour-là, j'ai senti pour la première fois le souffle ancestral de notre métier, et depuis, chaque étincelle qui jaillit de l'enclume me rappelle que je suis le gardien d'un savoir précieux.|je me nomme estienne, forgeur de père en fils en nostre petit village situé entre les collines verdoyantes. je me souviens du jour où je forgai ma première lame, ung souvenir gravé en mon cœur comme le métal soubz mon marteau. cestoit ung matin brumeux, le crépitement du feu en la forge réchauffoit l'air froid, et chascun coup de marteau résonnoit comme un battement de vie. ce jour-là, je ressentis pour la première fois le souffle ancestral de nostre mestier, et depuis, chascune estincelle qui jaillit de l'enclume me rappelle que je suys le gardien d'un sçavoir précieux.
ah, mes chers enfants, si vous aviez vu la fête que nous avions organisée pour le cinquantième anniversaire de mariage de papy et moi, vous comprendriez la vraie magie des souvenirs. c'était une soirée où les rires se mêlaient aux doux sons de l'accordéon, et où chaque danse ressemblait à un petit pas en arrière dans le temps. les guirlandes de lumière illuminaient le jardin comme un ciel étoilé, et je revois encore les visages radieux de ceux qu'on aimait, rassemblés autour de cette longue table en bois, partageant un repas préparé avec amour. ah, si seulement je pouvais capturer ce moment dans un bocal, je vous le montrerais chaque fois que la mélancolie pointe le bout de son nez.|ah, mes chiers enfans, se vous eussiez veu la feste que nous aviés ordenée pour le cinquantième anniversaire de mariage de papay et moy, vous comprendriés la vraie magie des souvenirs. ce fust une vesprée où les ris se mêloient aux doulz sons de l'accordéon, et où chascune dance sembloit estre ung petit pas en arrière en le temps. les guirlandes de lumiere illuminoient le jardin ainsi qu'un ciel estoilé, et je revois encore les visages radieux de ceulx que nous amions, assemblés entour de ceste longue table de bois, partageant ung repas appareillé avec amour. ah, se seulement je povoie capturer cest moment en ung bocal, je vous le monstreroye chascune foys que la mélancolie point le bout de son nez.
je m'appelle léa, et même si je suis plutôt réservée, j'ai une passion secrète pour les voyages. chaque destination est comme un livre ouvert qu'on découvre page après page. j'adore observer les gens dans les aéroports et imaginer les histoires qu'ils vont vivre. c'est incroyable de penser que chaque voyage nous transforme un peu, sans que l'on s'en rende vraiment compte.|je me nomme léa, et mesmes si je suis assez réservée, j'ay une passion secrète pour les voyages. chascune destination est comme un livre ouvert que l'on descouvert page après page. j'ayme moult observer les gens aux aéroports et imaginer les histoires qu'ils vont vivre. il est incroyable de penser que chascun voyage nous transforme un peu, sans que l'on s'en apperçoive vraiment.
salut, moi c'est lucas, j'ai 18 ans et je vis en banlieue. franchement, le logement ici c'est pas fou, c'est soit trop cher soit trop vieux. et pour le transport, n'en parlons pas, les bus sont toujours en retard et le dernier train est beaucoup trop tôt. j'espère qu'un jour ça s'améliorera, sinon je sais pas comment je vais faire pour bosser en ville.|salutations, moi suys lucas, ayans dix-huit ans et demeurant en banlieue. vrayment, le logement céans n'est guères plaisant, il est ou trop chier ou trop vieil. et pour le transport, ne l'en parlons mye, les charettes sont tousjours en retard et le dernier train part moult trop matin. espère qu'un jour ce s'amendera, sinon je ne sçay comment feray pour besongner en ville.
je m'appelle karim, et je me rappelle encore de ce jour où j'ai eu mon premier smartphone. franchement, c'était comme ouvrir une porte sur un nouveau monde direct depuis ma chambre. avec mes potes, on s'envoyait des messages non-stop, c'était genre notre moyen de rester connectés même quand on traînait pas ensemble. ce truc-là, c'était plus qu'un simple téléphone, c'était notre façon de vivre, de partager chaque moment sans être collés les uns aux autres.|je me nomme karim, et je me ressouviens encore de ce jour où j’eus mon premier engin téléphonique. véritablement, ce fut tel ouvrir une porte sur un monde nouveau, droit de ma chambre. avec mes compaignons, nous nous envoyions missives sans cesse, c’estoit notre moyen de demeurer liés mesmement quand nous n’estions point ensemble. cet appareil-là, c’estoit davantage qu’un simple téléfon, c’estoit nostre manière de vivre, de partager chascun moment sans estre enclos les uns aux autres.
salut, c'est maxime, votre étudiant en médecine en mode zombie.  juste un petit message pour vous dire que, entre deux dissections et trois litres de café, j'ai découvert une nouvelle passion : dormir debout ! oui, oui, c'est un art que je maîtrise presque autant que la pharmacologie... allez, je retourne à mes révisions, en espérant ne pas m'endormir sur le squelette. à plus, les amis ! 🧠|salut, c'est maxime, vostre estudiant en médecine en guise de zomby.  juste ung petit message pour vous dire que, entre deux dissections et trois litres de café, j'ay descouvert une nouvelle passion : dormir debout ! ouy, ouy, c'est un art que je maistrise presque autant que la pharmacologie... allons, je retourne à mes révisions, en esperant ne pas m'endormir sur le squelettre. à tantost, mes amis ! 🧠
salut tout le monde, c’est lucas. entre deux gardes de nuit et trois bouquins de médecine, je me réfugie dans ma passion : la photographie. capturer un instant parfait me rappelle qu'il y a de la beauté même dans le chaos. parfois, aligner les objectifs me redonne l'énergie que le café ne peut plus fournir. #évasionvisuelle #étudiantepuisé|salutz à tous, c'est lucas. entre deux guetz de nuict et trois livres de médecine, je me réfugie en ma passion : la painture de lumière. saisir ung instant parfait me rappelle qu'il y a beauté mesmes en le chaos. parfoys, aligner les lentilles me redonne l'ardeur que le café ne sçauroit plus fournir. #évasionvisuelle #estudiantfatigué
ah, les bons vieux temps de la fête de la moisson au domaine de la chênaie... je suis jean-pierre, le forgeron du village, et je me souviens encore des longs banquets sous le vieux chêne, où l'odeur des rôtis se mêlait aux rires des enfants courant dans les champs. chaque plat préparé par nos mains, chaque saveur une histoire de notre terre, véritables trésors partagés entre voisins et amis. que ne donnerais-je pour revivre ces soirées où la lune éclairait nos tables, et où la simplicité de nos vies rurales était le plus grand des festins.|ah, les bons vieulx temps de la feste de la moisson au domaine de la chênaie... je suys jehan-pierre, le forgeron du village, et me souvient encor des longs banquets soubz le viel chesne, où l'odeur des rostis se melloit aux ris des enfans courans ès champs. chascun plat preparé par noz mains, chascune saveur une histoire de nostre terre, véritables trésors partagés entre voisins et amis. que ne donneroye-je pour revivre ces vesprées où la lune esclarcissoit noz tables, et où la simplicité de noz vies rurales estoit le plus grant des festins.
salut tout le monde ! ici sophie, votre maman multitâche préférée !  aujourd'hui, entre la montagne de linge à plier et la quête sans fin pour retrouver la deuxième chaussette de lucas, j'ai réussi à m'accorder 5 minutes de répit... pour lire deux pages d'un livre (c'est déjà un exploit, non ? ). qui aurait cru que ma passion pour la lecture finirait par ressembler à une chasse au trésor ?! #mamanenmission #lectureexpress #supermaman|salut tout le monde ! ici sophie, vostre mère multitâche préférée !  ce jourd'huy, entre la montagne de linge à plier et la quête sans fin pour retrouver la seconde chausse de lucas, j'ay réussi à m'octroyer 5 minutes de répit... pour lire deux pages d'un livre (c'est déjà un exploit, ne l'est-il pas ? ). qui eût cru que ma passion pour la lecture finirait par ressembler à une chasse au trésor ?! #mèreenmission #lectureexpress #supermère
"salut, c'est maxime ""la bête"" lemieux ! alors, imaginez ça : je viens de dénicher un nouvel appart, et c'est un peu comme décrocher une médaille d'or. chaque matin, je m'élance du lit avec la même énergie que lorsque j'entame mon dernier sprint de la journée. l'emplacement est parfait pour mes entraînements de course matinale, et je dois dire que la vue depuis le balcon me donne l'impression de dominer le monde. c'est simple, ce logement est le camp de base parfait pour mon prochain défi sportif !"|"salut, c'est maxime ""la beste"" lemieux ! or sus, imaginez ce : je viens de dénicher un nouvel hostel, et c'est ung peu comme conquerir une medaille d'or. chascun matin, je m'elance du lit avec la mesme vigueur que lorsque j'entame mon dernier eslan du jour. le lieu est parfait pour mes exercices de course matinale, et je doy dire que la veue dudit balcon me donne l'impression de dominer le monde. c'est simple, ce logis est le camp de base parfait pour mon prochain defi sportif !"
objet : les rencontres culinaires de mon voyage salut clara, je voulais te raconter ma dernière aventure culinaire ! hier soir, j'ai partagé un repas incroyable avec un groupe d'amis rencontrés par hasard dans une petite auberge à lisbonne. entre les rires et les plats de bacalhau à tomber par terre, j'ai réalisé que les voyages en solo sont parfaits pour créer des amitiés aussi savoureuses qu'inattendues. à bientôt, léa, la globe-trotteuse gourmande |**objet : les assemblées culinaires de mon voyage** salutz, noble damoiselle clara, je vous vueil conter ma dernière aventure culinaire ! hier au soir, je partay un repas moult incroyable avec ung groupe d'amis rencontrés par fortune en une petite hostellerie à lisbonne. entre les risées et les plats de bacalhau à cheoir par terre, je réalisay que les voyages en seul sont parfaits pour forger des amitiés tant savoureuses que non attendues. à tantôt, léa, la globe-trotteuse gourmande 
bonjour à tous, ici clara la nomade, toujours en quête d'aventures et de découvertes! aujourd'hui, je me trouve dans une petite gare perdue en pleine campagne, où la météo capricieuse ajoute une touche d'imprévu à mon voyage. les averses soudaines et le vent impétueux ont transformé ce trajet en une véritable épopée, mais c'est justement ces aléas qui rendent l'expérience si authentique et mémorable. chaque retard ou changement de voie devient une occasion de rencontrer d'autres voyageurs et d'échanger des histoires, prouvant que les imprévus météorologiques sont souvent les meilleurs guides de voyage.|bon jour à tous, céans clara la nomade, tousjours en queste d'aventures et de découvertes ! hui, je me trouve en une petite gare perdue en pleine champaigne, où la moiteur capricieuse adjouste une touche d'imprévu à mon voyage. les averses soudaines et le vent impétueux ont transformé ce trajet en une véritable épopée, mais c'est justement ces aléas qui rendent l'expérience si authentique et mémorable. chascun retard ou changement de voie devient une occasion de rencontrer d'autres voyageurs et d'échanger des histoires, prouvant que les imprévus météorologiques sont souvent les meilleurs guides de voyage.
"salut tout le monde, ici léa en direct de ma chambre, là où je m'évade de ma ""merveilleuse"" famille. 🤭 vous savez, cette douce cacophonie quotidienne où ma sœur joue à cache-cache avec mes écouteurs et mon frère trouve toujours le moyen de monopoliser la télé pile quand je veux regarder ma série préférée. ah, la famille, ce doux mélange d'amour inconditionnel et de tests de patience dignes d'un moine bouddhiste. mais bon, faut avouer, sans eux, qui me fournirait mon quota quotidien de rires nerveux et d'yeux levés au ciel ? "|"salutz à tous, cy est léa en direct de ma chambre, là où je m'échappe de ma ""merveilleuse"" famille. 🤭 vous sçavez, ceste doulce cacophonie quotidienne où ma sœur joue à chace-chace avec mes escouteurs et mon frère trouve tousjours le moyen de emparer la télé juste quand je veuilh regarder ma série préferée. ah, la famille, cest doulx mélange d'amour inconditionnel et d'épreuves de patience dignes d'un moine bouddhiste. mais bon, il faut avouer, sans eux, qui me fournirait mon contingent quotidien de rires nerveux et d'yeux eslevés au ciel ? "
chère emma, tu sais, ma petite étoile, chaque matin, je ne peux commencer ma journée sans mon café au lait d'avoine, pris dans ce mug que tu m'as offert. c'est devenu notre petit rituel, même à distance, et ça me rapproche de toi à chaque gorgée. et puis, préparer nos repas en échangeant nos recettes sur whatsapp, ça me fait sentir comme la grand-mère la plus branchée de toutes ! n'oublie jamais que l'amour se cuisine tous les jours. avec tout mon cœur, mamie lou |chère emma, tu sçais, ma petite estoille, chascun matin, je ne puis commencier ma journée sans mon cafet au lait d'avoine, prins en ce mug que tu m’as donné. c’est devenu nostre petit rituel, mesmes à distance, et cela me raproche de toy à chascune gorgette. et puis, appareiller noz repas en eschangeant noz recettes sur whatsapp, cela me faict sentir comme la grand-mère la plus branchée de toutes ! n’oublie jamais que l’amour se cuisine chascun jour. aves tout mon cœur, mamye lou 
chers amis, ici marguerite, votre bibliothécaire dévouée. dans le doux bruissement des pages, je trouve souvent que nos vies, bien qu'ordinaires, sont tissées de moments précieux partagés entre amis. chaque rencontre, chaque échange, est une page que nous écrivons ensemble dans le grand livre de la vie. n'oublions jamais de chérir ces instants fugaces qui illuminent notre quotidien.|chiers amis, c'est marguerite, vostre dévouée bibliothéquaire. en l'agréable bruissement des pages, souvent je trouve que noz vyes, combien que communes, sont tissuées de moments précieux partaigés entre amis. chascune rencontre, chascun eschange, est une page que nous escrivons ensemble en le grant livre de la vie. n'oublions ja de chérir ces instans fugaces qui illumynent noz jours.
bonjour à tous, ici marcel dupont, retraité et explorateur du web depuis... lundi dernier !  j'ai découvert qu'avec un clic droit, on peut faire apparaître un menu secret, comme si mon ordinateur était un restaurant étoilé !  maintenant, si seulement je pouvais trouver où se cache la souris sans fromage...  #technologiepourlesnuls #marcel2.0|saluz à tous, céans est marcel dupont, retraité et explorateur des grandz chemins du web depuis... lundi passé !  j'ay découvert qu'avec un clic destre, on peut faire apparoir ung menu secret, comme se mon outil informatique fust une taverne à estrilles !  or çà, se seulement je povois trouver où se tapist la souris sans formage...  #technologiepourlesignorans #marcel2.0
cher journal, aujourd'hui, moi, henri duval, j'ai posé mes vieux yeux sur ce vaste océan qu'on appelle internet. quelle étrange machine à remuer les souvenirs! chaque clic me transporte vers un passé où les rires des enfants résonnaient dans le jardin. je me sens comme un gamin découvrant un nouveau monde, mais avec la douce amertume des jours enfuis.|cher journal, en ce jour, moi, henri duval, ay contemplé de mes vieils œils ce vaste ocean que l’on nomme internet. quelle estrange machine à esmeuvoir les souvenirs ! chascun clic me transporte vers ung passé où les ris des enfans résonnoient en l’jardin. je me sens tel ung jeune enfant découvrant nouveaulx monde, mais avec la doulce amertume des jours fuys.
salut mon p'tit loup, c'est mamie jojo au bout du fil ! je voulais juste te dire que notre petite dispute de l'autre jour m'a un peu chagrinée... j'ai préparé ton plat préféré, un bon gratin dauphinois, histoire de se réconcilier autour d'un bon repas. tu sais que la porte est toujours ouverte et que la soupe est toujours chaude ici. gros bisous, je t'aime fort !|salut, mon petit loup, c’est mamie jojo à l’eschief de la corde ! je vouloye seulement te dire que nostre petite debate de l’autre jour m’a quelque peu attristée... j’ay appareillé ton mets favori, ung bon gratin dauphinois, afin que nous puissions nous réconcilier autour d’ung bon repas. tu sçais que la porte est tousjours ouverte et que la soupe est tousjours chaude céans. grosse bise, je t’aimme fort !
ah, si tu savais, mon petit, comme j'aimais la musique dans mes jeunes années... je me souviens qu'à la fac, en plein milieu de mes études de maths, je m'échappais souvent à la salle de musique pour gratter ma vieille guitare. j'avais beau avoir la tête plongée dans les chiffres toute la journée, c'était en grattant mes cordes que je me sentais vraiment vivant. et aujourd'hui, même à 75 ans, je n'ai pas perdu cette flamme; je continue à jouer tous les jours, juste pour le plaisir de vibrer.|ah, se tu savoies, mon petit, comme j'aimoye la musiqe en mes jeunes années... je me souviens qu'à l'université, en plein milieu de mes études de mathématiques, souvent me retiroye à la salle de musiqe pour harper ma vielle guitare. j'avois beau avoir la teste plongée en les chiffres tout le jour, c'estoit en harpant mes cordes que je me sentoye vraiment vif. et aujourd'ui, mesmes à 75 ans, n'ay perdu ceste flamme ; je continue à jouer chascun jour, seulement pour le plaisir de vibrer.
ah, ces nuits d'été où l'on dansait jusqu'à l'aube...  je me souviens de cette soirée incroyable où, après des heures de rires et de couleurs, on devait se serrer à cinq dans cette vieille voiture cabossée pour rentrer chez nous. on était fatigués mais heureux, le vent fouettait nos visages et chaque chanson à la radio devenait notre hymne.  parfois, je donnerais tout pour revivre ces moments où l'insouciance était notre seule compagne.  #souvenirsprécieux #artetaventure|ah, ces nuiz d’esté où l’on dansoit jusques à l’aube...  je me souvien de ceste soirée incroyable où, après maintes heures de ris et de couleurs, il nous falloit nous serrer à cinq en ceste vieille charrue bosselée pour rentrer en nostre logis. on estoit las mais joyeux, le vent fouettoit noz visages et chascune chanson à la radio devenoit nostre hymne.  parfois, je donneroye tout pour revivre ces moments où l’insouciance estoit nostre seule compaigne.  #souvenirsprecieux #artetaventure
titre : les voyages et les souvenirs qui nous façonnent chers lecteurs, je suis anne deschamps, bibliothécaire de profession et amoureuse des lettres et des voyages. il y a quelques années, lors d'une escapade solidaire au cœur de la patagonie, j'ai vécu un moment empreint de simplicité et de profondeur qui continue de résonner en moi. alors que je contemplais le ciel étoilé, enveloppée par le silence majestueux des andes, j'ai ressenti cette connexion intime avec l'univers, une leçon d'humilité et de beauté qui, tel un livre précieux, m'accompagne encore aujourd'hui. ces périples, qu'ils soient géographiques ou introspectifs, enrichissent notre existence de souvenirs impérissables, tel un poème en perpétuelle construction.|**titre : les voyagez et les souvenirz qui nous fasçonent** chiers lecteurs, je suis anne deschamps, bibliothequaire de profession et amoureuse des lettres et des voyagez. il y a quelques années, lors d'une eschappée solidaire au cœur de la patagonie, j'ay vesqu un moment emprainct de simplicitié et de profondeur qui continue de resonner en moy. lors que je contemploye le ciel estellez, enveloppée par le silence majestueux des andes, j'ay resenti ceste connexion intime avec l'univers, une leçon d'humilité et de beauté qui, tel un livre précieux, m'accompaigne encore aujourd'huy. ces periples, qu'ils soient geographiques ou introspectifs, enrichissent nostre existence de souvenirz imperissables, tel un poème en perpetuelle construction.
je me souviens de ce matin où, entre deux tasses de café froid et les cris joyeux des enfants, j'ai pris un instant pour observer le chaos bien-aimé de notre cuisine. les miettes de pain sur la table, le cartable oublié dans l'entrée, et le petit dernier qui me tirait par la manche pour une énième histoire... c'était un de ces moments où, malgré la fatigue, j'ai senti toute la chaleur et l'amour de notre vie un peu folle. ces souvenirs, comme des trésors, me rappellent pourquoi chaque jour en vaut la peine.|je me souviegne de ce matin où, entre deux escuelles de café froid et les cris joyeux des enfans, je prins un moment pour contempler le chaos bien-aimé de nostre cuisine. les miettes de pain sur la table, le cartable oublié en l'entrée, et le petit dernier qui me tiroyt par la manche pour une énième histoire... c'estoit un de ces moments où, malgré le labeur, je sentis toute la chaleur et l'amour de nostre vie un peu folle. ces souvenances, comme des trésors, me remembrent pourquoy chascun jour en vault la peine.
"cher journal, aujourd'hui, j'ai décidé de me replonger dans mes livres d'étude pour m'assurer que mes neurones ne prennent pas leur retraite avant moi ! ah, quelle rigolade quand j'ai essayé de comprendre comment fonctionnent ces ""tablettes"" modernes. on dirait qu'elles sont plus capricieuses que moi après une sieste ratée. si seulement apprendre à utiliser ces engins était aussi simple que de se rappeler où j'ai mis mes lunettes... ah, le plaisir de vieillir ! ton ami studieux, papi marcel"|"cher journal, aujourd'huy, ay-je délibéré de me replonger en mes livres d'estude pour m'asseurer que mes clers sens ne prennent point leur retraicte devant moy ! ah, quelle risée quant ay-je essayé de comprendre comment fonctionnent ces ""tablettes"" modernes. semble qu'elles sont plus capricieuses que moy après une sieste faillye. se seulement apprendre à user de ces engins estoit aussi aisé que de me ressouvenir où ay-je mis mes lunettes... ah, le plaisir de vieillir ! ton amy studieux, papi marcel"
je m'appelle gaston, et je suis menuisier dans ce petit village où la nature dicte le rythme de nos journées. un soir d'automne, alors que je faisais halte chez le forgeron, j'ai rencontré un jeune voyageur dont le regard vif et les histoires de contrées lointaines ont ravivé en moi le goût de la découverte. cette rencontre inattendue m'a fait réaliser combien la famille, ce pilier solide qui nous ancre dans nos racines, est aussi le terreau de nos rêves et nos aspirations. en partageant un simple repas, j'ai compris que chaque membre de notre communauté, par ses récits et ses expériences, tisse ce lien précieux qui nous unit, tel un bois patiemment façonné au fil du temps.|je me nomme gaston, et suis menuisier en ce petit village où la nature régit le cours de nos journées. un soir d'automne, tandis que je faisoie halte chez le forgeron, rencontrai-je un jeune voyageur dont le regard vif et les récits de terres lointaines ravivèrent en moy le désir de découverte. ceste rencontre fortuite me fist prendre conscience combien la famille, ce pilier ferme qui nous enracine, est aussi le terreau de noz songes et aspirations. en partageant un simple repas, compris-je que chascun membre de nostre communauté, par ses contes et ses expériences, tisse ce lien précieux qui nous unit, tel un bois patiemment façonné au fil du temps.
 il y a des soirs, comme celui-ci, où le bruit des vagues me ramène aux rires partagés autour d'une table de café, les livres ouverts mais souvent oubliés...  je repense à ces interminables discussions avec mes amis d'université, où nous refaisions le monde, persuadés que l'avenir nous appartenait. aujourd'hui, chaque nouvelle rencontre sur la route m'offre un écho de ces souvenirs précieux, mais rien ne remplace vraiment ces visages familiers.  avec toute mon affection de quelque part dans le monde, - lila, l'âme vagabonde.| y a soirs, comme celui cy, où le bruit des vagues me ramène aux ris partagés entour d’une table de café, les livres ouverts mais souvent obliés...  je repense à ces discussions interminables avec mes amis de l’université, où nous refaisions le monde, persuadés que l’advenir nous appartenoit. aujourd’huy, chascune nouvelle rencontre sur la route m’offre un escho de ces souvenirs précieux, mais rien ne remplace vrayement ces visages familiers.  avec toute mon affection de quelque part en le monde, - lila, l’âme vagabonde.
oh, mon cher, je me souviens encore de ces journées où je prenais le tramway pour traverser notre charmante ville. il y avait quelque chose de rassurant dans le doux cliquetis des roues sur les rails, un rythme apaisant qui me laissait le temps de rêvasser en regardant défiler les paysages. à chaque arrêt, c'était comme une petite aventure, une chance de rencontrer de nouvelles têtes ou de croiser un voisin avec qui échanger quelques nouvelles. ah, ces voyages en tram, c'était un peu comme feuilleter les pages d'un livre plein de souvenirs et d'histoires, n'est-ce pas?|oh, mon très chier, je me souviegne encore de ces journées où je prenois le tramway pour traverser nostre charmante cité. il y avait quelque chose de rassurant en le doulx cliquetis des roues sur les rails, un rythme apaisant qui me laissoit le temps de resver en regardant les paysages passer. à chascun arrest, c'estoit comme une petite adventure, une occasion de rencontrer nouvelles gens ou de croiser ung voisin avec qui eschanger quelques nouvelles. ah, ces voyages en tram, c'estoit un peu comme feuilleter les pages d'un livre plein de souvenirs et d'histoires, n'est-ce pas?
yo, c’est mehdi. l'autre soir, y'avait une fête chez samir, tu vois le genre, tout le monde s'est ramené. au début, c'était lourd, on rigolait et tout, mais vers minuit, ça a dégénéré grave avec les voisins qui ont débarqué à cause du bruit. ça m'a fait réfléchir, cette ambiance tendue, genre on s'éclate mais à quel prix, tu vois ce que je veux dire ?|salut, c’est mehdi. l'autre vespre, y avoit feste chez samir, tu congnois le genre, chascun y estoit venu. au commencement, c'estoit pesant, on se tenoit de bonne chiere et tout, mais vers la mynuit, la chose s'en alla malement avec les voisins qui vindrent à cause du fracas. ce m'a fait penser, ceste tension en l'air, comme si on se réjouissait mais à quel coust, entends-tu ce que je vueil dire ?
salut ma chérie, c'est maman ! je voulais juste te rappeler qu'on a la fête d'anniversaire de ta cousine clara ce samedi, n'oublie pas de prendre ton beau pull, celui que j'aime tant. et puis, essaie de ne pas oublier ta petite habitude de traîner au lit le dimanche matin, hein ? tu sais comme tu nous fais rire avec ça ! allez, je t'embrasse fort, à très vite !|salutation, ma chiere, c'est ta mere ! je voulois seulement te remembrer que nous avons la feste d'anniversaire de ta cousine clara ce samedy, n'oublie point de prendre ton bel pull, celluy que j'ayme tant. et puis, essaye de ne point oublier ta petite coustume de musarder au lit le dimanche matin, hein ? tu sçais combien tu nous fais rire avec cela ! ors, je t'embrasse fort, à bien tost !
je m'appelle julien, et chaque soir, après avoir couché léa, je me pose avec une tasse de thé. hier, j'ai réalisé à quel point la technologie a transformé notre vie. grâce à la tablette, léa peut découvrir des livres interactifs qui la fascinent, pendant que je gère mes finances sur mon smartphone. c’est incroyable de penser qu’avec un simple écran, on peut à la fois nourrir l’esprit curieux de ma fille et maintenir l’équilibre de notre foyer.|je me nomme julien, et chascun soir, après avoir couchié léa, je me repose avec une tasse de thé. hier, je m’avisai combien la technologie a transmué nostre vie. grâces à la tablette, léa peut découvrir livres interactifs qui la passionnent, pendant que je gouverne mes finances sur mon esmarphone. il est mervelleux de penser qu’avec simple écran, on peut ensemble nourrir l’esprit curieux de ma fille et maintenir l’équilibre de nostre meson.
je m'appelle madeleine dupuis et, derrière mes lunettes discrètes et mes piles de livres, se cache un souvenir ineffable, un trésor de mes années d'enfance. c'était un été radieux, dans notre ancienne maison familiale bordée de lilas, où chaque dimanche, les rires de mes cousins résonnaient comme une symphonie joyeuse. je me rappelle encore de l'odeur du pain chaud préparé par ma grand-mère et des histoires fantastiques que mon oncle narrait à la lueur du crépuscule, enveloppant nos jeunes esprits d'un doux voile d'imagination. ces moments, gravés dans la mémoire comme des pages d'un livre précieux, forment le socle de mon amour inébranlable pour la famille et la littérature.|je me nomme madeleine dupuis et, derrière mes lunettes discrètes et mes piles de livres, se tient un souvenir ineffable, trésor de mes années d'enfance. ce fut un été radieux, en nostre vieille maison familiale ceinte de lilas, où chascun dimanche, les ris de mes cousins resonnoient comme une symphonie joyeuse. je me souviens encores de l'odeur du pain chault préparé par ma grand-mère et des histoires fantastiques que mon oncle contoit à la lueur du crépuscule, enveloppant nos jeunes esprits d'un doulx voile d'imagination. ces moments, gravés en la mémoire comme des pages d'un livre précieux, forgent la base de mon amour indéfectible pour la famille et la littérature.
"salut les aventuriers ! ici luna, votre voyageuse solo en quête de nouvelles découvertes.  aujourd'hui, je réfléchis à ce que signifie vraiment le mot ""logement"". pour moi, ce n'est pas juste un toit au-dessus de ma tête, mais ces lieux éphémères qui deviennent des refuges où je crée des souvenirs inoubliables et tisse des liens avec des âmes du monde entier.  où que je pose mon sac à dos, je me sens chez moi. chaque endroit m’accueille, chaque rencontre me transforme.  #voyage #chezmoipartout #lienshumains"|"salutations, ô aventuriers ! ci est luna, vostre voyageuse solitaire en queste de noveles descouvertes. en ce jour, je me resouviens de ce que signifie vraiment le terme ""logement"". pour moi, ce n'est pas seulement un toit sus ma teste, mais ces lieux éphémères qui deviennent des refuges où je crée des souvenances inoubliables et tisse des liens avec des ames de par tout le monde. où que je dresce mon sac à dos, je me sens en ma maison. chascun lieu m'accueille, chascune rencontre me transforme. #voyage #chezmoipartout #lienshumains"
cher journal, moi, marcel le potier, je me surprends souvent à rêvasser des jours passés, lorsque mes mains parcouraient les cercles colorés des marchés lointains. avec mon étal de faïence cuite au four de la ferme, chaque voyage était une danse de paysages changeants, et chaque rencontre, une nouvelle histoire à tourner sur le tour de ma mémoire. ces escapades, c'était la glaise de mon âme, façonnant l'homme que je suis aujourd'hui, ici, dans le calme de mon atelier.|chier journal, moy, marcel le potier, me surprens souvent à resver des jours passez, quant mes mains pourmenoient les cercles colorés des marchiez lointains. avoec mon estal de fayence cuite au four de la ferme, chascun voyage estoit une dance de paysages muans, et chascune rencontre, une novelle histoire à tourner sur le tour de ma memoire. ces escappées, c'estoit la glaise de mon ame, façonnant l'homme que je suys aujourd'huy, icy, en la quietude de mon atalier.
objet : tendres pensées familiales chers enfants et petits-enfants, en cette belle journée, assis dans mon fauteuil préféré, je me surprends à penser à chacun de vous, aux rires et aux souvenirs partagés. la famille, c'est un trésor inestimable, et je suis comblé par la richesse de vous avoir tous près de moi, que ce soit par la pensée ou lors de nos rencontres chaleureuses. prenez soin de vous, et sachez que mon cœur de papi est toujours rempli de fierté et d'amour pour vous tous. avec toute mon affection, papi jacques|objet : tendrez pensées familiales chiers enfans et petiz-enfans, en ceste belle journée, assis en mon fauteuil favori, je me surprens à penser à chascun de vous, aux ris et aux souvenances partagées. la famille, c'est un thresor inestimable, et je suys comblé par la richesse de vous avoir tous près de moy, que ce soit par la pensée ou lors de noz rencontres chaleurses. prenez soing de vous, et sachez que mon cueur de papi est tousjours rempli de fierté et d'amour pour vous tous. avec toute mon affection, papi jacques
bonjour, c'est papi marcel. aujourd'hui, le temps est un peu capricieux avec quelques nuages, mais ça ne m'empêche pas de mijoter un bon pot-au-feu pour ce midi. rien de tel qu'un plat réconfortant pour réchauffer le cœur, surtout quand le soleil joue à cache-cache. j'espère que de ton côté, tu as de quoi te régaler aussi !|bon jour, c'est papi marcel. en ceste journée, le temps est quelque peu capricieux, avecques aucuns nues, mais ce ne m'empesche mie de mitonner un bon pot-au-feu pour ce midi. rien n'est tel qu'un plat réconfortant pour eschauffer le cœur, principalement quant le soleil joue à cache-cache. espère que de ton costé, tu as de quoi te régaler aussi !
chers lecteurs et passionnés de la langue française, aujourd'hui, je veux vous parler d'une dispute qui a illuminé ma journée, comme un rayon de soleil éclatant à travers les nuages! en plein cours, mes élèves ont engagé un débat enflammé sur l'usage du subjonctif versus l'indicatif dans les phrases hypothétiques. quelle joie de voir ces esprits vifs se passionner pour la subtilité de notre belle langue! c'est dans ces moments de vive discussion que je me rappelle pourquoi j'aime tant enseigner le français. avec enthousiasme et admiration, monsieur dupont|très chers lecteurs et ardens amans de la langue françoise, en ce jour, veuil-je vous deviser d'une conteste qui a esclairé ma journée, tel un rayon de soleil resplendissant à travers les nues! au milieu duçon, mes escoliers ont engagé un débat enflammé sur l'usage du subjonctif contre l'indicatif en les propositions hypothétiques. quelle liesse de veoir ces esperiz aiguz s'enflammer pour la subtilité de nostre belle langue! c'est en ces instants de vive discussion que je me ressouviens pourquoy j'ayme tant enseigner le françois. avec enthousiasme et admiration, messire dupont
cher journal, aujourd'hui, après avoir déposé les enfants à l'école, j'ai enfin pris le temps de réparer cette fuite dans le toit. avec toute cette pluie qui n'en finit pas, il était grand temps. je suis soulagé de l'avoir fait; un père doit bien veiller à ce que le nid soit sec et douillet. heureusement, la météo annonce du soleil pour le weekend, parfait pour une escapade au parc avec les petits. amicalement, marc|chier journal, hui, après avoir mené les enfans à l'eschole, j'ay enfin prins le temps de racommoder ceste fuite en le toit. avec toute ceste pluye qui ne cesse point, il estoit grand temps. je suis soulas de l'avoir fait; ung père doit bien veiller à ce que le nid soit sec et douillet. par bon heur, la météo promet du soleil pour le fin de sepmaine, parfait pour une eschappée au parc avec les petiz. amicalement, marc
en sortant précipitamment du métro, entre deux coups de fil incessants, mes yeux ont croisé ceux d'une vieille amie d'université, claire. son sourire chaleureux a brièvement dissipé le tumulte de ma journée, rappelant la simplicité des temps passés, lorsque l'ambition ne pesait pas aussi lourdement sur mes épaules. dans cet échange furtif, j'ai ressenti un apaisement rare, un instant de répit volé à la frénésie parisienne. peut-être devrais-je, parfois, m'autoriser à ralentir pour savourer ces rencontres fortuites qui redonnent sens à nos vies trépidantes.|en issant hastevement du métro, entre deux appels incessans, mes yeulx rencontrèrent ceulx d’une vieille amie d’université, claire. son ris amiable dissipa brièvement le tumulte de ma journée, rappelant la simplicité des temps passés, lorsque l’ambition ne pesoit point si lourdement sur mes espaules. en ceste briefve rencontre, je ressentis ung apaisement rare, ung instant de répit dérobé à la frénésie parisienne. peut-estre devroie-je parfoys m’ottroyer de ralentir pour savourer ces rencontres fortuites qui rendent sens à nos vies trépidantes.
chère plume de mon cœur, aujourd'hui, entre deux rangées de livres anciens, j'ai eu la joie de dénicher un trésor littéraire oublié, dont les pages m'ont transportée dans un univers parallèle. malgré les murmures feutrés de la bibliothèque, mon esprit danse entre les lignes de ce roman fascinant et la complexité des manuscrits que je catalogue. le soir venu, mes études en histoire médiévale deviennent une aventure exaltante, où chaque découverte est une porte entrouverte sur des mondes insoupçonnés. quelle chance j'ai de pouvoir marier mes passions pour en faire un voyage quotidien au cœur du savoir ! avec dévotion, marguerite.|chère plume de mon cueur, en ce jour, entre deux rangees de livres anciens, ay-je eu la liesse de trouver ung tresor littéraire oublié, dont les foielles m’ont transportée en un univers paraile. malgré les murmures feutrés de la librairie, mon esperit danse entre les lignes de ce roman facinant et la complexité des manuscits que je cataloghe. le soir venu, mes estudes en histoire médiévale deviennent une aventure esbahissante, où chascune descouverte est une porte entr’ouverte sur des mondes insoupçonnés. quelle chance ay-je de pouvoir marier mes passions pour en faire ung viage quotidien au cueur du sçavoir ! avec dévotion, marguerite.
objet : souvenirs des voyages en train  coucou mes amours , c'est élise, votre globe-trotteuse préférée ! aujourd'hui, je me suis laissée emporter par une douce vague de nostalgie en repensant à ces voyages en train que je faisais petite avec ma famille.  je me souviens de cette excitation enfantine à chaque départ, le rythme apaisant du train sur les rails et surtout, ces moments magiques où l'on contemplait le paysage défiler à travers la fenêtre. ces souvenirs me rappellent l'importance de profiter du voyage autant que de la destination.  vous aussi, avez-vous des souvenirs de transports qui vous tiennent à cœur ?  gros bisous, élise |objet : souvenirs des voyages en charroy salutations, mes amours, c'est élise, vostre aventurière préférée ! ce jour, me sui-je laissée emporter par une douce vague de nostalgie en mémoire de ces voyages en charroy que fai-je en enfance avec ma famille. me souvient de ceste excitation puérile à chascun départ, le rythme apaisant du charroy sur les voies, et surtout, ces moments magiques où regardions le paysage défilant par la fenêtre. ces souvenirs me remémorent l'importance de jouir du voyage autant que de la destination. et vous, avez-vous aussi des souvenirs de transports qui vous tiennent à cœur ? grans baisers, élise
objet : une aventure culinaire au pays de l'humour ! cher(e) ami(e), ici jean-baptiste légumier, ton chef étoilé préféré, prêt à te révéler une vérité aussi croustillante qu'une baguette fraîche : mon logement est devenu une véritable auberge espagnole, où même les souris ont des réservations pour dîner ! entre une soupe qui mijote et un gratin qui gratine, mes casseroles et moi partageons la même chambre (et parfois même le même lit !). viens donc partager un repas, mais attention, ici, on ne plaisante pas avec la perfection... sauf quand elle nous échappe ! culinairement vôtre, jean-baptiste légumier 🥖|objet : une adventure culinaire au pays de l'humour ! chier(e) amy(e), ici jean-baptiste légumier, ton chief estellé préféré, prest à te révéler une vérité aussi croustillante qu'une fresche baguette : mon logis est devenu une véritable hostellerie espagnole, où mesmes les souris ont des réservations pour soupper ! entre une soupe qui mijote et un gratin qui gratine, mes poeles et moy partageons semblable chambre (et par fois mesmes le mesme lit !). vien donc partager un repas, mais attens, ici, on ne plaisante pas avec la perfection... sauf quant elle nous eschappe ! culinairement vostre, jean-baptiste légumier 🥖
"titre : ""la famille, ou comment j'ai survécu à mon propre système nerveux"" salut tout le monde, ici paul, étudiant en médecine en mode zombie ! vous savez, la famille c'est un peu comme le système immunitaire : parfois, elle vous soutient, et parfois, elle vous attaque quand vous êtes déjà ko. entre mémé qui me demande encore si je suis en spécialité ""maladies imaginaires"" et mon petit frère persuadé que je peux diagnostiquer ses chaussettes qui disparaissent, j'ai l'impression d'avoir des patients à domicile. allez, sur ce, je retourne à mes bouquins... ou au moins, je vais essayer de ne pas m'endormir dessus !"|"**titre : ""la mesnie, ou comment j'ay survécu à mon propre système nerveux""** salut à tous, céans est paul, estudiant en médecine en manière de zombi ! vous sçavez, la mesnie, c'est un peu comme le système immunitaire : parfoys, elle vous soustient, et parfoys, elle vous assaille quand vous estes ja abattu. entre ma mémé qui me demande encore si je suy en spécialité des ""maladies imaginaires"" et mon petit frère persuadé que je puis diagnostiquer ses chausses qui disparaissent, j'ay l'impression d'avoir des pacientes à la maison. allez, sur ce, je retourne à mes livres... ou au moins, je vais essayer de ne me pas endormir dessus !"
salut, c'est jacques lemaire. je repense souvent aux dimanches de mon enfance, où l'odeur d'un pot-au-feu mijotant emplissait la maison, et chaque bouchée semblait capturer l'essence même de l'amour familial. en tant que chef, je poursuis inlassablement cette perfection, cherchant à éveiller ces émotions profondes à travers mes plats. chaque assiette que je présente est une humble tentative de recréer ce voyage émotionnel, une symphonie de saveurs qui transcende le simple fait de se nourrir.|salut, c’est jacques lemaire. je me ressouviens souvent des dimenches de mon enfance, où l’odeur d’un pot-au-feu qui mijotait emplissoit la maison, et chascune bouchée sembloit saisir l'essence mesmes de l’amor familial. en tant que mestre queux, je poursuis incessamment ceste perfection, cherchant à esveiller ces émotions profondes à travers mes plats. chascune assiette que je présente est une humble tentative de refaire cest voyage émotionnel, une symphonie de saveurs qui transcend le simple faict de se nourrir.
je m'appelle lucas deschamps, et en tant que sportif, je sais que chaque seconde compte. les transports, c'est un peu comme l'entraînement : il faut optimiser chaque trajet pour maximiser notre efficacité. à chaque fois que je choisis de marcher ou de prendre mon vélo plutôt que la voiture, je fais le choix d'une discipline qui nourrit mon corps et mon esprit. c'est une question de constance et de détermination, chaque kilomètre parcouru est une victoire sur l'inertie.|je me nomme lucas deschamps, et comme homme de sport, je congnois que chascune seconde moult compte. les transports sont un peu comme l'entraînement : il convient d’optimiser chascun voyage pour accroistre nostre efficacitée. toutes les fois que je choisi de cheminer ou de prendre ma bicyclette plustost que la charette, je fais le choix d'une discipline qui nourrit mon corps et mon esprit. c'est une question de constance et de détermination, chascun lieu parcouru est une victoire sur l’inerte.
salut tout le monde, ici clara  en tant qu'étudiante en art, je passe beaucoup de temps à me déplacer en ville pour explorer les expos et capturer des moments inspirants.  mais franchement, les transports en commun deviennent une vraie galère avec tous ces retards et ce monde !  j'aimerais tellement qu'on investisse plus dans des solutions durables et efficaces, histoire qu'on puisse tous se concentrer sur nos passions sans stress.  vous en pensez quoi ?|salutations à tous, cy est clara  estant estudiant en art, je passe maint temps à me mouvoir en la cité pour explorer les expositions et saisir maintz moments inspirants.  mais, par ma foy, les transports en commun deviennent moult pénibles avec tous ces retards et ceste foule !  je voudroye tant que l'on investisse plus en des solutions durables et efficientes, afin que nous puissions tous nous adonner à nos passions sans angoisse.  que en pensez-vous ?
bonjour, ici madeleine dubois, votre bibliothécaire dévouée. je tenais à partager un bref instant de réflexion sur l'art du transport. saviez-vous que chaque trajet, qu'il soit en tramway vrombissant ou à vélo paisible, est une page d'un livre vivant où chaque passager écrit une partie de l'histoire? c'est une danse harmonieuse entre temps et espace, où le quotidien devient une aventure silencieuse et poétique. je vous souhaite de belles découvertes lors de vos prochains voyages.|bien le bon jour, céans madeleine dubois, vostre humble bibliothéquière. je vouloye partager ung brief moment de réflexion sur l'art du transport. savés-vous que chascun voyage, qu'il soit en tramway petilant ou à vélo paisible, est une feuille d'un livre vif où chascun passagier escript une partie de l’estoire ? c'est une danse harmonieuse entre le temps et l’espace, où le quotidien devient une aventure silencieuse et poétique. je vous souhaite de belles découvertes lors de voz prochains voyages.
je m'appelle édith lamoureux, et je suis bibliothécaire depuis plus de vingt ans. chaque matin, je m'applique à ranger méticuleusement les livres selon l'ordre alphabétique, savourant le calme avant l'arrivée des lecteurs. ironiquement, chez moi, mes propres livres sont éparpillés dans un joyeux désordre, formant des piles instables dans chaque coin de mon salon. il semblerait que l'ordre parfait qui règne dans ma bibliothèque ne puisse jamais franchir le seuil de ma porte d'entrée.|je me nomme édith lamoureux, et suis bibliothécaire dès plus de vingt ans. chascun matin, je m'applique à ordonner soigneusement les livres selon l'ordre alphabétique, savourant la paix avant l'arrivée des lecteurs. par ironie, en ma maison, mes propres livres sont épars en un joyeux desrangement, formant des piles instables en chascun coing de mon salon. il sembleroit que l'ordre parfait qui règne en ma bibliothèque ne puet jamais passer le seuil de ma porte d'entrée.
cher journal, aujourd'hui, en feuilletant mes vieux albums photos, je suis retombée sur cette fameuse journée où j'ai tenté le roller disco pour la première fois. imaginez, une mamie branchée comme moi, glissant (ou plutôt trébuchant) sous les boules à facettes, direction les années 70! mon cœur a valsé entre l'hilarité et la peur de finir en étoile de mer sur le sol, mais quelle aventure! voilà un souvenir marquant qui me rappelle que même à mon âge, on peut encore rouler vers de nouveaux horizons... avec style!|chier journal, en ceste journée, en feuilletant mes vieulx albums de ymages, je suis retombée sur ceste fameuse journée où j'essayai le roller disco pour la première fois. imaginez, une grand-mère attifée comme moy, glissant (ou plustost trebuchant) sous les boules à facettes, me transportant aux années septante! mon cueur a valsé entre l’hilarité et la paour de finir en estoile de mer sur le pavé, mais quelle adventure! voilà un souvenir marquant qui me rappelle que mesmes en mon aage, on peut encore rouler vers de nouveaux horizons... avec style!
salut tout le monde, ici marc, le père célibataire qui jongle entre les repas et les montagnes russes émotionnelles ! 🥦 hier, j'ai servi un gratin de brocolis aux enfants, et j'ai découvert que c'était aussi efficace qu'un épisode de télé-réalité pour provoquer des larmes de crocodile. qui aurait cru que les légumes pouvaient être si émouvants ?!  #papachef #brocolidrama|saluz à tous, céans marc, le père célibataire qui jongle entre les repas et les montagnes russes émotionnelles ! 🥦 hier, je servis un gratin de brocolis aux enfans, et je découvrisse que ce estoit aussi efficace qu'un épisode de télé-réalité pour provoquer larmes de crocodile. qui eût crû que les légumes pussent estre si émouvants ?!  #papacuisinier #brocolidrama
je m'appelle julien, et aujourd'hui, alors que je rentrais chez moi après une longue journée de stage à l'hôpital, le train que je prenais s'est arrêté brusquement entre deux stations. épuisé, je me suis laissé glisser contre la paroi, entouré de passagers tout aussi las, et j'ai ressenti une étrange solidarité silencieuse dans ce wagon immobile. un mélange d'angoisse et de réconfort m'a envahi, comme si ce moment suspendu nous offrait un répit involontaire, une pause forcée pour souffler et réfléchir à nos propres vies. ironiquement, c'est dans cet arrêt inattendu que j'ai trouvé un instant de calme, me rappelant que parfois, même les interruptions imprévues ont leur propre manière de nous aider à avancer.|je me nomme julien, et en ce jour, lors que je retournois en ma demeure après une longue journée de stage à l'hôpital, le train que je prenois s'est arresté tout soudain entre deux stations. estant épuisé, je me laissay glisser contre la paroi, entouré de passagers aussi las que moy, et je ressenty une étrange solidarité taciturne en ce chariot immobile. un mélange d'angoisse et de réconfort m'envahit, comme se ce moment suspendu nous offrist un répit involontaire, une pause forcée pour souffler et réfléchir à nos propres vies. ironiquement, c'est en ceste interruption inattendue que je trouvay un instant de calme, me souvenant que parfois, mesmes les interruptions imprévues ont leur propre manière de nous aider à avancer.
salut tout le monde, c'est clara de moments avec clara  aujourd'hui, je me perds dans un doux tourbillon de souvenirs, en pensant à mon petit studio parisien où tout a commencé. c'est là, entre ces quatre murs pleins de charme et de rêves, que ma passion pour la céramique a pris vie. chaque tasse façonnée, chaque vase imparfait, me ramenait à l'essentiel : créer un chez-moi rempli de petites étincelles de bonheur.  est-ce que vous avez aussi un endroit qui vous rappelle votre passion ? dites-moi tout en commentaires ! 🥰 #homeiswheretheartis #nostalgiecréative|salut tout le monde, c'est clara de moments avec clara  au jour d'uy, je me perds en ung doulx tourbillon de souvenances, en pensant à mon petit estude parisien où tout commença. ce fut là, entre ces quatre murs plains de charme et de songes, que ma passion pour la céramique prist vie. chascune tasse façonnée, chascun vase imparfait, me ramenoit à l'essentiel : créer ung chez moy empli de petites estincelles de bonheur.  avez-vous aussi ung lieu qui vous rappelle vostre passion ? dites-moy tout en commentaires ! 🥰 #homeiswheretheartis #nostalgiecréative
bonjour les amis du web ! je m'appelle marcel, un retraité qui s'aventure sur internet avec émerveillement. l'autre jour, j'ai assisté à une fête chaleureuse chez mon voisin, ce qui m'a rappelé combien un logement bien choisi peut être un véritable cocon de bonheur. c'était une soirée simple mais joyeuse, où les rires résonnaient à travers les murs, prouvant que la véritable richesse, c'est parfois juste le plaisir d'être bien entouré. voilà, je voulais partager avec vous ce moment de douceur.|salutations, ô amis du web ! je me nomme marcel, un retraité qui s'aventure sus l'internet avec émerveillement. l'autre jour, je fus présent à une fête chaude en la maison de mon voisin, ce qui me rappela combien un logis bien choisi peut estre un véritable cocon de félicité. ce fut une soirée simple mais joyeuse, où les risées résonnèrent à travers les murs, prouvant que la véritable richesse, c'est parfois seulement le plaisir d'estre bien entouré. voilà, je vouloye partager avec vous ce moment de douceur.
salut tout le monde !  ici clara, votre étudiante en art passionnée du quotidien. entre deux coups de pinceau, j'adore m'évader dans un bon roman graphique ou flâner dans les rues de ma ville à la recherche de nouvelles inspirations. les petits plaisirs simples comme ça nourrissent mon âme et remplissent mes carnets de croquis. et vous, qu'est-ce qui vous fait vibrer ?  #artlife #inspirationdujour|salutations à tous ceulx qui lisent !  me nomme clara, vostre humble escolière en art, passionnée chascun jour. entre deux traits de pinceaulx, il me plaist fort de m'esbatre en quelque bon livre d'images ou flâner ès ruelles de ma cité en quête de nouvelles inspirations. ces menus plaisirs qui sont simples nourrissent mon âme et emplissent mes livrets de croquis. et vous, qu'est-ce qui vous fait esjouir ?  #viedart #inspirationdujour
"yo, c'est sam du 93 ! aujourd'hui, j'ai failli renverser mon café sur le boss en voulant impressionner les collègues... résultat : fou rire collectif et surnom de ""barista bagarreur"" validé ! heureusement, mes potes ont filmé la scène, c'est déjà sur tiktok et ça cartonne."|"oy, c'est sam du 93 ! ce jour, je failli renverser mon café sur le maître en voulant esbahir les compaignons... résultat : grand rire commun et surnom de ""barista bagarreur"" approuvé ! aventureusement, mes amis ont capté la scène, elle est dès lors sur tiktok et cela fait fureur."
je m'appelle marcel dubois, et je suis charpentier depuis plus de trente ans dans ce petit village niché entre les collines verdoyantes. je me souviens d'un jour où j'ai été appelé pour restaurer le toit d'une vieille ferme abandonnée. c'était un travail ardu, mais en grimpant sur ces poutres vieilles de cent ans, j'ai ressenti une connexion profonde avec les artisans qui étaient passés avant moi, et j'ai su que j'étais en train de redonner vie à un morceau de notre patrimoine. à cet instant, j'ai compris que mon métier n'était pas seulement de travailler le bois, mais de préserver l'âme de nos maisons, témoins silencieux de nos histoires.|je me nomme marcel dubois, et suis charpentier dès plus de trente ans en ce petit village blotti entre les collines verdoyantes. me souvient d'un jour où fus mandé pour restaurer le toit d'une vieille ferme abandonnée. ce fut labeur ardu, mais en grimpant sur ces poutres vielles de cent ans, ressentis une connexion profonde avec les artisans qui passèrent avant moy, et sçay que estois en train de redonner vie à un morceau de nostre patrimoine. en ce moment, compris que mon mestier n'estoit point seulement de besogner le bois, mais de préserver l'âme de nos maisons, tesmoings silencieux de nos histoires.
je m'appelle léa, et à 22 ans, j'ai déjà compris que les voyages sont la meilleure école qui soit. en explorant les ruelles de florence, en esquissant sur les bords de la seine ou en découvrant les couleurs vives de marrakech, j'ai appris plus sur l'art et moi-même qu'aucun livre ne pourrait jamais m'enseigner. ces expériences nourrissent mon âme et enrichissent ma palette, me poussant à créer des œuvres qui racontent les histoires de ces lieux magiques. voyager, c'est ma façon d'étudier le monde, une toile à la fois.|je me nomme léa, et à l'âge de vingt et deux ans, j'ay dès or comprins que les voyages sont la meilleure eschole qui soit. en explorant les ruelles de florence, en esquissant sur les bords de la seine ou en découvrant les couleurs vives de marrakech, j'ay aprins davantage de l'art et de moy-mesme qu'aucun livre ne pourroit oncques m'enseigner. ces expériences nourrissent mon âme et enrichissent ma palette, me poussant à créer des œuvres qui racontent les histoires de ces lieux magiques. voyager, c'est ma manière d'estudier le monde, une toile à la fois.
bonjour, c'est robert, euh... j'espère que ça marche, cette machine. je voulais juste te dire qu'on a passé un sacré bon moment à la fête d'hier, surtout avec tous ces plats délicieux, ça m'a rappelé les repas de famille d'antan. j'espère qu'on pourra se réunir encore bientôt, ça fait chaud au cœur, vraiment. bon, je ne sais pas trop comment terminer ce message, alors je te dis à très bientôt !|bien le bon jour, c'est robert, euh... j'espère que ceste machine fait bien son office. je vouloye juste te dire que nous avonmes passé moult bon temps à la feste d'hier, surtout avec tous ces mets délicieux, ce me rappella les repas de famille d'antan. j'espère que nous pourrons nous rassembler de nouveau tost, cela eschauffe le cœur, par ma foi. or, je ne sçay trop comment clore ce message, lors je te dis à très tost !
ah, mes chers petits-enfants, laissez-moi vous raconter la fois où, en 1965, j'ai rencontré votre grand-mère, marguerite, lors de cette fameuse fête du 14 juillet au village. il faisait un de ces temps où le ciel semblait vouloir nous offrir toutes les étoiles du monde, et la musique guinguette nous entraînait dans des pas de danse insouciants. je revois encore sa robe fleurie tourbillonner autour d'elle, et son rire, mes enfants, son rire était comme une douce mélodie que je n'avais jamais entendue auparavant. ce soir-là, sous le feu d'artifice, j'ai su que je voulais passer le reste de ma vie avec elle, et le temps n'a jamais effacé cette douce certitude de mon cœur.|ah, mes chers petiz enfans, laissez-moy vous raconter la fois où, en l'an de grâce mil neuf cens soixante-cinq, je rencontray vostre grand-mère, marguerite, lors de ceste fameuse feste du quatorziesme jour de juillet au village. il faisoit un de ces temps où le ciel sembloit vouloir nous offrir toutes les estoiles du monde, et la musique de guinguette nous menoit en des pas de dance insouciants. je revois encore sa robe fleurie tournoyer autour d’elle, et son rire, mes enfans, son rire estoit comme une douce mélodie que je n’avoie jamais oyë auparavant. ce soir-là, sous le feu d'artifice, je sçeu que je voulois passer le reste de ma vie avec elle, et le temps n’a jamais effacé ceste douce certitude de mon cueur.
chers lecteurs, je m'appelle clara, une lycéenne discrète qui aime observer le monde qui l'entoure. tous les jours, je jongle entre les études et la vie quotidienne, comme un funambule sur son fil. les devoirs s'accumulent comme des vagues, mais il y a toujours ces petits moments de répit, comme une pause déjeuner entre amis, qui illuminent ma journée. c'est dans ces instants simples que je trouve l'équilibre et l'inspiration pour continuer à avancer.|chiers lecteurs, me nomme je clara, une escolière de basse bruit qui ayme contempler le monde qui l'environne. tous les jours, je jougle entre les estudes et la vie de chascun jour, tel ung funambule sur sa corde. les devoirs s'amassent comme vagues, mais il est tousjours ces petiz momens de répit, comme une pause de disner entre amis, qui enluminent ma journée. c'est en ces simples instants que je treuve l'équilibre et l'inspiration pour continuer à cheminer avant.
salut, moi c'est maxime ! un jour, pendant que je faisais mes devoirs de maths sur mon lit superposé, mon petit frère a décidé de jouer au pirate et a commencé à secouer l'échelle comme un orang-outan. imagine un peu la scène : mes cahiers ont volé partout et j'ai fini par faire un atterrissage spectaculaire sur notre vieux tapis à pois. maman est entrée en courant, pensant qu'un tremblement de terre s'était produit, mais elle a juste éclaté de rire en voyant nos têtes ahuries !|salut, moy est maxime ! un jour, pendant que je faisoye mes devoirs de mathématiques sur mon lit superposé, mon petit frère décida de jouer au pirate et commença à secouer l'eschelle tel un orang-outan. imagine un peu la scène : mes cahiers s'envolèrent par tout, et je finis par faire un atterrissage moult spectaculaire sur nostre vieil tapis à pois. ma mère entra en courant, pensant qu'un tremblement de terre s'estoit produit, mais elle déclencha un grand rire en voyant noz visages ébahis !
je m'appelle marc, et depuis que marie, ma petite étoile, est entrée dans ma vie, elle a réveillé en moi une passion que je croyais éteinte : la peinture. chaque soir, après avoir couché ma princesse, je m'installe devant ma toile, laissant les couleurs raconter les histoires que je ne sais dire autrement. à travers chaque coup de pinceau, je ressens une connexion profonde avec le monde que je veux lui offrir, un monde rempli de nuances et de rêves dont elle est la muse incontestée. c'est dans ces moments de création silencieuse que je trouve la force de réinventer notre quotidien, animé par la conviction que la beauté se trouve dans les détails que l'on choisit de ne pas ignorer.|je me nomme marc, et depuis que marie, ma petite estoile, est entrée en ma vie, elle a resuscité en moy une passion que je cuidois esteinte : la painture. chascun soir, après avoir couchié ma princesse, je m’assis devant ma toile, laissiant les couleurs conter les histoires que je ne sçay dire autrement. à travers chascun cop de pinceau, je ressens une connexion profonde avec le monde que je vueil lui offrir, un monde plain de nuances et de songes dont elle est la muse indubitable. c'est en ces moments de création silencieuse que je treuve la force de réinventer nostre quotidien, animé par la conviction que la beauté se trouve en les détails que l'on choisist de ne pas ignorer.
"eh bien, mes petits chéris, vous savez, à mon époque, pour aller au travail, on devait marcher cinq kilomètres dans la neige, en montée, et sans gps, juste pour trouver l'arrêt de bus ! aujourd'hui, avec tous ces engins modernes, on a des voitures qui parlent et qui font même le café, mais on arrive encore à être en retard. ah, les mystères de la technologie ! comme disait mon défunt mari, henri : ""le plus dur, c'est pas d'arriver au travail, c'est de se souvenir pourquoi on y va !"""|"eh bien, mes petiz chéris, vous sçavez, à mon temps, pour aler au labour, il nous falloit cheminer cinq lieues en la neige, en montée, et sans astrolabe, simplement pour trouver l'arrêt du coche. a hui, avec ces engins modernes, nous avons des charettes qui parlent et qui font mesme le café, mais nous parvenons encor à estre en retard. ah, les mistères de la technologie ! comme disoit mon defunt mary, henry : ""le plus dur, ce n'est pas d'arriver au labourage, c'est de se souvenir pourquoy on y va !"""
cher jean, ici, dans notre petit coin de campagne, j'ai souvent l'impression que la technologie nous dépasse à toute vitesse, comme un lièvre pressé. pourtant, c'est grâce à elle que je peux t'écrire ces quelques lignes et sentir que nos amitiés ne s'étiolent pas, même à des kilomètres de distance. entre deux journées passées à façonner le bois, je me surprends à apprécier ces moments où l'on se retrouve par écran interposé. cela me rappelle à quel point l'art de la main et l'art de la connexion sont précieux, chacun à sa manière. avec toute mon amitié, marcel|chier jehan, ici, en nostre petit recoin de champaigne, souvent ay-je la semblance que la technologie nous surmonte à toute vitesse, tel un lievre pressé. toutefois, c'est par son moyen que je puis t'escripre ces quelques lignes et sentir que nos amitiés ne s'étiolent point, mesmes à maintes lieues de distance. entre deux journées passées à ouvrer le bois, je me surprens à priser ces moments où nous nous retrouvons par escriptoire interposé. cela me remembre combien l'art de la main et l'art de la connexion sont précieux, chascun à sa manière. avec toute mon amitié, marcel
ah, la douce harmonie de la vie moderne ! moi, sophie dupont, jongleuse professionnelle entre les réunions zoom et les couches-culottes, je me plais à croire que courir partout est une nouvelle forme de méditation. chaque matin, je remercie le ciel pour cet emploi qui me permet de savourer le luxe inestimable de travailler 40 heures par semaine... et de passer 40 autres heures à gérer les joyeux chaos de mes adorables monstres. vraiment, qui a besoin de sommeil ou de temps pour soi quand on peut vivre l'aventure palpitante de tout faire à moitié ?|ah, la doulce harmonie de la vie moderne ! moy, sophie dupont, jongleresse de mestier entre les assemblées en zoom et les couches-culottes, me plais à croire que courir en tous sens est une novelle forme de méditacion. chascun matin, je remercy le ciel pour cettuy emploi qui me permet de savourer le luxe inestimable de besogner quarante heures par sepmaine... et de passer autres quarante heures à gouverner les joyeux chaos de mes adorables monstres. vrayment, qui a mestier de sommeil ou de temps pour soy quand on peut vivre l’aventure palpitante de tout faire à moitié ?
"chers amateurs de gastronomie et de folie festive, ici le chef gaston raffiné !  hier soir, j'ai organisé une ""soirée dégustation"" chez moi, mais apparemment, le menu ""taco à la truffe"" a cédé sa place à une avalanche de guacamole et de rires incontrôlés !  mes invités ont noté la fête 5 étoiles... avec un petit bémol pour le gâteau en forme de soufflé qui a soufflé à l'arrivée des bougies. qui aurait cru qu'un dessert pouvait faire une si grande impression ?!  #chefenfolie #gastronomieetguacamole"|"chiers amateurs de gastronomie et de folie festeuse, icy le maistre queux gaston raffiné !  hières vespre, j'organisoye une ""soirie de goustement"" en ma maison, mais apparemment, le menu ""taco à la truffe"" a céé sa place à une avalanche de guacamole et de risées escroisables !  mes invités ont noté la feste de cinq estéles... avec ung petit bémol pour le gasteau en forme de soufflé qui a soufflé à l'arivée des cierges. qui eût cru qu'un dessert povoit faire une si grande impression ?!  #maistrequeuxenfolie #gastronomieetguacamole"
un jour, alors que je corrigeais des copies dans ma petite salle de classe baignée par la douce lumière de l'après-midi, j'entendis une dispute éclater entre deux élèves, léa et thomas. leur querelle portait sur un sujet apparemment anodin, un livre égaré, mais leurs voix tremblantes trahissaient un profond chagrin. avec la patience d'un vieux maître et une pointe de nostalgie pour mes propres jeunes années, je les ai invités à s'asseoir et à exprimer leurs émotions par écrit. à la fin de l'exercice, ils avaient compris que, parfois, les mots ont le pouvoir de guérir les cœurs meurtris, et ils se sont réconciliés, unis par une nouvelle complicité.|un jour, lors que je corrigeoye des copies en ma petite salle de classe baigniée par la doulce lumière de l'après-midi, j'ouïs une dispute esclater entre deux escholiers, léa et thomas. leur querelle estoit sur un subget apparement anodin, un livre esgaré, mais leurs voix tremblantes trahissoient ung profond deuil. avec la pacience d'un vieil maistre et une poynte de nostalgie pour mes propres jeunes années, je les ay conviés à s'asseoir et à exprimer leurs emotions par escript. à la fin de l'exercice, ils avoient comprins que, par fois, les mots ont le pouvoir de garir les cœurs meurtris, et ils se sont reconciliés, unis par une nouvelle complicitie.
chère élise, je me souviens encore de ce crépuscule doré sur les montagnes de patagonie, lorsque le vent jouait dans mes cheveux comme les mains tendres de grand-mère lors de nos après-midis d'été. c'est dans ces vastes étendues que j'ai compris que chaque kilomètre parcouru me ramenait un peu plus près de l'amour inconditionnel de notre famille, ce fil invisible qui relie nos cœurs à travers les continents. avec tout mon amour, alicia|chère élise, je me souviens encore de ce crépuscule doré sur les montaingnes de patagonie, quand le vent jouoit en mes cheveulx comme les mains tendres de notre bonne mère-grand ès nos après-midis d'esté. en ces vastes contrées compris-je que chascun mille parcouru me ramenoit un peu plus près de l'amour inconditionnel de nostre lignée, ce fil invisible qui lye nos cœurs par-delà les continens. avec tout mon amour, alicia
bonjour mes chers petits-enfants virtuels, ici mamie jeanne, prête à vous raconter une petite histoire entre une tasse de thé et un biscuit fait maison. vous savez, la technologie, c'est un peu comme le tricot : au début, c'est tout emmêlé et on ne sait pas par quel bout commencer. mais, avec un peu de patience et beaucoup d'amour, on finit par créer quelque chose de beau. mon passion, c'est le jardinage, et grâce à ces petits appareils modernes, je peux maintenant suivre les saisons et choisir les meilleures plantes, tout en papotant avec vous ici. n'oubliez pas, mes chéris, que même dans ce monde numérique, un peu de nature et de tendresse fait toujours du bien.|bon jour, mes chers petiz enfanz virtuels, ici mamye jeanne, preste à vous conter une petite hystoire entre une tasse de thé et un biscuit fait maison. vous sçavez, la technologie, c'est un peu comme le tricot : au commencement, tout est emmêlé et on ne sçait par quel bout commencer. mais avec un peu de pacience et moult amour, on parvient à créer aultre chose de belle. mon passion, c'est le jardinage, et grâces à ces petiz engins modernes, je puis ores suivre les saisons et choisir les meilleures plantes, tout en devisant avec vous icy. n'oubliez mie, mes chéris, que mesmes en ce monde numérique, un peu de nature et de tendresse font tousjours du bien.
salut, moi c’est léa, l’éternelle aventurière avec un sac à dos toujours prêt à partir ! je me souviens de ce moment où, après une journée d'études intensives à barcelone, j'ai appelé ma famille depuis un petit café au coin de la rue. le soleil déclinait, et ma mère m'a raconté comment mes petites sœurs commençaient à rêver de suivre leurs propres chemins, inspirées par mes récits de voyage. ce mélange d'adrénaline académique et de doux souvenirs familiaux m'a redonné une énergie inouïe, me rappelant pourquoi je me lançais toujours à fond dans cette aventure qu'on appelle la vie.|saluz, moy suys léa, l’éternelle aventurière avec un sac à dos tousjours prest à partir ! je me souviens de ce moment où, après une journée d’estudes intensives à barcelone, j’appelai ma famille depuis ung petit café au coing de la rue. le soleil déclinait, et ma mère me conta comment mes petites sœurs commençoient à songer de suivre leurs propres chemins, inspirées par mes récits de voyage. ce meslange d’adrenaline academique et de doulx souvinrs familiaulx me redonna une energie inouïe, me remembrant pourquoy je me lancoye tousjours à fond en ceste aventure qu’on appelle la vie.
je suis étienne, menuisier dans notre petit coin de campagne. on dit que la technologie peut tout faire, mais pour moi, rien ne remplace la chaleur du bois sous mes mains et le chant de la scie qui danse. certes, les machines font gagner du temps, mais elles n’ont pas l’âme que j'insuffle à chaque meuble. tant que mes outils chanteront, je resterai fidèle à ce savoir-faire qui vit en moi.|je suys estienne, menuisier en nostre petit coin de campagne. on dict que la technologie peut tout faire, mais pour moy, rien ne remplace la chaleur du bois soubz mes mains et le chant de la scie qui dance. certes, les machines font gangnier du temps, mais elles n’ont point l’ame que j'insuffle à chascun meuble. tant que mes outils chanteront, je demoureray feal à ceste science qui vit en moy.
salut les gourmets ! ici chef marcel, le maniaque du millimètre en cuisine. aujourd'hui, j'ai tenté de brasser une sauce familiale parfaite : un zeste de maman, une pincée de papa, et un soupçon de grande-tante gertrude. résultat ? une explosion de saveurs... et de discussions animées sur qui a saboté la recette secrète des crêpes ! ‍ #famillealdente #chefmarcelencuisine|saluz, ô gourmets ! c'est cy maistre marcel, le maniac du millimètre en cuisine. en ce jour, ay essayé de compasser une sausse de famille parfaite : ung petit zest de ma mère, une pincée de mon père, et un soupçon de ma grantante gertrude. quel en fut le reffet ? une esplosion de saveurs... et moult parlemens sur qui a sabotté la recette secrète des crespes ! ‍ #famillealdente #maistremarcelencuisine
chère journal, aujourd'hui, alors que je peaufinais mes compétences sur tiktok, j'ai repensé à la première fois où j'ai utilisé un ordinateur. c'était un énorme engin beige, et je n'oublierai jamais le sentiment de magie lorsque la connexion à internet a fonctionné pour la première fois. oh, les jeunes d'aujourd'hui ne connaissent pas cette excitation avec leurs gadgets ultrarapides ! mais qu'importe, je suis une mamie dans le vent et je ne suis pas prête de m'arrêter. avec tendresse, mamie margot |chier journal, en ce jour, tandis que j'affinoye mes compaignies sur tiktok, me suis remembré de la première fois que usay un engin d'ordinateur. c'estoit une grande machine de couleur beige, et jamais n'oubliray le sentiment de magie quand la connexion à l'internet fonctionna pour la première fois. o, les jeunes gens de ce temps ne cognoissent point telle esmotion avec leurs engins ultra-rapides ! mais qu'importe, je suis une mamye en la vogue et ne suis point preste de m'arrêter. avec tendresse, mamye margot 
je m'appelle marc, et parfois, en rangeant les photos sur mon smartphone, je tombe sur ce cliché particulier : moi et clara, ma fille, lors de notre première balade à vélo. à cette époque, la technologie ne se glissait pas encore dans chaque recoin de nos vies, laissant place à des instants aussi simples que précieux, où un sourire échangé dans le vent valait bien plus que mille messages instantanés. parfois, je me demande si elle se souviendra de ces moments avec autant de clarté que je le fais, dans ce monde où tout est désormais archivé, mais si rarement vécu pleinement.|je me nomme marc, et par fois, en ordonnant les paintures en mon esmarphone, je treschue sur ce portraict singulier : moy et clara, ma fille, lors de nostre premiere promenade à cheval de fer. en ce temps là, la technologie ne s'immisçoit point en chascun recoin de noz vyes, laissant place à des instants aussi simples que précieux, où ung soubzrié eschangé en l'ayre valoit bien plus que mille messages promptement envoyés. par fois, je me demande se elle se souviendra de ces moments avec aussi grant clarté que je le fais, en ce monde où tout est ores archivé, mais si rarement pleinement vesqu.
chère claire, ce matin-là, alors que je jonglais entre les tartines brûlées et les cartables éparpillés, j'ai croisé au parc une vieille amie, sophie. notre conversation, d'abord chaleureuse, a rapidement tourné à la dispute sur des souvenirs du passé. malgré le tumulte de la vie quotidienne, cette rencontre m'a rappelé l'importance des liens qu'on tisse et qu'on laisse parfois se défaire trop facilement. avec toute mon affection, élise|chière claire, en cest matin, tandis que je jongloye entre les tartines arsies et les escarcelles esparsees, je rencontray en le parc une vielle amye, sophie. nostre propos, premierement chault, se tourna tost en discord sur souvenances du passé. malgré le tumulte de la vie quotidienne, ceste rencontre me remembra l'importance des liens que nous tissons et que laissons quelquefois trop aisement se desfaire. avec toute m'affection, élise
ah, chers élèves, laissez-moi vous raconter une histoire qui me tient à cœur. c'était lors de la fête de la saint-jean, une soirée où les flammes des feux de joie dansaient comme des esprits libres et où les rires résonnaient sous les étoiles. c'est là, parmi les éclats de lumière et les airs de musique folklorique, que j'ai rencontré élise, une ancienne élève qui, par sa passion pour la littérature, m'avait autrefois inspiré à devenir un meilleur professeur. nous avons discuté des livres qui nous avaient marqués, et cette rencontre a ravivé en moi la flamme de la transmission du savoir, me rappelant pourquoi j'aime tant enseigner le français.|ah, chiere jeunesse, laissez-moy vous raconter une histoire qui me tient à cuer. ce fut lors de la feste de la saint jehan, une nuict où les flammes des feux de joie dansoient comme des esperitz libres et où les ris resonnoient sous les estoilles. là, parmi les esclatz de lumiere et les airs de musique folque, je rencontray élise, une anciene disciple qui, par sa passion pour la lettreure, m'avoit jadis inspiré à devenir meilleur maistre. nous devisames des livres qui nous avoient marquez, et ceste rencontre r’alluma en moy la flame de la transmission du sçavoir, me remembrant pourquoy j'ayme tant enseigner le françois.
salut, c'est maxime, ton étudiant en médecine préféré, ou plutôt ton zombie ambulant... tu sais, j'ai réalisé que mes émotions sont un peu comme mes notes de cours : je sais qu'elles existent, mais je ne sais jamais où elles sont quand j'en ai besoin ! entre la joie d'avoir fini une dissection et la tristesse de voir mon café renversé, je vis un véritable tour de montagnes russes émotionnelles. allez, je retourne à mes bouquins, en espérant qu'ils comprennent mes émotions mieux que moi !|salut, c'est maxime, ton estudiant en medecine préféré, ou plustost ton mort-vivant vagabond... tu sçais, j'ay réalisé que mes émotions sont un peu comme mes notes de cours : je sçay qu'elles existent, mais je ne sçay jamais où elles sont quant j'en ay besoing ! entre la joye d'avoir achevé une dissection et la tristesse de veoir mon café espandu, je vis un véritable tour de montagnes russes émotionnelles. adieu, je retourne à mes livres, en espérant qu'ils comprennent mes émotions mieux que moy !
objet : quelques nouvelles familiales chers collègues, je tenais à partager un moment de réflexion avec vous, car malgré le tourbillon incessant de nos vies professionnelles, ma famille reste mon ancrage. mes enfants grandissent à une vitesse fulgurante, et je m'efforce de ne pas rater ces précieux instants, même si jongler entre les réunions et les devoirs du soir relève parfois de l'exploit. j'espère que vous trouvez également le temps pour ces moments essentiels qui nourrissent notre équilibre. bien à vous, thomas dupuis|objet : aulcunes nouvelles de famille chiers compaignons, je vouloye partager ung moment de reflexion avec vous, car mesmement en le tourbillon incessant de noz vies laborieuses, ma lignage demeure mon ancre. mes enfans croissent à une vitesse merveilleuse, et je m'efforce de ne point faillir ces précieux instans, mesmement s'il convient de jongler entre les assemblées et les devoirs de la nuict, ce qui souvent est ung exploit. je espère que vous trouvez aussi le temps pour ces moments essentiels qui nourrissent nostre équilibre. bien à vous, thomas dupuis
traduction en