mot,lemme
Cil,cil
qui,qui1
fist,faire
d',de
Erec,Erec
et,et
Enide,Enide
Et,et
les,le
comandemanz,comandement
Ovide,Ovide
l',li
art,ardre
amors,amour1
an,an
romans,romanz
mist,mettre
le,le
mors,mors
de,de
espaule,espaule
Del,de.le
roi,roi1
Marc,
Ysalt,Iseut
la,le
blonde,blond
hupe,hupe
aronde,aronde
del,de.le
rossignol,rosseignol
muance,müance
.I.,un
novel,nouveau
conte,compter
rancomance,rencomencier
D',de
un,un
vaslet,vaslet
Grece,Grece
fu,être1
linage,lignage
Artu,Artu
Mes,mais1
ainz,ains
que,que
lui,lui
rien,rien
vos,vous
die,dire1
Orroiz,öir
son,son4
pere,père
vie,vie
Dom,dont
il,il
quel,quel
Tant,tant
preuz,pro
fier,fier2
corage,courage
Que,que
por,pour
pris,prix
los,los1
conquerre,conquérir
Ala,aller
Engleterre,Angleterre
Qui,qui1
lors,lors
estoit,être1
Bretaigne,Bretagne
dite,dire1
Ceste,cist
estoire,estoire1
trovons,trover
escrite,écrire
conter,compter
vuel,vouloir
retraire,retraire
En,en1
.i.,un
des,de.le
livres,livre1
aumaire,armaire
Monseignor,seignor
saint,saint
Pere,père
a,à
Biauvez,Biauvez
De,de
li,le
contes,comte
estrez,estraire
tesmoingne,tesmoignier
voire,voire1
Por,pour
ce,ce1
fet,foi1
ele,elle1
mialz,mieus
croire,croire
Par,par1
nos,notre
avons,avoir1
Les,le
fez,faire
anciens,ancien
savons,savoir1
siegle,siecle
jadis,jadis
Ce,ce1
ont,avoir1
nostre,notre
livre,livre1
apris,apprendre
Qu',que
ot,avoir1
chevalerie,chevalerie
Le,le
premier,premier1
clergie,clergie
Puis,puis
vint,venir
Rome,Rome
some,some2
or,or1
est,être1
France,France
venue,venue
Dex,Dieu
doint,doner
qu',que
i,y2
soit,être1
maintenue,maintenir
leus,lieu1
abelisse,abelir
ja,jà
mes,mais1
n',ne1
isse,issir
L',le
enors,onor
s',son4
arestee,arester
avoit,avoir1
as,à.le
altres,autre
prestee,prester
Car,car
Grezois,Gregois
ne,ne1
Romains,Romain
Ne,ne2
dit,dire1
plus,plus
mains,main1
ax,eux
parole,parole
remese,remanoir
estainte,éteindre
vive,vif
brese,brese
Crestiens,Crestiien
comance,commencer
Si,si4
con,comme
reconte,reconter
trez,tref2
empereor,empereur
Puissant,poissant
richesce,richece
enor,onor
tint,tenir
Costantinoble,
Empereriz,empererriz
cointe,cointe
noble,noble1
Don,dont
emperere,empereur
.ii.,deus
enfanz,enfant
premiers,premier1
si,si4
granz,grand
autres,autre
nessance,naissance
eüst,avoir1
se,se1
pleüst,plaire
Poïst,pöoir
chevaliers,chevalier
devenir,devenir
tot,tout2
empire,empire1
maintenir,maintenir
Li,le
non,non
Alixandres,Alixandre
Alis,Aelis
apelez,appeler
mandres,petit
Tantalis,Tantalis
mere,mère
empereriz,empererriz
La,le
tant,tant
lesseron,laissier
Alixandre,Alexandrie
conteron,conter
corageus,corajos
fiers,fier3
deigna,daigner
Devenir,devenir
sa,son4
region,regïon
Oï,öir
feire,faire
menssion,mencïon
Artus,Artu
reignoit,regner
barons,baron
tenoit,tenir
An,en1
conpaignie,compagnie
toz,tout2
jorz,jour
dotee,doter2
corz,cour
renomee,renommée
par,par1
monde,monde1
Comant,coment1
fins,fin1
responde,respondre1
comant,command1
en,en1
aveingne,avenir
N',ne1
riens,rien
nee,naître
deteingne,detenir
El,en1.le
mont,mont
voist,aler
Breteingne,Bretaigne
droiz,droit1
congié,congé
preingne,prendre
A,à
aille,aler
Cornoaille,Cornoaille
prandre,prendre
demander,demander
Va,aller
parler,parler
biax,beau
Ja,jà
dira,dire1
quex,quel
ses,son4
veuz,vo
vialt,voloir
anprandre,emprendre
«,«
Biau,bel1
aprandre,aprendre
Un,un
don,don
querre,quérir
os,us
je,je
me,me
doingniez,doner
porloigniez,porloignier
Se,se1
otroier,otroiier
devez,devoir2
»,»
cuide,cuidier1
estre,être1
grevez,grever
empereres,empereur
po,pour
bien,bien
fil,fils
sor,sur1
tote,tout2
Doit,devoir
voloir,voloir
covoitier,covoitier
Mout,moult
cuideroit,cuidier1
esploitier,esploitier
Cuideroit,cuidier1
feroit,faire
S',si3
acroissoit,acroistre
Biax,beau
filz,fils
otroi,octroi
Vostre,votre
pleisir,plaisir
dites,dire1
moi,moi
volez,vouloir
doingne,doner
Or,or1
feite,faire
besoingne,besogne
vaslez,vaslet
mout,moult
liez,lié
Qant,quand
dons,don
otroiez,otroiier
desirroit,desirrer
avoir,avoir1
Sire,sire
savoir,savoir1
m',me
avez,avoir1
acreanté,acreanter
Je,je
grant,grand
planté,plenté
vostre,votre
argent,argent
conpaignons,compagnon
gent,gent1
Tex,tel
voldrai,voloir
eslire,élire
issir,issir
irai,aller
presanter,presenter
mon,mon1
servise,service
Au,a3.le
Bretaingne,Bretagne
justise,justice
chevalier,chevalier
face,faire
avrai,avoir
armee,armer
hiaume,heaume
el,el1
chief,chef
jel,je.le
plevis,plevir
nul,nul
jor,jour
soie,soie
vis,vis3
rois,roi1
ceingne,ceindre
espee,épée
deingne,deignier
autrui,autrui
armes,arme
sanz,sans
atandre,atendre
Respont,répondre
Deu,Dieu
Cist,cist
païs,pays
vostres,votre
quites,quitte
riche,riche
tenir,tenir
chiche,chiche1
bel,beau
doner,donner
Demain,demain
ferai,faire
coroner,coroner
seroiz,estre1
demain,demain1
Tote,tout2
iert,être1
main,main1
noz,notre
recevrez,recevoir
reçoivre,recevoir
seiremanz,sairement
homages,hommage1
refuse,refuser
pas,pas1
sages,sage1
antant,entendre
promesse,promesse
andemain,endemain
aprés,après
messe,messe
peres,père
adober,adober
malvés,mauvais
ou,en1.le
ber,baron
autre,autre
suen,sien
buen,bon
ai,avoir1
requis,requérir
donez,donner
veir,voir2
gris,gris1
boens,bon
chevax,cheval
dras,drap
einçois,ainçois
Voldrai,voloir
servir,servir
ancor,encore
vertu,vertu
poïsse,pöoir
porter,porter1
Nus,nous
porroit,pouvoir2
retorner,retorner
proiere,prière
losange,losenge2
terre,terre1
estrange,étrange
Veoir,vëoir
cui,qui1
renons,renom
corteisie,cortoisie
proesce,prouesse
Maint,maint
haut,haut
home,homme
lor,leur2
peresce,perece
Perdent,perdre
porroient,pouvoir2
cheminoient,cheminer
acordent,acorder
ansanble,ensemble
Repos,repos
sanble,sembler
nule,nul
alose,aloser
Riches,riche
hom,homme
repose,reposer
Ensi,ainsi
sont,être1
contraire,contraire1
divers,divers
cil,cil
sers,serf
amasse,amer1
acroist,accroître
loist,loisir2
Los,le
vail,valoir
I,un
metre,mettre
poinne,peine
travail,travail1
ceste,cist
chose,chose
dotance,doutance
joie,joie
pesance,pesance
Joie,joie
part,part1
depart,départir
fait,faire
Quelque,quel1
ait,avoir1
covient,convenir
boen,bon
consantir,consentir
ampereres,emperëor
doit,devoir2
mantir,mentir
lessier,laissier
doi,deux
tandre,tendre2
voi,voir1
tresors,trésor
poez,pouvoir2
seisir,saisir
plainnes,plein
deus,dieu
barges,barge1
soiez,estre1
larges,large
heitiez,haitier
cortois,courtois
afeitiez,afaitier
promet,promettre
bandon,bandon
met,mettre
enore,onorer
comande,comander
largemant,largement
despande,despendre2
reison,raison
coi,quoi
croi,croire
Largesce,largece
dame,dame1
reïne,reine
totes,tout2
vertuz,vertu
anlumine,enluminer
mie,mie3
grief,grief2
prover,prouver
puet,pouvoir2
torner,torner
puissanz,puissant
riches,riche
honiz,honir
chiches,chiche1
grace,grâce
largesce,largece
loer,louer1
soi,son4
prodome,prudhomme
hautesce,hautece
gentillesce,gentillece
force,force
seignorie,seignorie
biautez,biauté
ausi,aussi
come,comme
rose,rose
Est,être1
flors,fleur1
bele,beau
neist,naistre
fresche,frais2
novele,nouvelle
Einsi,ainsi
avient,advenir
Desor,desor
tient,tenir
bontez,bonté
trueve,trover
prueve,prover
Fet,faire
.v.,cinq
.c.,cent
dobles,doble
monter,monter
diroie,dire
mitié,moitié
Bien,bien
esploitié,esploitier
quanqu',quanque
quis,qui1.le
rové,rover
trové,trouver
Tot,tout2
creante,créanter
fut,être1
dolante,dolent
voie,voie
oï,ouïr
Ou,où
devoit,devoir2
aler,aller
duel,deuil
tort,tort1
enfance,enfance
blasme,blâme
lot,louer1
au,à.le
tost,tôt
pot,pouvoir2
Comande,comander
nes,ne1.le
aprester,apprêter
arester,arrêter
longuemant,longement2
comandemant,comandement
Furent,être1
chargiees,chargier
cele,cil
nuit,nuit
vin,vin1
char,chair
bescuit,
port,port1
deport,déport
Vint,venir
sablon,sablon1
avuec,avec
conpaignon,compagnon
lié,lié
estoient,être1
convoie,convoiier
poise,peser1
truevent,trover
lez,lez
faloise,falise
mariniers,marinier
dedanz,dedenz
mers,mer
peisible,paisible
soés,söef
vanz,vent
dolz,douz
airs,air
serains,serein
premerains,premerain
partiz,partir
cuer,cœur
dolant,dolent
vantre,ventre1
nef,nef1
batel,batel2
antre,entrer
Ansanble,ensemble
quatre,quatre
troi,trois
dui,deux
Tancent,tencier
antrer,entrer
atandue,atendue
Tantost,tantost
voile,voile1
tandue,tendre1
barge,barge1
desaencree,desäancrer
agree,agreer
voient,voir1
pueent,pöoir
convoient,convoiier
veüe,voir1
ialz,ueil
puissent,pöoir
esgarder,esgarder
vont,aller
tuit,tous
Lez,lez
marine,marine
pui,puis
iluec,illuec
esgardent,égarder
enui,enui
veoir,vëoir
Lor,lors
ami,ami
voir,voir2
enuie,envie
droit,droit1
conduie,conduire
Sanz,saint
anconbrier,encombrier
peril,peril
mer,mer
furent,être1
avril,avril
une,un
partie,partie
mai,mai
esmai,esmai
Vindrent,venir
desoz,dessous
Hantone,Hantone
vespres,vêpre
none,nonne
Gietent,jeter
encre,ancre
orent,avoir1
sofrir,sofrir
meseise,mesaise
painne,peine
sainne,saner
Orent,avoir1
demoré,demorer
descoloré,descolorer
afebli,afeblir
vain,vain
Tuit,tous
fort,fort
sain,saint
neporquant,nonpourquant
font,faire
eschapé,échapper
venu,venir
voloient,vouloir
formant,forment2
doloient,doloir
Desoz,desoz
remainnent,remanoir
demainnent,demener
anquerre,enquerre
Eingleterre,Engleterre
dist,dire1
Guincestre,Guincestre
porront,pöoir
vuelent,vouloir
lever,lever
matin,matin
tienent,tenir
chemin,chemin
esvoillent,esveillier
atornent,atorner
aparoillent,apareillier1
quant,quant
atorné,atorner
torné,tourner
tenu,tenir
sejor,sejor
Einçois,ainçois
fust,être1
prime,prime1
cort,cour
Gré,gré2
pié,pied
descendent,descendre
degré,degré
escuier,escuier2
cheval,cheval
Remestrent,remanoir
aval,aval
montent,monter
amont,amont
Devant,devant
meillor,meilleur
onques,onques
voit,voir1
pleisent,plaire
abelissent,abelir
devant,devant
venissent,venir
Ostent,oster2
mantiax,mantel
cos,col
tenist,tenir
fos,être1
trestuit,trèstous
desafublé,desafubler
alé,aller
baron,baron
esgardoient,esgarder
genz,gens
pleisoient,plaire
cuident,cuidier1
soient,être1
aage,âge
Gent,gent1
lonc,long
corssage,corsage
robes,robe
vestoient,vestir
drap,drap
taille,taille
sanblant,semblant1
color,couleur1
Doze,doze
seignor,seigneur
Dont,dont
dirai,dire1
miaudres,meillor
nus,nous
Mains,main2
orguel,orgueil
desroi,desroi
Desfublez,desfubler
tailliez,taillier1
agenoilliez,agenoillier
amor,amour1
agenoillent,agenoillier
salue,salüer
leingue,langue1
esmolue,esmoudre
sagemant,sagement
Rois,roi2
mant,mentir
Renomee,renomee
renome,renomer
Des,de.le
nasqui,naistre
puissance,poissance
creance,créance1
M',mon1
amené,amener
enorer,onorer
demorer,demeurer
noviax,novel
servises,service
nel,ne1.le
sui,être1
serai,être1
clamez,clamer
amez,aimer
vuilliez,voloir
faire,faire
Retenez,retenir
debonaire,debonaire
ci,ci1
maintenant,maintenant
respont,répondre
Amis,ami
refus,refuser
veignant,venir
sanblez,sembler
cuit,cuider
hauz,haut
homes,homme
estes,être1
somes,être1
Voire,voir
tes,ton2
foi,foi1
sire,sire
amis,ami
nons,nom
mis,mettre
ge,gens
reçui,recevoir
sel,sceau
cresme,chrême
crestianté,crestïenté
baptesme,baptême
chiers,cher
retieng,retenir
volantiers,volentiers
plest,plaire
heite,haitier
venuz,venir
ma,mon1
enort,onorer
Com,come1
franc,franc2
sage,sage1
Trop,trop
esté,être1
genolz,genou1
Relevez,relever
sus,sus
ore,or2
avant,avant
privez,privé
arivez,ariver1
Atant,atant
lievent,lever
Lié,lié1
Deboneiremant,debonairement
retenuz,retenir
vuelle,voloir
faut,falir
apialt,apeler
acuelle,acoillir
orguelle,orgoillier
nobles,noble1
monseignor,seignor
Gauvain,Gauvain
acointe,acointier
amer,no_lem
chascun,chacun
Nes,ne1.le
messire,seignor
Gauvains,Gauvain
aimme,amer1
claimme,clamer
vile,ville
chiés,chef
borjois,bourgeois
ostel,hôtel1
porent,pouvoir2
aporté,aporter
comandé,comander
conseillié,conseillier1
esveillié,esveillier
despandre,despendre2
Voldra,voloir
antendre,entendre
Bele,beau
mainne,mener
done,donner
despant,despendre2
com,comme
apant,apendre
cuers,cœur
consoille,conseillier1
Trestote,trestot
mervoille,merveille
amenez,amener
penez,pener
prise,prise1
cel,cil
termine,termine
vost,voloir
passer,passer1
Toz,tous
amasser,amasser
consoil,conseil
porra,pöoir
comander,comander
reveingne,revenir
pes,pais
gart,garder
mainteingne,maintenir
Fu,estre1
comandee,comander
Angrés,Angres
Guinesores,Guinesores
cuidoient,cuidier1
ancores,encore
mut,movoir
dameiseles,damoisele
oent,oïr
noveles,nouvelle
vient,venir
Breton,Breton
passa,passer1
Vaslet,vaslet
pucele,pucelle
antra,entrer
Fors,fors
seulemant,solement2
voiremant,voirement
amena,amener
Soredamors,Soredamors
desdaigneuse,desdeignos
Onques,onque
ome,ome
deignast,deignier
biauté,biauté
dameisele,damoisele
Estoit,estre1
avenanz,avenant2
deüst,devoir2
antandre,entendre
volt,vouloir
antante,entente
fera,faire
Amors,amor
vangier,vengier
dangier,dangier
mené,mener
assenee,assener
dart,dart
ferue,férir1
Sovant,sovent
palist,pâlir
sovant,sovent
tressue,tressüer
mau,mal1
gré,gré1
estuet,estovoir
vers,vers2
esgart,esgart
frere,frère
Chieremant,chierement
achate,acheter
conpere,comparer2
Son,son4
desdaing,desdeing
chaufé,chaufer
baing,bain
eschaufe,eschaufer
nuist,nuire
Ses,son4
traïson,trahison
encuse,encuser
Oel,ueil
traïe,träir
anhaïe,enhäir
soloit,souloir
grieve,grever
Grieve,grever
Nel,ne1.le
ençois,ainçois
siet,être1
griet,grever
baillie,baillie1
seroit,savoir1
faillie,falir
devroie,devoir
prisier,prisier
pooie,pouvoir2
justisier,justicier2
porrai,pouvoir2
garder,garder
Amor,amour1
dialt,doloir
prie,prier
requiert,requérir
Amerai,amer1
reclaimme,reclamer
mi,mi1
oel,ueil
traient,traire
reclaim,reclaim
Dirai,dire
aim,aimer
Nenil,nenni
car,char
mançonge,mençogne
chalonge,chalonge
clamer,clamer
donc,donc
forfet,forfait
voel,vouloir
Quex,quel1
corpes,coupe
Doi,devoir
blasmer,blâmer
Cui,qui1
Moi,moi
garde,garde2
Mi,mon1
esgarde,esgarder
atalante,atalenter
Chose,chose
feïst,faire
Sa,son4
volentez,volonté
doloir,doloir
Doloir,doloir
fole,fou1
afole,afoler1
Volantez,volenté
vaigne,venir
enuis,enui
oster,ôter
puis,puis
Fole,fol3
Donc,donc
porroie,pöoir
petit,petit
avoie,avoir1
Cuide,cuidier1
sialt,soloir
desveier,desvoiier1
Autrui,autrui
aveier,avoiier
fui,fuir
amerai,aimer
acointance,acointance
meïsmes,même
tance,tencier
Une,un
het,haïr
dote,doute
set,savoir1
vaille,valoir
Vers,vers2
desfandre,defendre
mestier,métier
desfanse,defense
c',que
panse,penser
igaumant,igaument
Tel,tel
livreison,livroison
uns,un
covoite,covoitier
leax,lëal
droite,droit2
seüst,savoir1
Quel,quel
volanté,volenté
chascuns,chacun
prant,prendre
Descolorer,descolorer
anpalir,empalir
avenir,advenir
Espoir,espoir2
aparceüst,apercevoir
deceüst,decevoir
angingne,engignier1
deçoit,decevoir
max,mal1
ques,quel
ces,cest
trois,trouver
fors,fors
tierz,tiers
ancusent,encuser
escusent,escuser2
antechié,entechier
pechié,péché
ancorpe,encouper1
mal,mal2
tret,traire
seüe,savoir1
firent,faire
servirent,servir
Come,come1
droiturier,droiturier1
quier,quérir
foiz,foi1
orroiz,öir
dire,dire1
amanz,aimer
travaille,travaillier
bataille,bataille
desirre,desirrer
Celi,cel
sopire,sospirer
savra,savoir
maint,maint
avra,avoir1
soffert,sofrir
sert,servir
puceles,pucele
chanbre,chambre1
celi,cel
remanbre,remembrer
ose,oser
aparler,aparler
aresnier,araisnier
osast,oser
desresnier,deraisnier
Volantiers,volentiers
torne,tourner
alume,allumer
costume,coutume
peissent,paistre
dont,dont
nest,naître
aidier,no_lem
doie,devoir2
cuist,cuire
feu,feu1
aproche,aprochier
acoste,acoster
arrieres,ariere
oste,hôte
Adés,adès
croist,croistre
monte,monter
honte,honte
cuevre,covrir
çoile,celer1
pert,paroir1
flame,flame
funs,fun
charbon,charbon
soz,soz
cendre,cendre
chalors,chaleur
mandre,petit
dure,durer1
desus,dessus
andui,ambedeux
engoisse,angoisse
conoisse,conoistre
conplainte,complainte
aparçoive,apercevoir
Estuet,estovoir1
deçoive,decevoir
faus,fou1
plainte,plainte
primes,prime1
plaint,plaindre
demante,dementer
represante,representer
sant,saint
grevé,grever
eslevé,eslever
lesse,laissier
lit,lit
reposer,reposer
delite,delitier
remanbrer,remembrer
contenance,contenance
point,point2
esperance,espérance
biens,bien
venir,venir
fol,fou1
Voiremant,voirement
pans,pan3
torneroit,torner
pis,pis2
folie,folie1
panser,penser
feïsse,faire
apeler,appeler
seü,sëu
celerai,celer1
savrai,savoir1
dolors,douleur
Aïde,äie
secors,secors
Fos,fol3
anfermeté,enfermeté1
quiert,quérir
aïde,äie
santé,santé
trover,trouver
leu,lieu1
tex,tel
preu,preu
porquerre,porquerre
porchace,porchacier
dom,dont
iroit,aller
rover,rover
Il,il
traveilleroit,travaillier
mien,mien
grevain,grevain
garison,garison
mecine,mécine
poison,poison
herbe,herbe
racine,racine
miens,mien
anracinez,enraciner
mecinez,meciner
j',je
manti,mentir
cest,cist
santi,sentir
osasse,oser
mostrer,mostrer
Poïsse,pöoir
mire,mire1
eidier,aidier
empleidier,emplaidier
daigneroit,deignier
loier,lier
voldroit,voloir
sai,savoir1
faz,faux1
Jel,je.le
Cest,cist
Set,sept
cuidoie,cuidier1
felon,félon
esprové,esprover
jeus,jeu
antremet,entremetre
devers,devers
grever,grever
suens,sien
geus,jeu
buens,bon
Malvés,mauvais
joer,jöer
Retrerai,retraire
feroie,faire
san,sen2
chastie,chastiier
menace,menacier
anseignier,enseignier
mestre,maître1
desdaignier,desdeignier
desdaingne,desdeignier
aprant,aprendre
ansaingne,enseignier
Granz,grand
trop,trop
bat,batre
ice,ce1
esmaie,esmaiier
cop,coup
plaie,plaie
plaing,plaindre
navré,navrer
jusqu',jusque
trait,traire
retrait,retraire
t',te
cors,corps
defors,defors
diras,dire
uel,ueil
crevé,crever
di,dire1
darz,dard1
parmi,parmi
passez,passer1
bleciez,blecier
quassez,casser
requialt,recoillir
randre,rendre
soing,soin
fuer,fuer2
mereors,mirëor
mireor,mirëor
trespasse,trépasser
blesce,blecier
quasse,casser
sans,sans
espris,éprendre
Ausi,aussi
chandoile,chandoile
esprise,éprendre
lenterne,lanterne
mise,mettre
departez,departir
istra,issir
clartez,clarté
lanterne,lanterne
oscure,oscur
luist,luire1
anpire,empirier
Autresi,autresi
verrine,verrine
forz,fort
anterine,enterin
rais,rai1
soloil,soleil
past,passer1
quast,casser
voirres,voirre
clers,clerc
fiert,férir1
soe,son4
sachiez,savoir
voirre,voirre
es,en1.le
luiserne,luiserne
remire,remirer
uevre,uevre
maintes,maint
oevres,uevre
diverses,divers
unes,un
verz,vert
perses,pers
vermoille,vermeil1
bloe,blo
loe,louer1
vil,vil
chiere,cher
tiex,tel
mostre,mostrer
traïst,trahir
deceü,decevoir
veü,voir1
rai,rai1
anconbrez,encombrer
anombrez,enombrer
failliz,falir
malbailliz,maubaillir
anemi,ennemi
oblie,obliger
Reter,reter1
felonie,félonie
mespris,mesprisier
Mon,mon1
heent,häir
Ha,ha
cist,cist
.iii.,trois
ocïent,ocire
sergent,sergent1
fïent,fïer
moie,mien
verité,vérité
cez,cist
deserité,déshériter
perist,perir
norrist,nourrir
aconpaigne,acompagnier
faillir,faillir
plaigne,plaine
Quanqu',cantque
aveigne,avenir
tart,tard
reparlerai,reparler
comandez,comander
bailliez,baillier
dot,doter2
faille,faille1
fail,falir
metrai,mettre
floiche,fleche
penon,
Sont,estre1
pres,preindre
ravise,raviser
devise,deviser
greve,greve1
estroite,étroit1
polie,polir
rote,rote4
amander,amender
coloré,colorer
Con,come1
doré,dorer
doreüre,dorëure
savez,savoir1
Estoient,estre1
luisant,luire1
treces,trece
sores,sor1
vi,voir1
C',ce1
tres,trois
precieus,precïos
tel,tel
tresor,tresor
avroit,avoir
anvie,envie
Androit,endroit
jurer,jurer
desirreroie,desirrer
seul,seul
penons,penon
donroie,donner
Antioiche,Antioche
choses,chose
esligier,esligier
vaut,vouloir
remenanz,remanant
desirranz,desirrer
anvieus,envïos
Sui,estre1
remirer,remirer
front,front
cler,clair1
glace,glace
esmeraude,esmeraude
topace,topace
clarté,clarté
Sanblent,sembler
chandoiles,chandoile
ardent,ardre
boche,bouche1
delivre,délivrer1
poïst,pöoir
descrivre,descrire
lis,le
esface,esfacier
anluminer,enluminer
bochete,bochete
riant,rire1
tele,tel
esciant,escïent
veïst,voir1
cuidast,cuidier1
reïst,rire
dant,dent2
toche,tochier
antretaingnent,entretenir
avaingnent,avenir
Nature,nature
verroit,voir1
oevre,uevre
diroit,dire1
fussent,être1
ivoire,ivoire
chascune,chacun
portraire,portraire
manton,menton
oroilles,oreille
mervoilles,merveille
aucune,aucun
trespas,trépas
cristax,cristal
trobles,torble1
blans,blanc
Plus,plus
clere,clair1
trece,trece
chevece,chevece
Jusqu',jusque
fermail,fermail
antroverture,entr'overture
Vi,vëoir
piz,pis1
nu,nous
coverture,coverture
blanc,blanc
nois,noix
negiee,neiger
alegiee,alegier1
eüsse,avoir
seüsse,savoir
Deïsse,dire
poiche,pechier
façon,façon
mostra,mostrer
adons,adonc
coche,coche1
fleche,fleche
ert,être1
coivre,cuivre1
bliauz,blïaut
chemise,chemise
vestue,vêtir
tue,tien
vilainnemant,vilainement
irais,iraistre
vilains,vilain
corroz,corroz
festuz,festu
sera,être1
roz,rompre
desfiance,desfïance
guerre,guerre
lest,laissier
Mialz,mieus
ainsi,ainsi
teingne,tenir1
nelui,nul
santez,santé
veingne,venir
anfertez,enfermeté1
rest,rere
demainne,demener
grand,grand
dort,dormir
anclose,enclore
tançons,tençon
rage,rage
troble,torbler
angoisse,angoisse
destraint,destreindre
plore,plorer
degiete,dejeter
tressaut,tressalir
traveillié,travaillier
sangloti,sanglotir
baaillié,bäaillier
tressailli,tressalir
sopiré,sospirer
Lors,lors
remiré,remirer
destraignoit,destreindre
refaite,refaire1
pansser,penser
quanque,quanque
anhaite,enhaitier
restant,restendre
retorne,retourner
atorne,atorner
recomance,recomencier
plet,plait
deboneire,debonaire
proz,preux
chaut,chaloir
avoec,avec
aut,aler
tolir,tolir
Tolir,tolir
Non,non
Salemon,Salemon
peüst,pouvoir2
humain,humain
pooir,pouvoir1
depecier,depecier
querroie,querre
correcier,corrocier
savoie,savoir
hé,häir
itant,tant
amie,ami
altre,autre
esgaree,esgarer
panssai,penser
vivant,vivre1
verroie,voir1
partir,partir
abelist,abelir
Oïl,oui
remanbrasse,remembrer
desplaise,
volantez,volenté
malveise,mauvais
esbahie,
desfansse,defense
assaut,assalir
gardee,garder
Einz,ains
bonté,bonté
donté,donter
aprandra,aprendre
quoi,quoi
Confeitemant,comfaitement
aprise,aprendre
reprandre,reprendre1
fusse,être
acointable,acointable
amiable,amiable
Bel,beau
anseigne,enseignier
veraie,verai
neant,nïent
clamee,clamer
Amer,amer1
amee,aimer
Aucune,aucun
senefie,senefiier
premiere,premier1
tieng,tenir
ors,or1
acorde,accorde
recorde,recorder
apele,appeler
renovele,renoveler
mitiez,moitié
dore,dorer
sore,sore
autant,autant
sororee,sororer
Doreüre,dorëure
fine,finer
enoree,onorer
cure,cure
clamerai,clamer
Voir,voir
demande,demander
Cestui,cest
pri,pri
desirrier,desirrier2
requerre,requérir
proier,prier
Proierai,priier
donques,donc
avint,advenir
fame,feme
requeïst,requerre
desvee,desver
seroie,estre1
provee,prover
disoie,dire1
reproche,reproche
savroit,savoir
reprocheroit,reprochier1
proié,priier
vilainne,vilain
cestui,cist
premerainne,premerain
devroit,devoir
cert,cert
Ancor,encore
gaires,gaire
demanter,démenter
doive,devoir
J',je
atandrai,atendre
aparcevoir,apercevoir
antremist,entremetre
aprist,apprendre
Aprist,aprendre
oiseuse,oisose
gracieuse,gracïos
usages,usage
poi,peu
escole,école
mainte,maint
losangiee,losengier2
estrangiee,estrangier2
Sel,si3.le
chier,cher
conparer,comparer2
bués,boeuf
arer,arer
despoir,desperer
ama,aimer
espoir,espoir2
amé,aimer
semé,semer1
semance,semence
Neant,nïent
moz,mot
coverz,covrir
cerz,cert
dolor,douleur
tans,temps
fin,fin1
entree,entrée
oitovre,uitovre
messages,message1
Dovre,Douvres
Londres,Londres
Quantorbire,Cantorbire
troblent,torbler
conté,conter
message,message1
ester,no_lem
voldra,voloir
contrester,contrester
ost,ost
mandee,mander
cité,cité
contretenir,contretenir
Trestoz,trestot
Iriez,irier
plains,plain
mautalant,mautalent
facent,faire
talant,talent
confondre,confondre
traïtor,träitor
blasmes,blasme
tribol,tribol
aus,à.le
bailla,baillier
pires,pire1
Guenelon,Ganelon
otroit,otroiier
conseillierent,
essil,essil
sache,sachier2
chastel,château
garantir,garantir
traie,traire
aseürent,assëurer
afïent,afïer
jurent,gésir
randront,rendre
tandront,tenir1
crier,crier
remaingne,remanoir
puisse,pouvoir2
esmeüe,émouvoir
oz,ost
assanbla,assembler
esmovoir,esmovoir
sanbla,sembler
trestoz,trèstous
mondes,monde1
paroient,paroir
ondes,onde
covertes,covrir
certes,certes
noise,noise1
voise,aller
passees,passer1
amassees,amasser
logent,logier
rivage,rivage1
aquerre,aquerre
aquerra,aquerre
anpansé,empenser
tref,tref2
estut,estovoir
vit,voir1
Seignor,seigneur
celez,celer1
besoinz,besoing
ça,çà
parla,parler
Venuz,venir
façoiz,faire
respiz,respit
.xiii.,treize
hernois,harnois
Chascuns,chacun
baille,baille3
Beles,bel1
.xii.,doze
Armes,arme
valut,valoir
igal,igal
volsist,vouloir
vandre,vendre
Droit,droit
desvestirent,desvestir
laverent,laver
baingnierent,baignier
vostrent,voloir
daignierent,deignier
chaufast,chaufer
eve,aigue
estuve,estuve
cuve,cuve
Feire,faire
escrins,escring
cerche,cerchier
vuide,vuit
treite,traire
blanche,blanc
deliee,deliié
soutil,sotil
Es,en1.le
costures,costure
queudre,cosdre
mises,mettre
antrecosu,entrecosdre
chevol,chevel
manches,manche2
col,cou
esprover,esprover
devisast,deviser
cleremant,clerement
avisast,aviser
chevox,chevel
sors,sor1
tramise,tramettre
anvoie,envoiier
reüst,ravoir2
reconforter,reconforter
amast,amer1
remenant,remanant
celui,cil
sot,savoir1
enuiz,enui
sevent,savoir1
levent,lever
presantee,presenter
Celui,celui
soreplus,sorplus
assez,assez
eschange,échange
preïst,prendre
meïst,metre2
demore,demore
veste,vestir
icele,cil
vestuz,vêtir
atornez,atorner
alez,aller
seoir,seoir
voloit,vouloir
adroit,adroit
Chevalier,chevalier
parlerai,parler
contre,contre3
ra,ravoir2
masse,masse1
cuens,comte
Quanque,cantque
prometre,prometre
asanblee,assemblee
foï,fuir
enblee,embler
plusors,plusor
haïz,haïr
redotoit,redoter1
traïz,träir
foïst,fuir
prist,prendre
vitaille,vitaille
departi,départir
foïz,fuir
traïtes,träitor
Avoec,avec
apovri,apovrir
confondu,confondre
respondu,respondre1
reançon,räençon
prandra,prendre
einz,ains
pandra,pendre
prendre,prendre
Maintenant,maintenant
esmuet,esmovoir
vindrent,venir
ores,or4
legiers,legier2
traïtres,träitor
ferma,fermer
soucha,soschier
murs,mœurs
fossez,fossé
adossez,adosser
pex,pel1
aguz,aigu
derriere,derrier(e)
cheïssent,chëoir
perriere,perriere2
fermer,fermer
coust,cost2
juing,jüin
juingnet,
aoust,août
Mist,mettre
roilleïz,röeillëiz
pont,pont
torneïz,tornëiz
Tranchiees,trenchiee
barres,barre
lices,lice2
portes,porte1
fer,fer
coleïces,colëiz
tor,tour1
pierre,pierre
quarree,carrer
porte,porte1
fermee,fermer
peor,peur
chastiax,chastel
sist,seoir
Tamise,Tamise
Sor,sur1
riviere,rivière
asise,asseoir
lut,lire1
logier,loger
logiee,logier
pree,préer
herbergiee,herbergier
paveillons,paveillon
vermauz,vermeil1
colors,color
solauz,soleil
reflanboie,reflamboiier
liue,lieue
pleniere,plenier2
gravier,gravier1
esbanoier,
Seulemant,solement2
lances,lance1
poinz,poing
escuz,écu
joinz,joindre
aporterent,aporter
mostrerent,mostrer
redotoient,redoter1
desarmé,desarmer
cenbelant,cembeler
asanbler,assembler
conpaingnons,compagnon
Premiers,premier
Cornix,Cornix
Aprés,après
Acorde,Acorde
Estout,Estout
Nebunal,Nabunal
Micenes,Misnes
Acoridomés,Acorionde
Athenes,
Ferolin,Ferolin
Salenique,Salenique
Charquedon,Calcedor
Aufrique,Afrique
Parmenidés,Parmenides
Franchegel,Francagel
Torin,Torin
Fort,Fort
Pinabel,Pinabel
Neruis,Nerïus
Neriolis,Neriolis
talanz,talent
escu,écu
lance,lance1
Aille,aler
behorder,behorder
vienent,venir
mauvés,mauvais
prisent,prendre
adobé,adober
avomes,avoir
estrainne,estreine
quintainne,quintaine
premieres,premier1
Longuemant,longement2
gardees,garder
antieres,entier
Nostre,notre
troé,tröer
fret,fraindre
avoirs,avoir2
valt,valoir
estor,estour
assalt,assaut
Passons,passer1
gué,gué
assaillons,assalir
dïent,dire
faillons,falir
saut,salir2
espees,épée
ceingnent,ceindre
ceinglent,cengler
estreingnent,estreindre
Montent,monter
pranent,prendre
panduz,pendre
prises,prendre
pointes,peindre1
devises,devise
frois,frois2
esleissent,eslaisser
beissent,baisser
isnelemant,isnelement
ferir,férir1
sorent,savoir1
merir,merir
espargnent,espargnier
refusent,refuser
plain,plein
reüsent,rëuser
estuisse,estovoir1
vuidier,vuidier
arçons,arçon
tindrent,tenir
garçons,garçon
esperduz,esperdre
perduz,perdre
deschevalez,deschevaler
criz,cri
levez,lever
chapleïz,chaplëiz
fereïz,ferëiz
osassent,oser
corent,corir
fierent,férir1
bruit,bruire
fuit,fuir
remenance,remanance
Greu,Grieu
Ferant,ferir
Assez,assez
testes,tête
colpees,coper
.iiii.,quatre
mort,mort2
gisent,gésir
estraiers,estrayer2
asez,assez
decolez,decoler1
plaiez,player
afolez,afoler1
Done,doner
presante,presenter
seisine,saisine
pandre,pendre
prison,prison1
restez,reter1
geue,jöer
Mande,mander
veigne,venir
traïtors,träitor
deteigne,detenir
covandra,covenir
oltre,outre1
tandra,tenir1
antr',entre
tenue,tenir
durent,devoir2
remés,remanoir
parolent,parler
eles,aile
mot,mot
assise,assise
Delez,dalez
cuisse,cuisse
pansis,pensif
sis,son4
braz,bras
Vit,voir1
costure,costure
acheison,ochaison
meniere,maniere
Ele,elle1
areisnera,araisnier
Apelerai,apeler
Ami,ami
dolce,douz
nomer,nommer
Osasse,oser
Mançonge,mençogne
pesera,peser
mantiroit,mentir
clamoit,clamer
mantiroie,mentir
devriens,devoir
torz,tort1
sornon,sornom
avis,avis
letre,letre
aresteroie,arester
enmi,enmi
apeloie,apeler
Voldroie,voloir
sanc,sang
apelast,apeler
“,""""
”,""""
panssé,
sejorne,sejorner
Contre,contre
vet,aler
prisons,prison
rande,rendre
correciez,corrocier
jes,je.il
anvoi,envoiier
veaust,voloir
passé,passer1
amassé,
leal,lëal
paveillon,paveillon
real,royal
jugemant,jugement
martire,martire2
morroient,morir
escorchié,escorchier
pande,pendre
arde,ardre
traïner,träiner
amener,amener
Amené,amener
lier,lier
seront,être1
detret,detraire
antor,entor
verront,voir1
palais,palais1
demender,demander
hier,ier
assaillir,assaillir
guerredon,guerredon
galois,Galois
acrois,acroistre
mil,mille1
sergenz,serjant
finee,finer1
doné,donner
Ferai,faire
coroné,coroner
rëaume,roiaume
Gales,Gales
Bors,borc
citez,cité
sales,salle
Vos,votre
donrai,donner
Tresqu',tresque
randue,rendre
Mercie,Mercie
boenemant,bonement
mercïent,mercïer
gresles,graisle
soner,soner
buisines,buisine
Boens,bon
praingne,prendre
Escoce,Écosse
creüe,croistre
descreüe,descroistre
pleü,plaire
secheresce,secherece
poisson,poisson
sechiees,sechier
lé,le
Outre,outre1
alee,aller
porprenent,porprendre
valee,vallée1
angarde,angarde
aparoille,apareillier1
ratornent,ratorner
Ençois,ainçois
Traïner,träiner
vax,val1
tertres,tertre
larriz,larriz
marriz,marrir
Ces,cil
esmaient,esmayer
aient,avoir1
randent,rendre
Mestiers,mestier
desfandent,defendre
morir,mourir
traïné,träiner
manbre,membrer2
chanp,champ
assauz,assaut
travauz,travail
lancier,lancer
traire,traire
essaient,essayer
Espessemant,espessement
lancent,lancer
Quarriax,carrel
javeloz,javelot
escrois,escrois1
parz,part1
arbalestes,arbaleste
fondes,fonde1
Saietes,saiete
pierres,piere
reondes,rëont
Volent,vouloir
espés,épais
mesle,mesler
pluie,pluie
gresle,grêle1
travaillent,travailler
assaillent,assalir
nuiz,nuit
devra,devoir
coupe,coupe1
.xv.,quinze
mars,mars1
boene,bon
cope,cope1
delit,délit2
matiere,matiere
descuevre,descovrir
Valent,valoir
lait,laisser
oubliee,oblïer
soir,soir
Aloit,aler
refu,restre
Assis,asseoir
prochiene,prochain
veisine,voisin
seule,seul
seoit,seoir
esgardoit,esgarder
paradis,paradis
destre,dextre
Tint,tenir1
remira,remirer
anpira,empirier
anbloïssoit,emblöir
Queque,que_que
palissoit,palir
sovint,souvenir1
avanture,aventure
rist,rire
rire,rire1
tarde,tarder
regarde,regarder
apelee,appeler
Cele,cil
agenoille,agenoillier
abeli,abelir
aproichier,aprochier
atoichier,atochier
hardemant,hardement
regarder,regarder
amuiz,amüir
esbaïe,esbäir
aïe,aïe3
cingne,cener1
pale,pâle
usage,usage
aparçoit,apercevoir
muances,müance
accident,accident
Rien,rien
Dameisele,damoisele
regardez,regarder
cousue,cosdre
ire,ire
Neporquant,neporcant
oie,oui
oïr,ouïr
feiture,faiture
retarde,retarder
chevolet,chevelet
aore,aorer2
ancline,encliner
leanz,laienz
erent,être1
let,lé
Liez,lié
atant,atant
desirriers,desirrier2
doter,doter2
Nequedant,nequedent
eise,aise
.m.,mil1
beise,baisier
colchiez,couchier
anvoise,envoisier
solace,solacier
anbrace,embracier
changera,changier
deduit,déduire1
aube,aube3
Lonc,lonc
certainne,certain
metent,mettre
trestot,trèstout
tornera,torner
Iluec,illuec
merci,merci
atandent,atendre
malveisemant,mauvaisement
consauz,conseil
repeire,repairier
peire,père
Istront,issir
celee,celer
troveront,trover
desarmee,desarmer
andormiz,endormir
girront,jesir
liz,lit1
Atorné,atorner
apareillié,apareillier1
Avront,avoir
ocision,ocisïon
retreite,retraire
ocisions,ocisïon
vies,vie
fiance,fiance
Desperance,desperance
anhardist,enhardir
garisons,garison
foïr,fuir
poïssent,pöoir
Aus,a3.le
garir,garir
foïssent,fuir
enemi,ennemi
sejornent,sejorner
arment,arment
issent,issir
galerne,galerne
anciene,ancien
posterne,posterle
Serré,serrer
rengié,ranger
issirent,issir
batailles,bataille
apareilliez,appareiller1
estoile,estoile
lune,lune
ciel,ciel
mostrez,mostrer
Comança,comencier
Leva,lever
nuire,nuire
Enlumina,enluminer
haï,haïr
Het,häir
mesprison,mesprison
comanda,comander
luire,luire1
nuisanz,nuire
luisanz,luire1
renuisent,renuire
reluisent,reluire1
eschargaites,eschargaite
eschargaitier,eschargaitier1
devoient,devoir2
escrïent,escrïer
Sus,sus
Prenez,prendre
voz,votre
armez,armer
saillent,saillir
armer,armer
painnent,pener
besoing,besoing
seus,sol1
leisir,loisir1
armé,armer
monté,monter
Quequ',que_que
esploitent,esploitier
covoitent,covoitier
desarmez,desarmer
truissent,trover
sorprandre,sorprendre
Voient,vëoir
parties,partie
departies,départie
bois,bois
mistrent,mettre
anz,an
quarte,quart
val,val1
quinte,quint
broche,brocher
tranchiee,trenchier1
roche,roche1
randon,randon
Parmi,parmi
trovee,trouver
contredïent,contredire
fieremant,fierement
desfïent,desfïer
repruichent,reprochier1
As,à.le
fers,fer
antrapruichent,entr'aprochier
Corent,corir
lyon,lïon
proie,
ateignent,ataindre
devorent,devorer1
anbedeus,ambedos
mortalité,mortalité
envaïe,enväie
chieremant,chierement
vandent,vendre
secorre,secorre1
lessent,laissier
corre,corir
esperoner,esperoner
navrez,navrer
versez,verser1
Vet,aler
ensi,ainsi
gloton,
boton,boton
haubers,hauberc
cendal,cendal
pers,pair1
trives,trieue
offre,ofrir
gaste,gaster
cruelmant,crüelment
haste,hâter
ame,âme
ostex,ostel
remest,remanoir
Fiert,férir1
flans,flanc
espiree,espirer1
ocit,occire
foudre,foudre
vole,voler
Envaïst,enväir
vistemant,vistement
garantist,garantir
broigne,broigne
targe,targe
resont,restre
large,large
cervele,cervelle
espandre,épandre
essartent,essarter
deronpent,derompre
departent,départir
vix,vouloir
esgarees,esgarer
gist,gésir
morz,mort2
arees,aree
duré,durer
estorz,estor2
ainçois,ainçois
piece,pièce
derote,derompre
liues,lieue
dura,durer1
contreval,contreval
baniere,bannière
anble,ambler
.vii.,sept
menez,mener
retornez,retorner
coverte,covrir
anbler,embler
ira,aler
sante,sente2
Chevaliers,chevalier
trante,trente
.vi.,six
grezois,Gregois
.xxiiii.,vint.catre
venist,venir
siudre,sivre
loing,loing
aparçut,apercevoir
arestut,arester
tornent,tourner
retornent,retourner
porpanser,porpenser
perilleus,perillos
vice,vice1
merveilleus,merveillos
pansé,pensé
reconté,reconter
contredit,contredit
Creantez,crëanter
Chanjons,changier
conuissances,conoissance
Prenons,prendre
veons,vëoir
irons,aller
cuideront,cuidier1
soiens,estre1
quiex,quel1
dessertes,deserte2
overtes,ovrir
randrons,rendre
prandrons,prendre
Damedex,Damnedeu
consant,consent
repant,repentir
Sachiez,savoir
otroient,otroiier
ator,atorner
desfanses,defense
reconurent,reconnaître
aguet,agait
apansoient,apenser
portiers,portier2
receüz,recevoir
gabez,gaber
deceüz,décevoir
areisone,araisnier
sone,soner
outre,outre2
mu,mu1
teisant,tisser
feisant,faire
traïnent,träiner
anclinent,encliner
duellent,doloir
Lessus,là
huit,uit
repeirié,repairier
aprestoient,aprester
armeüres,armëure
haster,haster
celeront,celer1
lessus,là
destriers,destrier1
afichent,afichier
estriés,estrieu
anvaïrent,enväir
requistrent,requérir
.xxi.,vint.un
desfiez,desfïer
Traï,träir
traï,träir
esbahi,esbäir
espruevent,esprover
charmez,charmer
troverent,trouver
lessiez,laissier
eslessiez,eslaissier
Veant,vëoir
Macedor,Macedor
ruie,rüer
ocis,occire
anrage,enragier
hardemanz,hardement
doble,doble
froisse,froissier
pooit,pouvoir2
vangeroit,vengier
hardiz,hardi
fel,félon
revet,raler
estroner,estrognier
trestote,trestot
esclice,esclicier
fant,fendre
desmant,desmentir
esloche,eslochier
anbedui,ambedos
aïre,äirier
traites,traire
fraites,fraindre
recovrier,
ovrier,ovrier1
Volsissent,vouloir
covenist,covenir
fenir,finir
parclose,parclose
remenoir,remanoir
ocise,occise
sorprise,sorprendre
anchaucent,enchaucier
reoignent,röoignier
estaucent,estaucier
detranchent,detrenchier
escervelent,escerveler
apelent,appeler
fuient,fuir
conduient,conduire
eslessent,eslaissier
eschaper,échapper
ateingnent,ataindre
esteignent,esteindre
recet,recept
antré,entrer
aresté,arester
venoient,venir
seüz,sivre
antree,entree
armoient,armer
borc,bourg
contretenuz,contretenir
passages,passage
malvestié,mauvaistié
Leissus,là
forteresce,forterece
estopent,estoper
gueule,gueule
avront,avoir
Force,force2
maus,mal1
enorte,enorter
.xx.,vingt
aillent,aler
envaïr,envahir
conbatre,combatre
anbatre,embatre
domageroient,damagier
avoient,avoir1
xx,vingt
dis,dix
ancloe,enclore
jaude,geude
anflamee,enflamer
chaude,chaut
arbalestriers,
mestiers,métier
portoient,porter
aportoient,aporter
jusarmes,gisarme
haches,hache
denoises,danois
Lances,lance1
turquoises,turcois
grevains,grevain
escoz,Escot
adevancirent,adevancir
forclos,forclore
repos,repos
forfeire,forfaire
diax,duel
fames,feme
anfanz,enfant
petiz,petit
veillarz,vieillart
jovanciax,jovencel
tonast,toner
ciax,cil
oïssent,öir
esjoïssent,esjöir
seür,sûr
eür,ëur
eschapera,eschaper
esploit,esploit
desfansses,defense
engin,engin
anbatent,embatre
.x.,dis1
conbatent,combatre
.xvi.,seize
retorné,retorner
ajorné,ajorner
atot,atot
hache,hache
delez,delez
estache,estache
desfant,defendre
consiust,consivre
rangent,rengier1
desreien,däerrain
jornel,journal
vangent,vengier
faignent,feindre
plaignent,plaindre
domage,damage
morte,mourir
afeblie,afeblir
vengier,venger
barre,barre
longue,lonc
pesant,pesant
Avoit,avoir
pandant,pendant
anvers,envers1
anchauce,enchaucier
hauce,hausser
esparree,esparree
chiet,choir
estordiz,estordir
vains,vain
mur,mur
retenist,retenir
sostenist,sostenir
remut,remouvoir
legier,ligier
conquis,conquérir
virent,voir1
pristrent,prendre
mainnent,mener
desservi,deservir
savoient,savoir
trovez,trouver
matinee,matinee
feisoient,faire
reconoissent,reconoistre
Trestuit,trèstout
angoissent,angoissier
pasment,pâmer
vescu,vivre1
Nereüs,Nerïus
revenir,revenir
blasment,blasmer
Corniex,Cornix
Acoriundés,Acorionde
coroient,
lermes,larme
jusque,jusque
Vie,vie1
despiz,despire
desor,desor
chevols,chevel
tirez,tirer
graignor,grant
desconfortent,desconforter
portent,porter1
refont,refaire1
desconforter,desconforter
croient,croire
demantent,dementer
mantent,mentir
Leriolis,Neriolis
porté,porter1
eüssent,avoir1
seüssent,savoir
aportez,aporter
autresi,autressi
songe,songe
croit,croire
boisent,boisier1
boclé,boclé
verté,verité
esmeü,esmovoir
tantes,tant
dolantes,dolent
teisoient,taire
aünee,äuner
mar,mar
cri,cri
Pert,perdre
destrece,destrece
Demostrer,demostrer
apert,apparoir
covert,covrir
paroit,paroi
retreire,retraire
chaloit,chaloir
pleignoit,plaindre
pesanz,pesant
amere,amer
Plore,plorer
cosin,cosin
pasme,pasmer
neveu,nevo
pleignent,plaindre
Peres,père
freres,frère
paranz,parent
aparanz,aparoir
atendre,attendre1
pooient,pouvoir2
graindres,grant
desarment,désarmer
lïent,liier3
requierent,requerre
prïent,priier
praignent,prendre
daignent,deignier
garderont,garder
bailleront,baillier
randra,rendre
merites,mérite1
fenestres,fenestre
montez,monter
desplest,desplaire
Jure,jurer
sainz,saint
leira,laiier2
vivre,vivre1
ocie,ocire
Alez,aller
metez,mettre
desservie,deservir
perdroiz,perdre
rescoez,rescorre
Issiez,issir
Encontre,encontre2
pardonra,pardoner
autremant,autrement
covendra,covenir
pitiez,pitié
prendra,prendre
recroient,recroire
cheü,chëoir
poignant,poindre
alerent,aller
porloignant,porloignier
ist,issir
randu,rendre
atandu,atendre
conjoent,conjöir
loent,löer1
remaint,remanoir
demenoient,demener
afiche,afichier
requiere,requerre
corone,couronne
faudroit,falir
requeroit,requérir
crient,craindre
despleüst,desplaire
respit,répit
atendue,atendue
Soredamor,Soredamors
plot,plaire
contançon,contençon
tançon,tençon
regart,regarder
repestre,repaistre
Grant,grand
aillors,ailleurs
detenuz,detenir
desplot,desplaire
encontré,encontrer
savoit,savoir1
aparceüe,apercevoir
conjoïr,conjöir
acheisons,ochaison
aquialt,acoillir
Loing,loing
parlemant,parlement
antre amassent,entr'amer
fi,fier2
Antre,entre
seison,saison
pire,pejor
haïne,haine
confont,confondre
Amant,amant
greveuse,greveux
confondemant,confondement
trespasser,trépasser
suel,soloir
andoctriner,endoctriner
gardez,garder
contenances,contenance
covrez,covrir
folemant,folement
ovrez,ovrer
celer,celer
omecide,omecide
serez,être1
lo,le
querez,quérir
mariage,mariage
antre aconpaigniez,entr'acompagnier
durer,durer
asseürer,assëurer
asanblerai,assembler
Dame,dame1
escus,écu
aie,avoir1
celasse,celer1
reconeü,reconoistre
celers,celer1
neü,nuire
androit,endroit
otroie,octroyer
voies,voie
presant,present1
ancuse,encuser
tranblant,trembler1
metra,mettre
an.ii.,ambedos
Ansimant,ensement
abandon,abandoner
fauz,fauz
tu,tu
groing,groin
doing,doner
Tien,tenir
tuen,tien
toe,tuen
redot,redoter1
faites,faire
esposailles,esposaille
vitailles,
noces,noce
user,user
perdre,perdre
aerdre,aerdre
Ot,avoir1
Trois,trois
joies,joie
promist,promettre
donroit,donner
reiaume,roiaume
graindre,grant
tierce,tierce
fierce,fierce1
eschaquier,eschequier
mois,mois
trova,trouver
plainne,plein
grainne,graine
porta,porte1
terme,terme
germe,germe1
fruiz,fruit
nature,nature
anfant,enfant
criature,crïature
apelerent,appeler
Cligés,Cliges
mimoire,memoire
vasselage,vasselage
adés,adès
Morz,mourir
covenoit,covenir
anvoier,envoiier
arestoit,arester
murent,mouvoir
acuellent,acoillir
veage,voyage
tormante,tormente
noié,noiier2
renoié,renoiier1
amoit,aimer
menor,mineur1
eschapez,eschaper
Dedanz,dedenz
tenpesté,tempester
revenoient,revenir
ramenoient,ramener
creüz,croire
Prenent,prendre
coronent,coroner
donent,doner
tarda,tarder
granmant,granment
certainnemant,certainement
Sot,savoir1
anperere,emperëor
destorbe,destorber
torbe,torbe1
Galois,Galois
Escoz,Escot
Cornoalois,Cornoalois
assanblee,assemblee
verra,venir
menee,mener
respondre,repondre
quarante,quarante
Icés,cist
Sorlan,Sorham
monterent,
Boen,bon
vant,aller
cers,cerf
passast,passer1
Pristrent,prendre
Ert,être1
contree,contrée
arivé,arriver
privé,privé1
Envoie,envoiier
voldront,voloir
contredire,contredire
droituriers,droiturier
Uns,un
on,on
apeloit,appeler
Acorionde,Acorionde
faconde,faconde
naïs,näif
ancesserie,ancesserie
grande,grand
ancessor,ancessor
eüe,avoir1
chalongier,chalongier
pardone,pardoner
palés,palais2
conjot,conjöir
conjoie,conjöir
seignorage,seignorage
aport,apporter
Antant,entendre
te,te
mande,mander
Soe,suen
tiens,tenir1
reisons,raison
descorde,descorde
rant,rendre
iés,être1
antremis,entremetre
reconforté,reconforter
porz,port1
cresrai,croire
dies,dire
redoter,redoter1
doigne,doner
esloigne,esloignier
tenanz,tenant
responsse,response
confonde,confondre
ton,ton2
desfi,desfïer
Semoing,semondre
veignent,venir
Reisons,raison
teignent,tenir1
doivent,devoir2
leaus,lëal
Apele,appeler
fie,fier2
desfie,desfïer
anvaïe,enväie
neïs,nëis
soveingne,sovenir
Polinicés,Polinicés
Etioclés,Etiocles
germains,germain
antrocistrent,entr'ocire
Autel,autel1
confondue,confondre
resnable,raisnable
droituriere,droiturier
sorquiere,sorquerre
Alys,Alis
bani,banir
faudront,falir
movront,movoir
avenant,avenant1
covenant,covenant
remaigne,remanoir
afeires,afaire2
praigne,prendre
ferme,ferme2
estable,estable1
conestable,conestable
mainteigne,maintenir
Entr',entre
recontee,reconter
montee,monter
receü,recevoir
oïe,ouïr
esposera,esposer2
acordé,acorder
eschevist,eschevir2
plevist,plevir
Acordé,acorder
afeire,afaire2
serviz,servir
Servir,servir
Mort,mourir
espargne,épargner
foible,foible
tut,tout2
sorpreïst,sorprendre
manda,mander
savras,savoir1
Conuistre,conoistre
conbien,combien
vaudras,valoir
vas,aller
Bretons,Breton
Einglois,englois
contien,contenir
soies,être1
coneüz,conoistre
esleüz,eslire
esprovez,esprover
croies,croire
viens,venir
esmaies,esmaiier
oncle,oncle
essaies,essaiier
metes,metre2
obli,obli
amonestemant,amonestement
vesqui,vivre1
avoeques,avuec
Clygés,Cliges
recrurent,recroire
Mauvés,mauvais
tenuz,tenir
lëauté,lëauté
desvoient,dévoyer
maintienent,maintenir
semonent,semondre
enortent,enorter
angressent,engresser
apressent,apresser
engresseté,engresté
gité,jeter
acreante,acreanter
gente,gent2
conseillier,conseillier1
apareillier,apareillier2
iront,aler
tiesche,Tïois
fille,fille1
Alemaigne,Allemagne
atornees,atorner
chevauchent,chevauchier
jornees,jornee
Reneborc,Reneborc
roverent,rover
greignor,graindre
Doint,doner
mandemant,mandement
lieemant,lieement
otroiee,otroiier
aville,avillier
apetise,apeticier2
promise,promettre
duc,duc1
Sessoigne,Saisoinge
mener,mener
venoit,venir
amenoit,amener
dus,duc2
Honte,honte
antandu,entendre
enperere,emperëor
Congié,congié
prenent,prendre
revont,raler
response,
eslite,eslire
veu,vöer1
Coloigne,Coloingne
Fame,feme
panre,prendre
lessera,laissier
anors,onor
abeissera,abaissier
areste,arester
feste,fête
Grex,
Tiois,Tïois
Logier,logier
.xl.,
mile,mille1
antrevirent,entrevëoir
lons,lonc
Manda,mander
traveillier,travaillier
merveillier,merveillier
façona,façoner
Parole,parole
dona,donner
Fenyce,Fenice
fenix,fenis
oisiax,oiseau
Ice,ice1
resanble,resembler
paroille,pareil
miracles,miracle
ovrer,ovrer
recovrer,recouvrer
g',je
doblast,dobler
perdroie,perdre
gié,je
porpans,porpens
deïsse,dire
antremeïsse,entremetre
anpleasse,emploiier
gastasse,gaster
gastee,gaster
hastee,haster
Chief,chef
descovert,descovrir
nue,nu
luors,lüor
Rant,rendre
feïssent,faire
escharboncle,escharboncle
desafublez,desafubler
enublez,enubler
issoit,issir
resplandissoit,resplendir
Vuel,voloir
description,descricïon
briés,bref
flor,fleur1
aages,âge
Narcissus,Narcissus
orme,orme
fontainne,fontaine
forme,forme
cuivre,cuivre2
passe,passer1
encor,encore
resanbloient,resembler
estature,estature
charge,charge
San,sen2
escorce,escorce
escremie,escremie
arc,arc
Tristanz,Tristan
niés,neveu
chiens,chien
failli,faillir
conoissoient,conoistre
angoissoient,angoissier
conoissent,connaître
conduit,conduit
covertemant,covertement
ramainne,ramener
deboneiremant,debonairement
change,changier
changes,change
sanblast,sembler
promis,promettre
Promis,prometre
quitemant,quitement
Doné,doner
Autremant,autrement
alïent,aliier2
voirs,voir
assanbler,assembler
resanbler,resembler
pleisoit,plaire
entandre,entendre
parvienent,parvenir
Seul,sol1
suelent,souloir
Pueent,pöoir
chançons,chançon
Chanter,chanter
concordance,concordance
pruis,prover
sanblance,semblance
voiz,voix
assanblent,assembler
sanblent,sembler
nen,ne1
besoigne,besoigne
envoié,
juevre,juene
oncles,oncle
atande,atendre
envoie,envoiier
fit,
trovera,trover
desfandue,defendre
oltrage,outrage
respondeor,respondëor
enpereor,emperëor
jovenetez,joneté
anfance,enfance
anhatir,enhatir
departir,départir
andeus,ambedos
content,content1
parigal,parigal
nonbre,nombre
sale,salle
desconbre,descombrer
estres,estre3
dontee,donter
conquise,conquerre
fenestre,fenêtre
asseoir,asseoir
repost,repondre
amera,aimer
hors,hors
reluist,reluire1
deportent,deporter
pansive,pensif
estrive,estriver
siust,sivre
retravaille,retravaillier
apertemant,apertement
adroiz,adroit
adresce,adrecier
aloit,aller
brisant,brisier
desconfisant,desconfire
apuie,apoiier
esleissiez,eslaissier
leissiez,laissier
sele,selle
vuiz,vuit
relever,relever
bruiz,bruit
relieve,relever
Vangier,vengier
accroist,acroistre
esleisse,eslaissier
duremant,durement
rechief,rechef
doblee,dobler
troblee,torbler
istront,issir
huimés,ui
vaillant,vaillant
consivant,consivre
Alemaingne,Alemaigne
desconfit,desconfire
chacent,chasser
afit,afit2
ataignent,ataindre
plungent,plongier
baignent,baignier
parfont,parfond
versé,verser1
fuiant,fuir
morne,morne
aporte,aporter
estage,étage
passage,passage
entrer,entrer
ancontré,encontrer
outré,outrer
Tyois,Tïois
Alemant,
florist,florir
retenu,retenir
anfes,enfant
covant,covent1
otroié,octroyer
puepleié,publiier
Dire,dire
eschernie,escharnir
pleire,plaire
angoisseuse,angoissos
destroite,destroit
veillier,veillier2
plessent,plaissier3
moins,moins
jeue,jöer
rit,rire1
esbanoie,esbanoiier
noie,noiier2
Thessala,Tesala
norrie,nourrir
nigromance,nigremance
Tessalle,Tesaile
feites,faire
deablies,dïablie
Anseigniees,enseignier
establies,établir
charmes,charme2
charaies,charaie
tainte,teindre1
palie,paile
aresniee,araisnier
fesniee,faisnier
Ma,mal2
mervoil,merveillier
Dites,dire1
itropique,idropique
arcetique,artetique
quinancie,esquinance
cuerpous,cuerpous
orines,orine4
pous,pous3
avroiz,avoir
osoie,oser
anchantemanz,enchantement
esprovees,esprover
veraies,verai
Medea,Medea
encusez,encuser
certemant,certement
veïsse,vëoir
malage,malage
Me,je
feroiz,faire
sorpraingne,sorprendre
enpereres,emperëor
antremise,entremetre
respas,respasser
Descovrir,descovrir
redote,redoter1
deslot,deslöer1
vante,vanter
anchantemant,enchantement
poisons,poison
quele,quel
taint,teindre
celera,celer1
desloera,deslöer1
Mestre,maistre
Nul,nul
santir,sentir
cuiderai,cuidier1
essaie,essaiier
pleise,plaire
vaingne,venir
voloirs,voloir
devient,devenir
aise,aise
dolcemant,doucement
malade,malade
Tessala,Tesala
ipocrites,ipocrite
anfermetez,enfermeté1
amertume,amertume
dolçor,douçor
soatume,söatume
afaire,affaire
dotez,doter2
dolçors,douçor
truis,tros1
comunemant,comunement
orrible,horrible
vileinne,vilain
tandrai,tenir1
vilenie,vilenie
parlez,parler
seüre,sëur2
parleroiz,parler
parleront,
fiancerai,fïancier1
avancerai,avancier
savrez,savoir
avriez,avoir
garie,garir
marie,marïer
iriee,irier
perdue,perdre
voldroie,voloir
desmanbree,desmembrer
remanbree,remembrer
Ysolt,Iseut
Tristan,Tristan
reconter,reconter
acorder,no_lem
Isolz,Iseut
mena,mener
vilena,vilener
entiers,entier
rentiers,rentier
usa,user
refusa,refuser
garçoniers,garçonier
parçoniers,parçonier
abandone,abandoner
espouser,
saviez,savoir1
donee,donner
plevie,plevir
servie,servir
mante,mentir
plevi,plevir
meïsme,même
eschevi,eschevir2
esposee,esposer2
reüsee,rëuser
espousera,esposer2
anterree,enterrer
perde,perdre
danree,denree
nestre,naistre
desheritez,desireter
entremetez,entremetre
conjuremanz,conjurement
Mar,mar
o,ô
aseür,assûr
enuit,enoiier
dormant,dormir
dormira,dormir
cuidera,cuidier1
antresait,entresait
veillant,veillier2
tenra,tenir1
ainme,aimer
male,mal2
aint,amer1
Garder,garder
pucelage,pucelage
sauver,sauver
heritage,
pitié,pitié
aseüre,assëurer
jure,jurer
teüz,taire
iroie,aller
contant,conter
apruichant,aprochier
mariages,
asanble,assembler
demorance,demorance
Thesala,Tesala
atranprer,atemprer
Voel,voloir
tranpre,temprer
Espices,espece
foison,foison
adolcir,adoucir
batre,batre
destranprer,destremper1
cole,coler1
aigres,aigre1
amers,amer2
espices,espece
Dolces,douz
oldor,odor
atornee,atorner
jornee,jornee
soper,soper
assises,asseoir
tables,table
napes,nape
souper,
espit,espiier1
anvoiera,envoiier
bevrage,bevrage
mangier,manger
assis,asseoir
eüz,avoir
servoit,servir
Panse,penser
deseritemant,desiretement
apanse,apenser
cortoise,courtois
boivre,boivre
ala,aller
demandé,demander
mandé,mander
losangier,losengier2
Richier,Richier
boive,boivre
gosta,goster
boivres,boivre
costa,coster1
acoint,acointier
relo,relöer1
aventure,aventure
presanz,present2
trovastes,trover
esprovastes,esprover
santistes,sentir
air,air
boenes,bon
flair,flair
veïstes,voir1
meïstes,metre2
enquiert,enquérir
peis,paix
aiez,avoir1
souspite,sospite
sains,saint
aucun,aucun
vandra,venir
Verse,verser1
cristal,cristal
boit,boivre
descent,descendre
remonte,remonter
beü,boivre
ivres,ivre
delivres,délivre
evesques,évêque
abez,abbé
seignier,seignier
beneïr,benëir
gesir,gésir
dut,devoir2
jut,gésir
Ai,aïe1
beisa,baiser2
tranble,trembler1
anchanté,enchanter
songent,songier
tendra,tenir
resoingne,resoignier
Premieremant,premierement
apruichier,aprochier
araumant,erranment
dormir,dormir
estuide,étude
feisoit,faire
dongier,dangier
Tenir,tenir
acole,accoler
luite,luitier
confite,confire2
lassez,lasser
recroit,recroire
einsi,ainsi
estovra,estovoir1
demener,démener
salveté,sauveté
teigne,tenir1
Criem,criembre
anconbriers,encombrier
retornera,retorner
sejornera,sejorner
amenee,amener
marches,marche2
garnies,garnir
espies,espie1
covine,covine
sejorneront,sejorner
retorneront,retorner
conduist,conduire
conpaingne,compagne1
ressoigne,resoignier
finent,finer1
Tresc',tresque1
cheminent,cheminer
vespree,vêprée
Logié,logier
Dunoe,Dunoe
Noire,noir
Forest,forest
prez,prêt2
logié,logier
Sessoignois,Sessoignois
gueitoient,gaitier
guehaing,gäaing
mehaing,mahaing
chevalchier,chevaucher
quart,quart
deportoient,deporter
deduire,deduire
Atot,atot
adrece,adrecier
blece,blecier
petitet,petitet
eschine,échine
beisse,baissier
adreciez,adrecier
fuie,fuie1
Sesne,Sesne
redotent,redoter1
forest,forêt
desrotent,desroter
Hardemant,hardement
chace,chacier
esperdu,esperdre
perdu,perdre
Vienent,venir
corrant,corir
plorant,pleurer
jeu,jeu
reconfortera,reconforter
aportera,aporter
vantez,vanter
presantez,presenter
chaça,chasser
Sesnes,Sesne
anbati,embatre
anhati,enhatir
teste,tête
retor,retor1
esloignier,esloignier
anemis,ennemi
revint,revenir
esperon,esperon
chacié,chasser
lacié,lacier
apartenir,apartenir
recreant,recroire
assailli,assalir
premieremant,premierement
Garçon,garçon
estoutemant,estoutement
Garz,garçon
leiroiz,laiier2
gage,gage
besant,besant
prendrai,prendre
toi,tien
rendrai,rendre
eü,avoir1
leidange,laidengier
Vasax,vassal
gueitiez,gaitier
chaloing,chalongier
destrier,destrier1
trebuchier,trebuchier
envers,envers1
roidemant,roidement
travers,travers1
janbes,jambe
peçoie,peçoiier
erbe,herbe
verdoie,verdoiier
Descent,descendre
desarme,desarmer
arme,âme
colpee,coper
fichiee,ficher
ancontrer,encontrer
conbatuz,combatre
remontez,remonter
leisse,laissier
estraier,estraier1
esmaier,esmayer
cent,cent
banieres,baniere
plenieres,plenier2
felenesses,felon
cruex,crüel
Lués,luès
chacier,chasser
desconforte,desconforter
Anson,enson
arote,aroter2
meslee,meslee
comancier,comencier
garniz,garnir
Gabez,gaber
escharniz,escharnir
fautre,fautre
Dïent,dire
Aporte,aporter
leissent,laissier
clot,clore
joint,joindre
Lance,lance
anson,enson
Sanson,Samsun
anbes,ambes
Criant,crïer2
eslesse,eslaissier
fresne,fraisne
guerpiz,guerpir
escrie,écrier
Baron,baron
ferez,férir1
hardi,hardi
acoardi,acoardir
joste,joste2
Coarz,cöart
goste,goster
esjoï,éjouir
semont,semondre
resbaudist,resbaudir
conforte,conforter
esbahiz,ébahir
serrer,serrer
estraindre,estreindre
serré,serrer1
rangié,rengier1
estrangié,estrangier2
broichent,brochier
poignent,poindre
en.ii.,ambedos
anpoignent,empoignier
antracointent,entr'acointier
reçoivent,recevoir
premerienes,premerain
acointances,acointance
Percent,percier
froissent,froissier
Ronpent,rompre
cengles,sangle1
tranchent,trenchier1
Vuiz,vuit
mainz,maint
place,place1
antrevienent,entrevenir
esloingniees,esloignier
volent,voler
clices,clice1
feitices,faitiz
anbrunche,embronchier
chancele,chanceler
vuidiee,vuidier
esforce,esforcier2
rescoent,rescorre
Part,partir
lainne,laine
valoit,valoir
oés,ouïr
Othevien,Oteviien
arrabiois,arabïois
valor,valeur
arrabi,arabi
agait,agait
aparcevront,apercevoir
perte,perte
recevront,recevoir
espie,espie3
puez,pöoir
croiz,croix
baillerai,baillier
viez,vieux
enhermie,enermi
conduirai,conduire
salvemant,sauvement2
tré,tref2
Porront,pöoir
quite,quitte
contredite,contredire
Cent,cent
senez,sené1
Avuec,avuec
envoiez,envoiier
avoiez,avoiier
esloigniee,esloignier
anvoierent,envoiier
convoierent,convoyer
covoitié,covoitié
Trives,trieue
donees,donner
retornees,retorner
atente,attente1
Repeirent,repairier
tente,
engarde,angarde
Remest,remanoir
aloient,aller
menoient,mener
galos,galop
pansse,penser
Venir,venir
sit,être1
Contratendons,contratendre
voelent,vouloir
avaler,avaler
entre,entre
montaingnes,montagne1
ansaignes,enseigne
contreatendissent,contratendre
encontre,encontre2
ancontre,encontre1
soef,söef
mainent,manoir2
anbleüre,amblëure
aleüre,alëure
Poingnant,poindre
isnel,isnel
criant,crier
Dus,duc2
recovree,recouvrer
manront,manoir2
bailliee,baillier
entandue,entendre
enrage,enragier
beste,bête
salvage,sauvage
Lieparz,liepart
huivres,guivre1
lieons,lïon
feons,fëon
ardanz,ardre
enragiee,enragier
ancoragiee,encoragier
rait,ravoir2
deshait,deshait
esperone,esperoner
pointe,poindre
anpointe,empointe
al,à.le
aseüré,assëurer
arpant,arpent
mesuré,mesurer
brochié,brochier
aprochié,aprochier
desroté,desroter
doté,doter2
secont,secont1
cuidoit,cuidier1
Noveles,novele
escouter,escouter
bouter,boter1
acople,acopler
sople,sople
loise,loisir1
toise,toise
colee,colee
redone,redoner
pasmé,pasmer
quint,quint
siste,sexte
contretint,contretenir
teisanz,taire
muz,muet
Moins,moins
cremuz,criembre
hardiemant,hardïement
asseürez,assëurer
maleürtez,malëurté
menant,mener
Atainz,ataindre
lous,lou
Fameilleus,fameillos
esgeünez,esjëuner
buer,buer
nez,naître
Chevalerie,chevalerie
ivre,ivre
poindre,poindre
joindre,joindre
chieent,chëoir
anpirié,empirier
irié,irier
Vont,aler
enbrunche,embronchier
estrié,estrieu
tolu,tolir
branc,brant1
esmolu,esmoudre
fuerre,fuerre1
batant,battre
bu,bu
tolue,tolir
Fenice,Fenice
Dit,dire1
troent,tröer
fandent,fendre
baillier,bailler1
hauberc,hauberc
desmaillier,desmaillier
ataint,ataindre
deronpe,derompre
tornanz,torner
tronpe,trompe
escorgiee,escorgiee
Proesce,pröece
lace,lacier
conbatant,combatre
traveilliez,travaillier
Cez,cist
per,par1
mescheance,meschëance
remainne,remener
confesse,confesser
angresse,engresser
test,taire
audiance,audïence
conciance,conscïence
criement,criement
refuser,refuser
osent,oser
ancuser,encuser
refust,restre
ancusee,encuser
dotast,doter2
apanser,apenser
boches,bouche1
coart,cöart
guise,guise
sinple,simple
coarde,cöart
acoardiz,acoardir
criemme,crieme
Sinple,simple
quoie,coi
lievre,lièvre1
turtre,tortre2
bievre,bievre
aignel,agnel
lou,il
colons,colom
aigle,aigle
maigle,maigle
ahane,ahaner
faucons,faucon
ane,ane
gripons,grifon
heiron,hairon
luz,luz
veiron,vairon
aüne,äuner
ç',ce1
sens,sans
costumes,costume
maintenez,maintenir
faussastes,fausser
loi,loi1
cheoir,chëoir
tressaille,tressalir
palisse,palir
confus,confus1
mimoires,memoire
larrecin,larrecin
afiert,aferir
Sergenz,serjant
trichier,tricher
tranbler,trembler1
sires,sire
feit,faire
remanbrance,remembrance
eit,hait
serve,servir
feus,feu1
chalor,chalor
Jorz,jor
cire,cire
miel,miel
Estez,ester
yvers,iver2
giel,gel
Ciax,ciel
dessoivre,dessevrer
ramantoivre,ramentevoir
crienbre,criembre
fausse,
mesprant,mesprendre
leissast,laissier
requise,requerre
reoncle,räoncler
revienent,revenir
chausist,chaloir
chevalchent,chevaucher
forssenent,forsener
asenent,assener
resmaient,resmaiier
raient,ravoir2
tarderont,tarder
gueires,gaire
revient,revenir
assanble,assembler
oïrent,ouïr
Ancontre,encontre1
mervoillent,merveillier
propose,
Iert,être1
vaint,vaincre
seürs,sëur2
druguemant,drugeman
greu,grief2
alemant,Alemant
empereors,emperëor
messagiers,messagier
lengage,langage
entandirent,entendre
fremist,fremir
esfreor,esfrëor
piez,pied
merite,mérite1
contremont,contremont
lieve,lever
noier,noiier2
envoi,envoiier
enfant,enfant
resai,resavoir
desdire,desdire
Seroit,estre1
fes,faire
enchargeriez,enchargier
pleidiez,plaidier2
prenoie,prendre
preïsse,prendre
queïsse,querre
ploree,plorer
lerme,larme
demandee,demander
lués,luès
Isnelemant,isnelement
desfande,defendre
esprant,esprendre2
esploite,esploitier
va,aller
ceindre,ceindre
flanc,flanc
pant,penser
enarmes,enarme
olifant,olifant
pointure,pointure
armeüre,armëure
mivoie,mivoie
assanbleroient,assembler
seroient,être1
sairemanz,sairement
fiances,fïance
durra,durer
movoir,movoir
oseroit,oser
asanblé,assembler
sanblé,sembler
gloire,gloire
victoire,victoire
feru,férir1
trespanssee,trespenser
apanssee,apenser
muert,mourir
morra,morir
Haut,haut
bas,bas
juene,juene
chenu,chenu
gardes,garde1
feintise,feintise
brise,briser
seles,selle
retienent,retenir
drecié,drecier
blecié,blesser
delai,delai
notent,noter2
lai,là
hiaumes,heaume
retantissent,retentir
esbaïssent,esbäir
espraignent,esprendre2
resaillent,resalir
Estanceles,estencele
fume,fumer
fevres,fevre
anclume,enclume
faunarge,forge
vasal,vassal
acroit,acroire
mesure,mesure
chetel,chatel
ousure,usure
despit,dépit
iriez,irer
chauz,chaud
primerains,premerain
mervelleus,merveillos
genoil,genoil
cheï,chëoir
criast,crier
Sainte,saint
Marie,Marie
cria,crier
pasmee,pâmer
bleciee,blecier
redreciee,redrecier
revenue,revenir
pasma,pasmer
blasma,blâmer
loee,louer1
antendi,entendre
randi,rendre
resaut,resalir
irieemant,irieement
envaïst,enväir
esbaïst,esbäir
bateillant,bataillier1
Vaslez,vaslet
oblierai,oblïer
querele,querele
lessasse,laissier
lassasse,lasser
Autretel,autretel
Creüst,croistre
recroie,recroire
Vallez,vaslet
Te,te
vainc,veintre
oci,ocire
aquerroie,aquerre
regehir,rejehier
deüsse,devoir
ennor,onor
sez,sez
T',tu
guerpisse,guerpir
chanpisse,champir
Oiant,öir
diroiz,dire
halt,haut
recorder,recorder1
oiant,öir
plez,plait
las,las
recreü,recroire
Dolanz,dolent
mornes,morne
vergondeus,vergondos
teingnent,tenir1
mescheant,méchant
vergoigne,vergoigne
leesce,liesse
aquitee,aquiter
grifaigne,grifain
Grés,
bauz,baut
Requerre,requerre
conoistre,connaître
escondit,escondire
requeste,requête
escoutee,escouter
conpainz,compagnon
siee,sëoir
viee,vëer
reçoive,recevoir
ampire,empire
essai,essaiier
essaier,essaiier
tochier,tochier
queuz,queu2
verai,vrai
O,ô
esproverai,esprover
gueaignier,gäaignier1
aconpaignier,acompagnier
Enor,onor
gueaigne,gäaignier1
aconpaingne,acompagnier
demant,demander
certenemant,certainement
retenir,retenir
Corage,corage
volenté,volonté
desfans,defens
setier,sestier
faciez,faire
deporter,deporter
mercié,mercier2
destiné,destiner
.IIII.,quatre
fauve,fauve
noir,noir
trespassé,trépasser
Plorant,plorer
moille,moillier1
bliaut,bliaud
hermine,ermine
Ait,avoir1
forfeit,forfaire
acoisons,ochaison
quelque,quel1
Seez,sëoir
plorez,pleurer
teisir,taire
proi,prier
pria,prier
morut,mourir
devia,
leissasse,laissier
alasse,aler
lasser,lasser
aloie,aler
sopirs,sospir
sangloz,sanglot
overz,ovrir
Q',que4
poist,pouvoir2
tantost,tantôt
Pansis,pensif
fonz,fonz
rive,rive
emplie,emplir
entant,entendre
monteplie,moulteplier
Pansive,pensif
esperiz,esprit
retort,retorner
garist,garir
garra,garir
conparra,comparer2
conpert,comparer2
changiee,changier
pure,pur
chanja,changer
pali,palir
plorer,pleurer
aorer,aorer2
Humbles,umble
sinples,simple
pleisanz,plaire
Met,mettre
espece,espece
faintié,feintié
daintié,deintié
sostient,sostenir
pest,paistre
asoage,assoagier
pestre,paistre
abevrer,abevrer
dessevrer,dessevrer
Dist,dire1
serreüre,serrëure
estoier,estuiier
envoier,envoiier
larrons,larron
robeors,robëor
peors,pëor
escobles,escofle
mobles,
edefiz,edefiz
desconfiz,desconfire
deluge,deluge
movera,movoir
encerchier,encerchier
menieres,maniere
espont,espondre
opose,oposer
oposition,oposicïon
entancion,entencïon
deïst,dire
gentix,gentil1
Nule,nul
franchir,franchir
ganchir,guenchir
Proverai,prover
reclamast,réclamer
liens,lien
resmaie,resmaiier
bot,bot1
usee,user
repuis,repöoir
amusee,amuser
jeingleor,janglëor
jai,jai2
changier,changier
piteusemant,pitosement
piteuse,piteux
mate,mat
barate,barate
barat,
tricherie,tricherie
mantirent,mentir
Asez,assez
sanblanz,sembler
mesavenu,mesavenir
Mesavenu,mesavenir
Morte,morir
desrobee,desrober
losengiee,losengier2
gabee,gaber
lobe,lobe
losenge,losenge2
estrenge,estrange
menoir,manoir2
maubaillie,maubaillir
desrobe,desrober
ploroit,pleurer
pardons,pardon
leissa,laissier
conoissance,conoissance
plora,plorer
alast,aller
acorer,acorer
Acorez,acorer
Mal,mal1
parauz,pareil
conpaingnie,compagnie
partira,partir
anblee,emblee
maleoit,malëir
chalt,chaud
Autant,autant
Pris,prendre
Movoir,movoir
muet,mouvoir
erre,errer2
Ramenasse,ramener
arriere,ariere
mauveise,mauvais
osteroie,oster2
tuer,tuer
remuer,remüer
us,us
plume,plume
Neïs,neïs
ici,ici
aplaigne,aplaignier
cuidier,cuidier1
enrievres,enrievre
coarz,cöart
lievres,lievre
Chiches,chiche1
contrefez,contrefaire
diz,dit
Tiex,tel
derriers,derrier(e)
moe,möe2
quainses,cainses
oïst,ouïr
joïst,jöir
seignors,seigneur
onge,ongier2
Loberres,lobëor
losengiers,losengier1
frans,franc2
mançongiers,mençognier2
fax,faux2
lober,lober
verve,verve
amande,amende1
delice,delice
lassee,lasser
passee,passer1
Galinguefort,Galinguefort
richemant,richement
contenuz,contenir
despanse,dépense
entroblie,entr'oblïer
enquis,
Avoient,avoir
anpris,emprendre
tornoi,tournoi
Osenefort,Ossenefort
sejorner,séjourner
atorner,atorner
endemantiers,endementieres
antiers,entier
tornoiemant,tornoiement
.III.,trois
escuiers,écuyer
aporter,apporter
peires,père
desparoilles,despareil
Unes,un
noires,noir
vermoilles,vermeil1
tierces,tierz
Fust,être1
toile,toile
nueve,nuef2
aporteront,aporter
muevent,mouvoir
Apareillié,apareillier1
quierent,quérir
Tost,tôt
repeirierent,repairier
Revenu,revenir
aportees,apporter
Mostrent,mostrer
celes,cil
adoba,adober
repondre,repondre
nomez,nomer
Assanblent,assembler
Devers,devers
Obsenefort,Ossenefort
Cuidiez,cuidier1
tens,temps
rens,
mesniee,maisniee
avancier,avancier
joster,joster
coiz,coi1
demandent,demander
aucuns,aucun
comancera,comencier
plusor,plusieurs
veez,voir1
Nos,nous
meillors,meilleur
Sagremors,Sagremor2
Desreez,desrëer
escote,escouter
Sist,sëoir
Morel,morel1
noire,noir
more,more4
meüre,mëur
ranc,
desrote,desroter
desroie,desrëer
Ci,ci1
enprise,emprendre1
conuist,connaître
negié,negier
entandent,entendre
atardant,atarder
engrés,engrès
ardant,ardre
ajoste,ajoster
estanduz,estendre
estors,estordre
anpainz,empeindre1
querant,quérir
abate,abatre
osa,oser
celeemant,celeement
revenuz,revenir
anserre,enserrer
truisse,trover
uis,vif
trespassant,trépasser
savront,savoir
itel,tel
guile,guile
Demandent,demander
jus,jus2
veïmes,voir1
partimes,partir
savomes,savoir
devint,devenir
desvoiez,dévoyer
antresaigne,entreseigne
saigne,seignier
trovoit,trouver
repaire,repaire
Cesaire,Ceseire
Tolete,Tolede
Quandie,Candie
fantosme,fantosme
conversé,
hui,hui2
ouan,öan
outree,outrer
parlé,parler
revindrent,revenir
semonse,
Lanceloz,Lancelot
Lac,Lac
sailliz,salir2
pré,pré
comé,comé
chevelu,chevelu
chauve,chauf
endroiz,endroit
ier,hier1
pins,pin
loriers,lorier
Savromes,savoir
conoist,connaître
Lancelot,Lancelot
sac,sac1
poingnant,poindre
enpoint,empoindre
fiancié,fiancer
Ez,ez
comancié,comencier
anhatie,enhatie
coveingne,covenir
abatié,abatre
tanz,tant
avesprer,avêprer
treire,traire
vermoil,vermeil1
Comanda,comander
repostes,repondre
Repostes,repondre
ostes,hôte
ront,rompre
vasax,vassal
renon,renom
Percevax,Perceval
Perceval,Perceval
demanois,demanois
espanois,espanois
esgarderent,esgarder
demoree,demoree
ploient,ploiier
arçonent,arçoner
cortes,cort2
grosses,gros
abat,abattre1
fiancier,fïancier1
Icel,icel
forgent,forgier
martelent,marteler
esquartelent,escarteler
soille,soillier
estriers,étrier
toille,tolir
vaincu,veintre
roge,roge
parti,partir
resconser,resconser
aparcevant,apercevoir
Desconfit,desconfire
desbareté,
desfigure,desfigurer
Aparceü,apercevoir
josteor,jostëor
vantences,vantance
Avra,avoir
lences,lance
revoldra,revoloir
remue,remüer
mue,müe
Oste,oster2
remet,remetre
ostoit,ôter
remetoit,remetre
sejorné,séjourner
alosez,aloser
arestez,arrêter
avencist,avancir
agencist,agencir
entandu,entendre
murmure,murmure
Enmi,enmi
avance,avancier
eslais,eslais
glais,glai
glatissent,glatir1
flatissent,flatir
esfrois,esfrois
desques,desque
camois,chamoiz
Esclicent,esclicier
arçon,arçon
esloissent,esloissier
ronpent,rompre
ceingles,cengle
peitral,poitral
treites,traire
nues,nue
Environ,environ
venues,venir
deroz,derompre
desmailliez,desmaillier
porfanduz,porfendre
detailliez,detaillier
fraiz,fraindre
paiz,paix
esgardez,esgarder
disoient,dire1
prisoient,prisier
encore,encore
Quiex,quel1
quieus,quel1
oltrer,outrer
leüst,loisir2
Traiez,traire
ansus,ensus
enhatine,enhatine
Proiez,priier
Volentiers,volontiers
escondire,escondire
tornoiz,tornoi
departira,departir
oltreemant,outreement
Departi,departir
Vestuz,vestir
François,Français
acort,acorder
tornoier,tornoiier
fustes,être1
Estaint,esteindre
estoiles,étoile
menues,menu
nessent,naistre
estaignent,esteindre
abessent,abaissier
Noz,notre
proesces,pröece
soloient,souloir
renomees,renomer
vergoignier,vergoignier
losengier,
corrurent,corir
antremetre,entremetre
toailles,töaille
bacins,bacin
lavé,laver
asist,asseoir
ancui,encui
plenier,plénier
buef,boeuf
denier,denier
aprendre,aprendre
lessastes,laissier
deignastes,daigner
antrastes,entrer
estrangiez,estrangier2
changiez,changier
raprenez,raprendre
coneü,conoistre
jot,jöir
acolent,accoler
conjoient,conjöir
parloient,parler
neveuz,nevo
Desi,deci
Normandie,Normandie
essaiez,essaiier
aliege,alegier1
resovient,resovenir
Talanz,talent
consirree,consiree
desirree,desirrer
desirrer,désirer
consirrer,consirer
raler,raller
pesa,peser
Tart,tart
fortret,forstraire
tolt,tolir
solt,souloir
restore,restorer
toste,toute
soste,soute
certeins,certain
redemante,redementer
tormant,torment
dotera,doter2
Grifonie,Grifonie
acoler,accoler
saluer,salüer
antracolent,entr'acoler
beisent,baisier
icez,cist|cil
beisiers,baisier
forsens,forsen
acorent,accourir
deduient,deduire
emperial,emperïal
descovrir,descovrir
anemie,enemi
huis,uis
botez,boter1
acotez,acoter
ensus,ensus
paroles,parole
entandist,entendre
afeitemant,afaitement
anquiert,enquerre
cremoit,crémir
Demanda,demander
restis,restif
lanz,lent1
espondre,espondre
apela,appeler
amai,aimer
Ça,çà
estoie,être1
Plest,plaire
pleisance,plaisance
Pavie,Pavie
Pleisance,Plesence
desaerdre,desäerdre
vif,vif
Doiez,devoir
coneüstes,conoistre
Certes,certes
Boene,bon
deüssiez,devoir
rala,raller
Endui,ambedos
ravez,ravoir2
antravenomes,entr'avenir
conut,connaître
Adanz,Adam
endormie,endormir
gise,jesir
essanplaire,essemplaire2
aprendra,aprendre
navra,navrer
cuidai,cuidier1
Yseuz,Iseut
Autre,autre
desasanblee,desassembler
retruisse,retrover
Enuit,anuit
avrez,avoir1
pensserai,penser
levee,lever
Venez,venir
pensser,penser
ferons,faire
voldrons,voloir
Liee,lié1
Voille,veillier2
levé,lever
porriens,pöoir
aliens,aler
maingne,mener
Eleinne,Elainne
receüe,recevoir
Troie,Troie
Paris,Paris
pansee,penser
Blonde,blont
Tristant,Tristan
seriens,estre1
Blasmeroient,blasmer
croirre,croire
crerroit,croire
Pucele,pucele
estorse,estordre
eschapee,eschaper
baude,baut
estapee,estaper
tendroit,
Pol,Paul
chaste,chaste
Sainz,saint
Pos,Paul
anseingne,enseignier
estoper,estoper
pansez,penser
Malade,malade
resoiez,restre
porpens,porpens
porveoir,porvëoir
sepouture,sépulture
antente,entente
biere,bière1
muire,mourir
estaingne,éteindre
voldroiz,voloir
porvoie,porvëoir
povres,pauvre
oscurs,oscur
pales,pâle
mesdire,mesdire
porrie,porrir
eidera,aidier
entandi,entendre
cuidiez,cuidier1
hastivemant,hastivement
feisons,faire
Alé,aler
deboisse,deboissier
deboissiees,deboissier
portreites,portraire
Jehanz,Jean
novice,novice
norrice,nourrice
soes,suen
contrefeire,contrefaire
Ont,avoir1
Antioche,Antioche
Lui,lui
oirs,hoir
franchirai,franchir
tricherai,trichier
afie,affier1
lëaumant,lëaument
descoverra,descovrir
issi,issi
esprovee,esprover
claim,clamer
praing,prendre
voil,vouloir
conper,comparer2
revialt,revoloir
redialt,redoloir
reconoisse,reconoistre
penser,penser
recordé,recorder
faindre,feindre
plaindre,plaindre
anblera,embler
serons,être1
duree,durée
aseüree,assëurer
sohaidier,sohaidier
Devroit,devoir
esloingne,esloignier
crieme,creme2
entremetra,entremetre
croie,croire
sevree,sevrer
abevree,abevrer
froide,froit1
Descoloree,descolorer
roide,raide
alainne,aleine
estera,ester
sentira,sentir
grevera,grever
antiere,entier
sepolture,sepouture
afeitiee,afaitier
desheitiee,deshaitier
ailliez,aler
noisiez,noisier1
oïsse,öir
Jehan,Jean
priveemant,priveement
Johan,Jean
Tu,tu
seroies,estre1
oir,hoir
franchise,franchise
grevainne,grevain
covandroit,covenir
leissier,
jures,jurer
aseüres,assëurer
eideras,aidier
descoverras,descovrir
mescreanz,mécréant
jur,jour
sosfrir,sofrir
leiroie,laiier2
crever,crever
feras,faire
aït,aider
pener,peiner
meison,maison
om,on
Mosterra,mostrer
Lou,le
beau,beau
mosterra,mostrer
Alons,aler
destor,détour
pené,pener
estages,estage2
ymages,image
anluminees,enluminer
chanbres,chambre1
cheminees,cheminee1
sostainne,soutain2
converse,converser
traverse,traverse1
vivra,vivre1
hon,homme
deduiz,deduit
Encor,encore
reduiz,reduit
porroiz,pöoir
cerchier,chercher
savroiz,savoir
reverchier,reverchier
soutix,sotil
trovast,trover
ceanz,çaienz
aeisiee,aaisier
esleisiee,eslaisier
verrez,voir1
porrez,pöoir
troveroiz,trover
jointure,jointure
oi,hui2
poli,polir
colorez,colorer
Johanz,Jehan
acostez,acoster
anpirier,empirier
quasser,casser
crerra,croire
overra,ovrir
desserre,desserrer
malmet,maumetre
viz,viz
vostiz,voutiz
aeisiez,aaisier
verroiz,vëoir
repaires,repaire
reposte,repondre
estuves,estuve
cuves,cuve
aeisié,aaisier
covenable,covenable
tanroiz,tenir1
delitable,délitable
mostré,mostrer
franchis,franchir
bole,bole2
Ceanz,çaienz
sole,seul
metons,mettre
issu,issir
Santé,santé
Esperiz,esperit
triste,triste
mat,matir
empererriz,empererriz
faint,feindre
demora,demeurer
Fuiez,fuir
fuiez,fuir
enuiez,enoiier
agrevee,agrever
tristes,triste
atendanz,attendre1
mires,mire1
adeser,adeser
peser,peser
Mire,mire1
Legieremant,legierement
vendra,venir
dex,deux
deçoivre,decevoir
perse,pers
merveilleuse,merveillos
Celeemant,celeement
entouchement,entoschement
plein,plein
mortel,mortel1
visiter,visiter
metoit,metre2
garroit,garir
orinal,orinail
portoit,porter1
orine,orine1
medecine,médecine1
morroit,morir
raportee,rapporter
estroitemant,estroitement
leva,lever
mandez,mander
desheite,deshaitier
pesme,pesme
respassera,respasser
passera,passer1
murmuré,murmurer
conjuré,conjurer
responent,respondre1
respasser,respasser
rendue,rendre
poinnes,peine
pasmez,pasmer
lais,lai1
Savez,savoir
destranpre,destremper1
brace,brasse
Destrempree,destremper1
batue,battre
beüe,boivre
remeüst,removoir
escorchier,escorchier
crosle,croler
crïent,crier
plorent,pleurer
deputaire,deputaire
covoiteuse,covoitos
sorprenanz,sorprendre
envieuse,envieux
saoulee,säoler
golee,golee
poïs,pöoir
sainte,saint
durast,durer
andurast,endurer
pacience,patience
gitier,jeter
ta,ton2
anviaille,envïaille
pueples,peuple1
Tordent,tordre
batent,battre
paumes,paume1
clerc,clerc
lisent,lire1
saumes,saume
Entre,entre
escriz,escrire
fisicien,physicien
Salerne,Salerne
ancien,ancien
anquierent,enquerre
ierent,être1
afolent,afoler2
confondent,confondre
respondent,répondre
Desver,desver
tire,tirer
aoverte,aovrir
avenu,avenir
endroit,endroit
dirons,dire1
volons,vouloir
dolons,doloir
agaite,agaitier
felenie,felonie
faite,faire
costumiere,costumier
lumiere,lumière
alumé,allumer
acostumé,acostumer
müer,muer
lessié,laissier
Biauté,biauté
mesconté,mesconter
periz,péril
tuez,tuer1
hez,häir
pieç,piece
fussiens,estre1
tolsist,tolir
veïssiez,voir1
meïssiez,metre2
antremeïst,entremetre
trahi,
autel,autel1
santissent,sentir
mantissent,mentir
tonant,toner
mestres,maître1
aprochiez,aprochier
atochiez,atochier
coste,coste2
Empereres,emperëor
Leisse,laissier
abeisse,abaissier
acoise,acoisier
revivre,revivre
comanderres,comandëor
lerres,larron
Faites,faire
mehaingne,mahaignier
remandront,remanoir
contredeïssent,contredire
volsissent,voloir
trestorner,trestorner
teisent,taire
descosu,descosdre
suaire,süaire
costel,coutel
Peor,pëor
esmaiez,esmayer
seüremant,sëurement
heitiee,haitier
desperez,desperer
requerez,requerre
asseürerons,assëurer
pooirs,pöoir
eiderons,aidier
amuser,amuser
prometent,prometre
antremetent,entremetre
esploiteroient,esploitier
gietent,jeter
tanra,tenir1
feront,faire
cheitive,chaitif
daigniez,deignier
faigniez,feindre
traïssiez,träir
correciee,corrocier
aiens,avoir
descovrez,descovrir
vilenemant,vilainement
donerent,
dos,dos
corroies,coroie
perent,paroir1
roies,roie
tendre,tendre1
espendre,espandre
ronpue,rompre
plaies,plaie
sort,sort
sopir,sospir
Feu,feu
plonc,plon
fondront,fondre
porchacent,porchacier
alument,alumer
fondent,fondre
ribaut,ribaut
boillant,bolir
osté,oster2
colé,coler1
plons,plon
cuivert,culvert
avoutre,avoutre
metront,metre2
rost,rost
greslie,gräillier
malmetre,maumetre
rostir,rôtir
graïllier,gräillier
dames,dame1
millier,milier
partent,partir
roverture,roverture
malaventure,malaventure
brisier,briser
desconfire,desconfire
Aportent,aporter
coigniees,coigniee
mauz,mail
fraindre,fraindre
ataindre,ataindre
desserte,deserte2
antrent,entrer
paleis,palais1
Totes,tout2
esleis,eslais
presse,presse1
anpiriee,empirier
malmise,malmettre
Arriere,ariere
paile,poêle1
rendre,rendre
mander,mander
seneschal,sénéchal
lanciez,lancier3
peçoiez,peçoiier
Cos,coup1
costez,côté
nules,nul
malemant,malement
paiemant,paiement
paiez,paiier
sosfert,sofrir
afolee,afoler1
despoire,desperer
oignemant,oignement
oint,oindre
renseveli,rensevelir
Sulie,Sulie
ransevelie,rensevelir
abeissent,abaissier
cessent,cesser
povre,pauvre
vaintra,veintre
leissera,laissier
feïs,faire
Tele,tel
portreite,portraire
apareilliee,apareillier1
tailliee,taillier1
antencion,entencïon
comança,comencier
saintuaire,saintüaire
mostier,moutier1
anfoïe,enföir2
anfuet,enföir2
morist,morir
requist,requérir
Seelez,sëeler
droiture,droiture
cemetire,cimetiere
froidure,froidure
oelle,oloir
Espant,espandre
fuelle,fueille
coute,coute
fosse,fosse
eglises,eglise
barroches,paroisse
sonoit,soner
cloches,cloche1
entremis,entremettre
maudïent,maudire
Batent,battre
memeles,mamele
preïs,prendre
gahaing,gäaing
pertes,perte
termes,terme
desfuee,desföir
colchent,couchier
aseoir,asseoir
assist,asseoir
seele,sëeler
Ovrir,ovrir
desjoindre,desjoindre
.xxx.,trente
gardent,garder
cierges,cierge2
luminaire,luminaire
Enuié,enoiier
mangié,mangier
andorment,endormir
anuitier,anuitier
fina,finer1
Armé,armer
coite,coite
clos,clore
anviron,environ
cemetires,cimetiere
dormoient,
entrast,entrer
ranpe,ramper
vergiers,vergier1
arbres,arbre
Pres,près
arbre,arbre
ovrir,ouvrir1
estaint,esteindre
portee,porter1
vainne,veine1
amortee,amorter
reclose,reclore
atochié,atochier
Adonc,adonc
dessevelissoient,dessevelir
perdra,perdre
regreter,regretter1
conforter,conforter
espargnes,espargnier
respites,respitier
despites,despire
Celes,cil
leiz,lez
forssenee,forsener
Amie,ami
retenue,retenir
amoie,aimer
estiens,estre1
Conpaingnie,compagnie
giete,jeter
foiblemant,foiblement
gaber,gaber
gab,gab
Mervoille,merveille
eschap,eschaper
depeciee,depecier
valoir,valoir
amanrai,amener
quise,quérir
essoines,essoigne
mandent,mander
malbaillie,maubaillir
garnie,garnir
letuaire,leitüaire
gaire,gaire
secort,secorre1
entrait,entrait
leituaire,leitüaire
vous,vous
Garra,garir
quinzainne,quinzaine
foiee,foiiee
anvoisiee,envoisier
Hardiemant,hardïement
ostor,ostor
duelle,doloir
Aumarie,Almarie
Marroc,Marroc
Tudele,Tudale
prisast,prisier
cenele,cenele
Avers,avoir2
avilla,avillier
Soit,estre1
amandez,amender
demandez,demander
renovelemant,renovelement
fuelles,feuille
oisel,oiseau
latin,latin
Avint,avenir
chanter,chanter
volentiers,volontiers
istroie,issir
vergier,vergier1
querra,quérir
liee,lié1
meü,movoir
reclus,reclus
herbergier,herbergier
ante,ente
chargiee,chargier
foillue,foillu
estandue,estendre
rain,raim
duit,duire1
pandoient,pendre
baissoient,baissier
cime,cime
nessoient,naistre
praiax,präel
delitables,délitable
conpasser,compasser
branches,branche
duire,duire
montast,
despleise,desplaire
anbracier,embracier
gibier,gibier
esprevier,esprevier
brachet,brachet
aloe,aller
machet,machet
quaille,caille
perdriz,perdriz
trace,trace1
Trace,Thrace
Bachelers,bacheler
juenes,juene
anvoisiez,envoisier
prisiez,prisier
gibiers,gibier
Bertranz,Bertrant
Essorez,essorer
espreviers,esprevier
aloete,alöete
malbailli,maubaillir
descendre,descendre
Soz,sous
cesti,cest
Veraiemant,veraiement
poire,poire
destele,desteler1
oroille,oreillier1
esvoille,esveillier
Bertran,Bertran
crie,crïer2
Vez,vëoir
eschape,eschaper
Cheü,chëoir
trape,trape
veüz,voir1
aparceüz,apercevoir
aportee,aporter
janbe,jambe
raim,raim
fenoil,fenoil
malmis,malmettre
esclopez,escloper
afolé,afoler1
contez,conter
Jusque,jusque
palefroi,palefroi
esfroi,esfroi
plainz,plaindre
enpererriz,empererriz
esbolie,esbolir
consoillent,conseillier1
esmuevent,esmovoir
arbaleste,arbaleste
Lier,liier3
pendre,pendre
ardoir,ardre
vanter,vanter
sosferte,sofrir
Randue,rendre
receté,receter
mantirai,mentir
muir,mourir
vengera,
morrez,morir
Avras,avoir
provez,prover
pansoie,penser
seras,être1
devenuz,devenir
Di,dire1
Feroie,faire
anseigneroie,enseignier
Anteimes,enteimes
jalos,jalos
beüstes,boivre
Engigniez,engignier1
feïstes,faire
dormistes,dormir
songier,songier
songes,songe
avenist,advenir
crut,croître
refusasse,refuser
encusasse,encuser
ramentoivre,ramentevoir
deçut,décevoir
Eü,avoir
vengence,venjance
viltence,viltance
fortraite,forstraire
Chastel,chastel
amanra,amener
trovoient,trouver
sauveté,sauveté
conduiroient,conduire
ramenassent,ramener
chaciez,chacier
esforz,effort2
devisent,deviser
silt,sivre
quist,quérir
clamor,clameur1
desheritemant,desiretement
desleaumant,deslëaument
navie,navie1
emplira,emplir
Mil,mille1
bors,bourg
oblié,oblïer
semondre,semondre
dromonz,dromont
galies,galée1
targes,targe
emplir,emplir
chargier,chargier
ostoier,
aparoil,apareil
paroil,pareil
Cesar,Cesar
Flandres,Flandre
desi,deci
Espaigne,Espagne
respitierent,respitier
retindrent,retenir
Tesmoinz,tesmoin
queroient,querre
quistrent,quérir
demenerent,
abandonee,abandoner
but,boivre
manja,mangier
huem,homme
forssenez,forsener
revenez,revenir
desirrent,desirrer
Empereor,emperëor
esloignassent,esloignier
esmeüst,esmovoir
remeise,remanoir
Atornez,atorner
reçurent,recevoir
En.ii.,ambedos
mescrut,mescroire
querela,quereler
tenues,tenir
decevoir,décevoir
ramantevoir,ramentevoir
Primes,primes1
haute,haut
hasle,hasle
masle,masle
chastrez,chastrer
lien,liien
fenist,finir
Crestien,Crestiien
XXIIIIe,
CCCIIIIxx,
MONS.,
VIe,sixième
AN,an
DE,de
GRACE,grâce
MIL,mille1
TROIS,trois
CENS,cent
QUATRE,quatre
VINS,vingt
ET,et
NEUF,neuf2
lundi,lundi
VJe,
jour,jour
septembre,septembre
jugement,jugement
sur,sur1
carreaux,carreau
mons.,
prevost,prevost
presens,
maistres,maître1
Guillaume,Guillaume
Porel,Porel
conseiller,conseiller1
du,de.le
roy,
parlement,parlement
Dreue,Dreue
Ars,Ars
auditeur,auditeur
Chastellet,Châtelet
lieutenant,
dudit,de.ledit
Andry,Andry
Preux,Preux
procureur,
oudit,en1.ledit
Denis,Denis
Bausmes,Bausme
advocat,avocat
illec,illuec
Symon,Simon
Verrue,Verrue
escuïer,écuyer
parroisse,paroisse
Marigny,Marigny
à,à
lieues,lieue
Poitiers,Poitiers
prisonnier,
admené,amener
envoïé,envoyer
ledit,
maistre,maître1
maire,major
juridicion,juridiction
Saint-Magloire,Saint-Magloire
esquelles,en1.lequel
detenu,detenir
pour,pour
cause,cause
heures,heure
prinses,prendre
emblées,embler
comme,comme
disoit,dire1
ycellui,
voulu,
proceder,procéder
examen,examen
interrogatoire,interrogatoire
estat,état
renommée,
manière,manière
comment,comment2
où,
icelles,cil
advoué,avouer1
gentilhomme,gentilhomme
lignée,lignée
personne,
congnoistre,
eust,avoir1
audit,ouïr
congneust,connaître
delivrance,delivrance
jusques,jusque
ad,avoir1
prouvée,prouver
noblesse,noblesse
laquelle,
nyée,nier1
nous,nous
sauf,sauf
icellui,cil
cas,châtelain
uqe,que
prouveroit,prouver
alleguée,alléguer
feust,être1
rendus,rendre
subjet,sujet2
justiçable,justiciable
prins,
haulte,
justice,justice
requerant,
donnast,donner
convenir,convenir
lequel,lequel
interrogué,interroger
serement,
confessa,confesser
advoua,avouer1
homme,homme
oy,
pays,
gens,gens
eu,je
autrement,autrement
rapportoit,rapporter
Gouffier,Gouffier
deposeroit,déposer2
oultre,
congnut,
espace,espace
ans,an
chevauché,chevaucher
avecques,avec
plusieurs,plusieurs
escuïers,écuyer
present,présent2
record,recorder1
noms,
pendant,pendre
temps,temps
lieux,
fois,fois
quantité,quantité
vivres,vivre2
denrées,denrée
pain,pain
oës,œuf
poulles,poule1
poussins,poussin
pigons,pigeon
moutons,
fain,faim
avene,avoine
ès,en1.le
hostelz,hôtel1
bonnes,bon
demourans,demeurer
plat,plat
païast,payer
oncques,
maille,maillier1
aussi,aussi
environ,environ
estant,ester
ville,ville
Chanevoles,Chanevoles
print,
embla,embler
hostel,hôtel1
sienne,
parente,
nommée,
Jehanne,Jeanne
coustepointe,courtepointe
vendi,vendre
IJ,
desquelx,
deux,deux
acheta,acheter
chausses,chausse
solers,soulier
ilec,illuec
abbaye,
religion,religion
appelle,
Croix,croix
Gironde,Géronce
ouquel,en1.lequel
prieur,prieur1
icelle,cil
chaval,cheval
bay,
seellé,
bridé,brider
XXX,trente
s.,sou1
t.,
Chasteauleraut,Chasteauleraut
somme,somme3
XV,quinze
ladite,ledit
demouré,
prenist,prendre
dessus,
maniere,manière
acoustumé,
boire,boire1
mit,mettre
selle,selle
emmena,emmener
cinq,cinq
sepmaines,
sien,sien
demourant,
lieu,lieu1
trouva,
certain,certain
cisel,ciseau
tranchant,trenchier1
mussa,musser
intencion,
veoit,voir1
peust,pouvoir2
ouvrir,ouvrir1
aucunes,
serrures,serrure
coffres,coffre
appliquer,appliquer
prouffit,profit
trouveroit,trouver
yceulx,cil
jours,jour
Saint-Denis,Saint-Denis
heure,heure
eglise,église
auprès,auprès
chappelles,chapelet1
estans,être1
aumaille,aumaille2
ycellle,cil
chappelle,
ouverte,ouvrir1
ayde,
grosse,gros
joignant,joindre
monta,monter
uys,huis
aumaile,aumaille2
lesquelles,
jà,jà
y,i2
galice,calice
aournemens,aornement2
église,église
Saint-Marcel-lez-Paris,Saint-Marcel-lès-Paris
taverne,taverne
compaignie,compagne
scet,
entente,entente
auroit,avoir1
beu,
Saint-Marcel,Saint-Marcel
soy,
Mais,mais1
après,
S.,
Magloire,Magloire
quoy,
deist,dire1
gouvernement,
maiz,mais1
pou,peu
homs,
reputé,
reputoit,
advouoit,avouer1
VEUE,voir1
LA,le
CONFESSION,confession
duquel,de.lequel
demanda,demander
ausdiz,à.ledit
assistens,assistant
conseillers,conseiller1
bon,bon
fere,faire
Simon,Simon
procederoit,procéder
lesquelx,
tous,tout2
oppinion,opinion
delibererent,délibérer
question,question
crymes,crime
larrecins,larcin
faiz,faire
condempné,condamner
EN,en2
ENTERINANT,entériner
LEQUEL,lequel
JUGEMENT,jugement
tresteau,tréteau
Chinon,Chinon
Signy,Signy
cousin,
germain,germain
houppelande,houppelande
engletine,englantine
fourrée,fourrer2
connins,connin
petite,petit
cote,cotte
chapperon,chaperon
coffre,coffre
froissa,froisser
parent,parent
rompi,rompre
ZZZlX,soixante
sols,sou1
menue,menu
monnoye,
houppellande,houppelande
resqueux,rescourre
hostez,ôter
sondit,sondit
deçà,deçà
emmi,enmi
champs,champ
là,là
poursuïoit,poursuivre
ataigny,atteindre
Lequel,lequel
sesdiz,sondit
lessa,laissier
voult,vouloir
dommage,
destourbier,détourber
encores,encore
Lencloistre,Lencloître
arriva,
depuis,
party,
chambres,
leans,léans
cuevre-chefs,couvre-chef
lin,lin1
ycelle,
chambre,chambre
despeça,dépecer
pieces,pièce
dehors,dehors
gaiges,gage
appellé,
Mermignac,Mermignac
douze,douze
despendu,dépendre3
nuis,nuit
mengé,manger
sec,sec
gehine,genine
chauffer,chauffer
cuisine,cuisine
auquel,
persevera,persévérer
continua,continuer
esdites,en1.ledit
confessions,confession
aumailes,aumaille2
logez,loger
ycelles,
rompues,rompre
trouvé,trouver
X,dix
envelopez,envelopper
drapeau,drapeau
linge,linge1
enté,enter
bouté,bouter1
gan,gant
appartenans,
chasubles,chasuble
Congnut,connaître
demi,demi
retrayent,retraire
leurs,leur2
vouloit,vouloir
yssir,
apperçut,apercevoir
perche,perche2
robe,robe
burel,bureau
grise,gris
femme,femme
tira,tirer
emporta,emporter
mucer,musser
chesne,chaisne
sengle,sangle2
fourreure,fourrure
doubleure,doublure
partement,partement
rouste,route
nommé,nommer
Grantisel,Grantisel
quatrevins,quatre-vingts
premierement,premièrement
osta,oster2
annel,agneau
très,
groz,gros
pelle,perle
poiz,poids
religieux,religieux
congnoissance,connaissance
morel,moreau
sellé,seller
chevauchoit,chevauchier
service,
IIIJ,
l.,
tournois,tournois1
seigneur,seigneur
Clervaut,Clervaux
APRèS,après
LESQUELLES,lequel
CONFESSIONS,confession
recitées,réciter
presence,présence
desdiz,de.ledit
poursuir,poursuivre
souffrist,souffrir
raison,raison
luy,
données,
lettres,lettre
portast,porter1
prejudice,
voulsist,vouloir
consentir,consentir
justicié,justicier2
souveraine,souverain
conseil,conseil
aux,
rapporta,rapporter
consentoit,consentir
sadite,sondit
pourveu,
lesdiz,ledit
verroient,vëoir
deportant,déporter
cy,
CE,ce1
FAIT,faire
honorables,honorable
hommes,homme
Delcy,Delcy
Jaques,Jacques
Boys,bois
advocaz,avocat
P.,Pierre
Gilbert,Gilbert
Robert,Robert
Pacy,Pacy
Girart,
Haye,Haye
Tuillieres,Tuillières
Soudant,Soudant
Oudart,Oudart
Fontenoy,Fontenoy
Nicolas,
Chaon,Chaon
Arnoul,Arnould
Villers,Villers
Bar,
Petit-Clerc,Petit-Clerc
examinateurs,examinateur
advis,avis
oppinions,opinion
larron,larron
reiteracions,réitération
commis,
dignes,digne
recevoir,recevoir
demerites,démérite
assavoir,
pendus,pendre
Veues,voir1
oyes,ouïr
condempna,condamner
executé,exécuter
dessusdit,dessus-dit
AL.,
CACHEMARéE,Cachemarée
mercredi,mercredi
attaint,
Adenet,Adenet
Bryois,Brioys
Geffroy,Geoffroy
Meaux,Meaux
sellier,sellier
garanti,garantir
frain,frein
mule,moelle
vendu,vendre
officiers,officier1
Dampmartin,Dammartin
dient,dire1
leur,leur2
emblé,
juré,jurer
afferma,
labeur,labeur
ouvrier,ouvrier1
basses,bas
euvres,oeuvre
halles,halle
compaignon,
congnoist,connaître
nom,nom
mencion,
vendre,vendre
recevroit,recevoir
apportast,apporter
apporta,apporter
dix,dix
parisis,parisis
cellui,
LE,le
JEUDI,jeudi
IXe,
Martin,Martin
Double,Double
Adam,Adam
Malaisie,Malaisie
advocas,avocat
Pierre,Pierre
Bertin,Bertin
rechef,rechef
Brioys,Brioys
confesser,confesser
afin,afin
bouche,bouche1
prinse,
icelui,celui
SAMEDI,samedi
XJe,
IIIJxx,
neuf,neuf2
estables,étable
chevaux,
comte,comte
pendu,pendre
cheville,cheville
boys,
passoit,passer1
auprez,auprès
Olive,Olive
ouvert,ouvrir1
entra,entrer
courte,court
marbré,marbré
double,double
huche,huche1
XVJ,
vestir,vestir
vendesist,vendre
ouvriers,ouvrier
faisans,faire
leurdit,sondit
Maubert,Maubert
Cheval-Blanc,Cheval-Blanc
ils,
prindrent,prendre
emblerent,embler
hanap,hanap
madre,mère
XX,vingt
hennap,hanap
Guillemin,Guillemin
Halles,Halles
Glatigny,Glatigny
retint,retenir
seurplus,surplus
valeur,
rabatu,rabattre
porcion,portion
povoit,pouvoir2
competer,compéter
appartenir,appartenir
parle,parler
reccord,recort
six,six
mucé,musser
Petit,petit
Meleun,Melun
congnoissoit,connaître
long,long
Chaalons,Châlons
Champaigne,
feri,férir1
massue,massue1
tua,ton2
entencion,entention
pençoit,penser
toutes,tout2
appliqua,appliquer
compaignons,compagnon
Castille,Castille
souperent,souper2
ensemble,ensemble
enseigne,enseigne
Escrevisse,écrevisse
Baudet,Baudet
ilz,
soupé,souper2
dirent,dire1
alassent,aller
coucher,coucher
Fain,foin
Saine,Seine
parolles,parole
meurent,mouvoir
fery,
cousteau,couteau
tuerent,tuer
lesserent,laisser
second,
bretons,Breton
assemblerent,
Arras,Arras
trouverent,trouver
qu,que
eulx,
francs,franc3
iceulx,cil
ADENET,Adenet
rattiffia,ratifier
logé,loger
chasteau,château
Mirebaut,Mirebeau
jeune,jeune1
XXIIIJ,
jeut,gésir
charnelment,charnellement
VEUES,voir1
leues,lieue
Truquam,Truquam
Miles,Miles
Rovroy,Rovroy
confessées,confesser
consideré,considérer
murdrier,meurtrier
trainé,traîner
Lesquelx,
oïz,öir
justiciez,justicier2
darrenier,dernier
tourment,tourment
moy,
Aleaume,Aleaume
Cachemarée,Cachemarée
execution,exécution
Forestier,Forestier
Soutil,Soutil
Phelipot,Philippeau
Damade,Damade
sergens,sergent1
Perrin,
venant,venir
passant,passer1
Ferté-Gaucher,Ferté-Gaucher
Dieu,Dieu
bourse,bourse
couché,coucher
hostellerie,hôtellerie
XL,quarante
beut,boire1
ouvroient,oeuvrer
aigoux,agout
evesque,évêque
Thiebaut,Thiébaut
ouvroit,oueuvrer
esdiz,en1.ledit
hayne,haine
Thibaut,Thibaut
esquelx,en1.lequel
trespassement,trépassement
longuement,longuement2
prisonniers,prisonnier
Palais,Palais
Saint-Eloy,Saint-Eloi
pene,panne1
Henry,Henri
Sauveur,
Convers,Convers
ouvrans,oeuvrer
Anfrenet,Anfrenet
tresorier,trésorier
guerres,guerre
montant,monter
depose,déposer2
seulement,seulement
gaigna,gagner
ouvra,œuvrer
sceurent,savoir1
apperceurent,apercevoir
souspeçon,soupçon
batu,batre
congneues,connaître
escript,
donné,donner
samedy,samedi
CCCIIIJxx,
vendredi,vendredi
XXIIIJe,
Mote,Mote
Caloire,Caloire
chancellier,
concierge,concierge
palays,
rapporté,rapporter
commandement,commandement
admener,amener
Bruc,Bruc
selon,
certaines,
honorable,honorable
Marle,Marle
bailli,baillir
conciergerie,conciergerie
Desquelles,de.lequel
teneur,
ensuit,ensuivre
samedi,samedi
XVIIJe,
royal,
né,naître
Redon,Redon
Bernart,Bernard
Laigny,Laigny
Gervaise,Gervais
Tartre,Tertre
verge,verge1
pourchas,pourchas
Reboutin,Reboutin
connestable,
garnison,
Saintes,Saintes
Poitou,Poitou
souspeçonne,soupçonner
Chambely,Chambly
Hauberger,Hauberger
saisi,saisir
mi-parti,mi-partir
brunette,brunette
costé,côté
rouge,
JOUR,jour
DIST,dire1
DEPOSA,déposer2
vray,vrai
IJe,
janvier,janvier
darrenierement,dernièrement
Chambly,Chambly
ensuivent,ensuivre
Item,item
vert,vert
escureux,écureuil
espée,
Monstreviller,Montrevilliers
doublé,doubler
vermeil,vermeil1
contenant,contenir
aulnes,aune
demie,demi
cuir,cuir
fourré,fourrer2
chaz,chacier
aulne,aune
violette,violet
blanches,blanc
semelées,semeler
grison,grison
pommelé,pommelé
baïart,baiart
GERVAISE,Gervaise
DU,de.le
TARTRE,Tertre
rue,rue1
Saint-Martin,Saint-Martin
denonciacion,dénonciation
menassent,menacer
Saint-Jaques,Saint-Jacques
enseigneroit,enseigner
Saint-Severin,Saint-Séverin
fouy,fuir
bouta,bouter1
moustier,moutier1
BONIFACE,Boniface
PRUNACZ,Prunac
LEDIT,ledit
FEISMES,faire
bailly,bailli
Giles,Gilles
Labat,Labat
Fredon,Fredon
feismes,
demanderions,demander
respondi,respondre1
Auquel,
demandasmes,demander
poursuy,poursuivre
gentilshommes,gentilhomme
pourquoi,pourquoi
faisions,faire
demonstrance,démontrance
Requis,requérir
oïl,oui
seel,sceau
gravé,graver1
Angers,Angers
ITEM,item
Neufve,neuf1
Nostre-Dame,Nôtre-Dame
Bourdon,Bourdon
Avecques,avec
Temple,temple
Maillez,maillet
CHOSES,chose
considerées,considérer
confession,confessïon
variacion,variation
nommez,nommer
disons,dire1
digne,
LUNDI,lundi
ensuïant,ensuivre
Enguerran,Enguerran
Vausaillon,Vauxaillon
Dubert,Dubert
Robin,Robin
Cochereau,Cochereau
deismes,dire1
avec,avec
acheté,acheter
estandre,estendre
feissions,faire
mettre,mettre
tout,tout2
plairoit,plaire
delier,délier
plene,plein
toute,tout2
pellerinage,pèlerinage
Pontoise,Pontoise
musoit,muser1
sembla,
nommer,
Jacques,Jacques
demouroit,demeurer
Lombart,Lombard
faisoit,faire
ceulx,
prestoit,prêter
celle,celle
advisa,aviser
jardin,jardin
granche,grange
desclose,déclore
eschelle,échelle
dreça,dresser
dedans,dedans
nommées,nommer
excepté,excepté
enfardela,enfardeler
emprez,emprès
elles,elle1
retourna,
querir,quérir
aporta,aporter
chez,chez
freppier,fripier
demeure,demeure
Saint-Germain,Saint-Germain
Aucerrois,Auxerrois
ymage,image
emprunté,emprunter
XXVIIJ,
par.,
taindre,teindre
brunete,brunet
baillée,bailler1
lessiée,laisser
Cigne,cygne
Saint-Jacques,Saint-Jacques
Requist,requérir
dampnement,damnement
nuls,nul
VIIJ,
IX,neuf2
demoura,demeurer
Rabaut,Rabaut
Renes,Rennes
onze,onze
boiste,boiste
mussée,musser
celier,cellier
sept,sept
Gassegnie,Gassegnie
marchans,marchand
valoient,valoir
fr.,
espées,
brydes,bride
chevaulx,cheval
Gieffroy,Geoffroy
descouvry,découvrir
Mauleon,Mauleon
VIJ,
mariée,
cousturier,couturier
Saint-Aubin,Saint-Aubin
Cormier,Cormier
jehan,Jean
Buffiere,Buffière
Chasteauneuf,Chasteauneuf
Auvergne,Auvergne
Ventadour,Ventadour
convint,
feist,faire
armeroit,
durant,durant1
pillié,piller1
robé,rober
feux,feu1
Moustiers,Moustiers
barriere,barrière
retournant,
voyages,voyage
elle,elle1
Artois,Artois
mantel,manteau
Guyenne,Guyenne
vendus,vendre
combien,combien
adviser,aviser
pourroit,pouvoir2
boucherie,boucherie1
Champs,champs
minuit,minuit
coulombier,colombier
vignes,vigne
bource,bourse
soubz,sous
chevet,chevet
dormoit,dormir
clefs,clef
cuida,cuider
deffermer,desfermer
remist,remetre
apperceust,apercevoir
chens,chien
abayerent,aboyer
murdrir,meurtrir
embler,embler
peu,peu
trouver,trouver
semblablement,semblablement
Prez,prest1
tuilleries,tuilerie
etc.,
confessé,confesser
assemblées,assemblée
chevauchées,chevauchée
jumens,
beufs,boeuf
vaches,
GUILLAUME,Guillaume
BRUC,Bruc
ottobre,octobre
Michel,Michel
Pailler,Pailler
Jean,
Ferrebouc,Ferrebouc
aprez,après
Euvangilles,évangile
escriptes,écrire
eurent,avoir1
distance,distance
articles,article
autreffois,autrefois
congneu,
neantmoins,néanmoins
vrayes,vrai
crainte,crainte
paour,peur
assistans,assistant
fais,faire
Tous,tous
denegacions,dénégation
vraye,vrai
despoiller,dépouiller
eaue,eau
instanment,instamment
accusé,accuser
chauffé,chauffer
deuement,dûment
ramené,ramener
présence,présence
recommenda,
benoite,benoît
Vierge,vierge
Trinité,trinité
Paradis,paradis
meffaiz,méfait
torfaiz,torfait
peschez,péché
voulsissent,vouloir
pardonner,pardonner
approuva,approuver
efforcement,efforcement
vrais,vrai
diminuant,diminuer
ostant,ôter
article,article
revenant,revenir
voyage,voyage
deust,devoir2
augmenta,augmenter
deposicion,déposition2
exceptez,excepter
emblée,embler
aboit,avoir1
toutesvoies,toutevoie
Laquelle,
ferrure,ferrure
ensuivant,ensuivre
IIIJe,
Drouart,Drouart
Marchant,Marchand
Montchauvet,Montchauvet
Bausme,Bausme
Folie,folie2
receveur,receveur
serviteur,serviteur
Testenoire,Tête-Noire
capitaine,capitaine
chef,chef
povoient,pouvoir2
mourir,mourir
bacinet,bassinet
jaque,jaque
couru,
rançonné,rançonner
obeissance,obéissance
subjeccion,sujétion
servi,servir
serviteurs,serviteur
fourraige,fourrage1
congneut,connaître
fourrages,fourrage1
varlets,valet1
eschappez,échapper
Maiz,mais1
conscience,conscience
partis,partir
congé,
quitassent,quitter
parjures,parjure1
menti,mentir
foy,foi1
injurieuses,injurieux
meues,mouvoir
requit,requérir
remettre,
disant,dire1
injures,injure
partant,partant2
fourme,forme
deposé,déposer2
rattifficacions,ratification
approbacions,approbation
perseveracions,persévération
causes,cause
traynez,traîner
eschaffaut,échafaud
traittres,traître
royaume,royaume
decapitez,décapiter
corps,corps
prononçasmes,prononcer
jugasmes,juger
MERCREDI,mercredi
assemblez,assembler1
supplia,supplier
ença,ença
mauvaise,mauvais
bons,bon
seigneurs,seigneur
onneur,
escripre,
pechez,péché
mauvaistiez,mauvaiseté
commises,commettre
accordé,accorder
orroyent,
mieulx,
remenbrant,remembrer
extorcions,extorsion
publiquement,publiquement
Perac,Payrac
Lymosin,Limousin
blanchet,blanchet
omme,homme
Charros,Charros
Berry,Berry
hoste,hôte
advisé,aviser
joyaulx,joyau
anneaulx,anneau
quelx,
VJ,
dès,
Berthier,Berthier
Guichart,Guichard
Blanc,blanc
Ron,Ron
Couloigne,Coulonges
Royal,Royal
draps,
sanguine,sanguin
nombre,
XXJ,vingt-et-un
V,où
Beuf,Beuf
quelle,
couleur,couleur1
quelz,quel
personnes,
Mauleton,Mauleton
poil,poil1
Martigny,Martigné
Briant,Briand
Anjou,Anjou
despendi,dépendre3
guery,guérir
païer,payer
Clichon,Clichon
mareschal,maréchal
camelin,camelin1
Montfaucon,Montfaucon
tasses,tasse1
Bour-neuf-en-Rays,Bourgneuf-en-Retz
Bretagne,Bretagne
Nannis,Nannis
Rochelle,Rochelle
bonne,bon
XIJ,
sous,sous
Orleans,Orléans
Ferté,ferté
Nebaut,Nebaut
Thory,Toury
Beausse,Beauce
Estampes,Étampes
Chastres,Chastres
Montlehery,Montlehéry
barrettes,barrette1
Pevriers,Pevriers
Marcilly,Marcilly
Nonnains,nonnain
espicerie,épicerie
mouffles,moufle1
fourrées,fourrer2
mourée,morée
Advignon,Avignon
Avignon,Avignon
bouticles,boutique
certaine,
Tournon,Tournon
Rosne,Rhône
pelles,perle
lesdites,ledit
buisson,buisson
vielle,vieux
maison,maison
perdues,perdre
Hedé,Hédé
deça,deça
Maizieres,Mézières
Meuse,Meuse
Almaigne,Allemagne
paire,père
dague,dague
pennart,pennart
abbé,abbé
bouges,bouge1
XXVJ,
saffirs,saphir
licorne,licorne
gros,gros
vendit,vendre
Saint-Quentin,Saint-Quentin
viconte,vicomte
Belliere,Bellière
Rochediré,Roche-d'Iré
Roy,roi1
Ailly,Ailly
Picardie,Picardie
gobelez,gobelet
çaintures,ceinture
Signe,cygne
seellée,
Noël,Nöel
foulon,foulon1
karesme,carême
Sercelles,Sarcelles
Serpe,serpe
fardellet,fardelet
Escouen,Ecouen
desrober,dérober
Montmorency,Montmorency
Maigny,Magny
bourses,bourse
Beauvoisins,Beauvoisin
sangle,sangle2
closier,closier1
Corbie,Corbie
cueillers,cuiller
cuevrechefs,couvre-chef
boursettes,boursette
boursette,boursette
manteau,manteau
Choisy,Choisy
Espée,épée
saintures,ceinture
dorée,doré
desquelles,
donna,donner
Laon,Laon
Ille,
Bouchart,
alant,aller
Montbason,Montbason
Partenay,Parthenay
cueiller,cuiller
fretin,fretin
Escu,écu
Conflans,Conflans
Sainte-Honorine,Saint-Honorine
barrette,barrette1
carrefour,carrefour
Corbueil,Corbeil
çainture,ceinture
gaige,
juisve,juive
Senliz,Senlis
par-deçà,pardeça
marché,marché1
loge,loge
abé,abbé
Plat,plat
Estain,étain
Saint,saint
bouteilles,bouteille
année,
passée,passer1
ordenoit,ordonner
fauxbours,faubourg
Vernon,Vernon
fardeau,fardeau
Estrepigny,Etrépigny
cuisettes,cuissette
desdites,de.ledit
Lesquelles,
muça,musser
Phelippe,Philippe
Carleville,Charleville
empensé,empenser
parlera,parler
transporta,transporter
damoiselles,damoiselle
moult,moult
entendoient,
aouster,aoûter
ens,ens
Ouquel,en1.lequel
frequanta,fréquenter
continuelment,continuellement
laboureur,laboureur
fermoit,fermer
huys,huis
guichet,guichet
ressort,resortir
reculoit,reculer
dedens,dedans
cour,
ouvertes,ouvrir1
fermé,fermer
recula,reculer
pendoyent,pendre
sermillet,fermaillet
ouvry,ouvrir1
fouilla,fouiller
coffret,coffret
estuy,étui
recloy,reclore
yssi,
lendemain,lendemain
rompy,
mussées,musser
XXV,vingt-cinq
levrier,levrier
paternostres,patenôtre
freses,fraise1
chapeau,chapeau
coiffe,coiffe
perles,perle
chandelier,chandelier1
rompu,
fermeillez,fermaillet
menu,menu
recort,recorder1
Toutes,tous
juif,juif
Juifs,juif
puys,puits
Juif,juif
presta,prêter
Olivier,Olivier
surnoms,surnom
tenans,tenir
escolles,école
grantmaire,grammaire
jura,jurer
entendoit,
sceut,
sinon,sinon
escolle,école
XVIIJ,
reçupt,recevoir
residu,résidu
aucunement,aucunement
baillez,bailler1
emblez,embler
Compiegne,Compiègne
loga,loger
serrure,serrure
drappel,drapeau
noué,nouer
LXXVJ,soixante-seize
agneaulx,agneau
saffir,saphir
hostesse,hôtesse
ruby,rubis
aymant,aimant
Marot,Marot
Noyon,Noyon
Dragon,dragon
despence,dépense
Guite,Guite
Saint-Malo,Saint-Malo
Liege,
attendoit,
souffrir,souffrir
presentement,présentement1
cy-dessus,ci-dessus
desclairées,déclarer
devisées,
acompaigné,accompagner
denoncié,dénoncer
diligenment,diligemment
examiné,examiner
decapité,décapiter
CY,ci1
trouvez,trouver
Selvet,Selvet
criminel,criminel
prevosté,prévôté
Primo,primo
demanderoit,
besaces,besace
liées,lier
Sur,sur1
Estanc,étang
sachet,sachet
sainture,ceinture
tissu,tistre
asuré,azuré
grene,graine
ferrée,ferrer
boucle,boucle
mordant,mordant
boillons,bouillon
barreaux,barreau
soye,
ostée,ôter
viels,vieux
usez,user
Menart,Ménard
cuevrechef,couvre-chef
taillez,tailler
Jehannin,Jehannin
Daufin,Daufin
bouteille,bouteille
spartille,spartille
anneau,anneau
...,...
marchant,marchand
poulailler,poulailler1
transporterent,transporter
Juirrie,juiverie
juifs,juif
juifves,juive
examinez,examiner
enseignez,enseigner
affermerent,
loys,
Commissaire,commissaire
XXe,
IIJ,
XIIIJe,
p.,
XXJe,
XV.,
XVIJ,
XIX,
d.,denier
XXIJe,
XXIIJe,
XXIIJ,
VIIJe,
XVJe,
CCCIIIJ,
XVe,
VIIIe,
XIXe,
XXVe,
XIIJ,
XXVIe,
IIc,
IJc,
XIJe,
LX,
XXIJ,
XXVIIJe,
mess.,
IIJe,
L,le
CCC,
parr.,
Xe,
IIJc,
Vc,
MCCCIIIJxx,
LXVIJ,
IJcIJ,
XVIJe,
IIII,quatre
XIIIJ,
XXXVJ,
XVIe,
XXXIJ,
VIJe,
XXVJe,
Ve,
XIIJe,
XXXJe,
XLVIIJ,
XXIXe,
CCCm,
Paris.,
XXVIJe,
XXXe,
XLIIIJ,
XJ,
XLV,
XXXV,trente-cinq
LXX,
J.,
GROSSE-C...LLE,
VIIe,
tour.,
J,
Mons.,
XLVJ,
XLJ,
Dominedeu,Damedieu
devemps,devoir2
lauder,louer1
sancz,saint
honor,honneur
in,en1
su',son4
cantomps,chanter
·sanz,saint
quae,que
augrent,avoir1
aanz,ahan
cantumps,chanter
Lethgier,Léger
Primos,prim
didrai,dire1
dels,de.le
honors,honneur
awret,avoir1
ab,à
duos,deux
seniors,seigneur
apres,après
ditrai,dire1
suos,sien
susting,soutenir
Ewruïns,Ebroïn
deumentiz,dieumenti
torment,tourment
occist,occire
Quant,quand
infans,enfant
fud,être1
ciels,ciel
rei,roi1
duistrent,duire2
regnevet,régner
cio,ce1
Lothiers,Lothaire
fils,fils
Baldequi,Bathilde
amat,aimer
covit,convoiter
rovat,rover
litteras,lettre
apresist,apprendre
Didun,Didon
ebisque,évêque
Peitieus,Poitiers
·l,le
comandat,commander
reis,roi1
reciut,recevoir
tam,tant
ben,bien
u·,un
magistre,magister
sempre,sempres
·llo,le
doist,duire1
saveir,savoir1
bona,bon
feid,foi1
cum,comme
rende,rendre
reciu,recevoir
nonrit,nourrir
lonx,long
ob,o1
·s,se1
ting,tenir1
Deus,Dieu
exaltat,exalter
servid,servir
Sanct,saint
MAXENZ,Maixent
abbas,abbé
divint,devenir
juvent,jouvent
mieldre,meilleur
perfectus,parfaire
caritet,charité
fid,foi1
·il,il
veritet,vérité
raizons,raison
bels,beau
oth,avoir1
sermons,sermon
humilitet,humilité
Cio,ce1
er,en1.le
fai,faire
laudaz,louer1
enn,en2
Letgiers,Léger
u,ou1
pod,pouvoir2
Davant,devant
laudez,louer1
·li,li
·n,en2
amet,ametre
mandat,mander
curt,cour
servist,servir
e,et
onorat,honorer
gratia,grâce
donat,donner
hunc,onques
Hostedun,Autun
evesqu',évêque
Quandius,quandis
visquet,vivre1
honorez,honorer
Lethgiers,Léger
damz,dam1
controverent,controuver
Chielperig,Chilpéric
compt',comte
·en,en2
estrit,estrif
eps,es2
num,nom
auret,avoir1
Evruï,Ebroïn
vol,vol
reciwre,recevoir
Chielperin,Chilpéric
mais,mais1
seu,savoir1
fredre,frère
Theoiri,Thierry
condignet,condigner
sos,son4
volunt,vouloir
fair',faire
so,sur1
gred,gré1
presdrent,prendre
gret,gré1
fisdren,faire
ott,avoir1
gran,grand
dol,deuil
porr,pour
ventre,ventre
no,notre
·ls,le
poth,pouvoir2
duol,deuil
rova,rover
clergier,clerger
intrat,entrer
monstier,moutier1
Reis,roi1
Chielperics,Chilpéric
sanct,saint
consilier,conseiller1
suo,son4
edrat,être1
incontra,encontre2
garda,garder
lei,loi1
consentit,consentir
observat,observer
regnet,régner
dominat,dominer
tels,tel
inimix,ennemi
encusat,encuser
Chielpering,Chilpéric
senior,seigneur
oc,avoir1
ent,en/ent
pavor,peur
celat,celer
nuil,nul
omne,homme
demonstrat,démontrer
ciel',cil
irae,ire
esdevint,esdevenir
Paschas,Pâques
mistier,métier
Missae,messe
cantat,chanter
·lo,le
mul,mul
pobl',peuple1
·nlo,le
communïat,communier1
cumgiet,congé
ralat,raller
presdra,prendre
meis,mais1
tramist,tramettre
revenist,revenir
ouist,avoir1
soth,savoir1
mesfait,méfait
adunat,aduner
Tos,tout2
consiliers,conseiller1
estrai,être1
meu',mien
evesquet,évêché
·m,me
teneir,tenir
vols,vouloir
aveir,avoir1
laiss',laisser
intrer,entrer
pos,post
posc,pouvoir2
Enviz,envis1
voluntiers,volontiers
laisse,laisser
intrar,entrer
Lusos,Luxeuil
ut,où
clerj',clerc
Ewruï,Ebroïn
illo,illuec
trovat,trouver
molt,moult
mel,mal
toth,tout2
enveja,envie
so·,son4
castïier,châtier
Ciel',cil
corropt,courroux
preia,prier
laissas,laisser
Fus,être1
fus,être1
paia,paisier
·s',se1
fincta,feindre
pais,paix
paias,paisier
instud,ester
amix,ami
aureiz,avoir1
ill,il
mala,mal2
Rex,roi1
Chielperings,Chilpéric
sowrent,savoir1
amic,ami
confortent,conforter
ambes,ambe
ralgent,raller
den,donc
fistdra,faire
evequiet,évêché
fisdra,faire
deveng,devenir
anatemez,anathème
quev,chef
coronet,couronne
laisera,laisser
recimer,recimer
laissat,laisser
dïable,diable
mels,miel
semper,sempres
Cum,comme
fulc,fouc
adunet,aduner
regne,règne
prest,prêt2
deuaster,dévaster
foc,feu1
flamma,flamme1
vai,aller
gladïes,glaive
percutan,percuter
tan,tant
observer,observer
Ciel,cil
medre,mère
vius,vif
tal,tel
exercite,exercite1
vidist,voir1
Ad,avoir1
Ostedun,Autun
cilla,cil
ciu,cité
asalir,assaillir
ciutet,cité
·i,y2
trist,triste
vid,voir1
Sos,son4
clerjes,clergé
revestiz,revêtir
croix,
exit,issir
Porr,pour
preier,priier
laisses,laisser
qual,quel
hora,heure
penre,prendre
lïer,lier
HOR,or2
AUREZ,avoir1
LAS,le
POENAS,peine
tiranz,tirer
perfides,perfide
cruels,cruel
ols,oeil
cap,chef
devengunz,devenir
terra,terre1
joth,gésir
mult,moult
fo,être1
afflicz,afflire
oct,avoir1
calsist,chaloir1
Super,sur1
at,avoir
condemnets,condamner
Am,ambe
lawras,lèvre
talier,tailler
hanc,ainc
lingua,langue
quiev,chef
vituperet,vitupérer
Hor,or2
perdud,perdre
podra,pouvoir2
Sed,si3
lingu',langue
exaudis,essöir
pensaez,pensée
carnels,charnel
cor,coeur
etspiritels,espirituel
anima,âme
awra,avoir1
consolament,consolement
Guenes,Ganelon
cartres,charte
menat,mener
Fescant,Fécamp
reclusdrent,reclure
Dominedeus,Damedieu
flaiel,fléau
visitet,visiter
serw,serf
labï',lèvre
restauret,restaurer
Doc,donc
preïier,prier
poble,peuple1
credre,croire
Ewruïs,Ebroïn
·nne,ne1
antro,entro
corroptios,courroucé
dures,dur
exastra,esêtre
tirant,tirer
promest,promettre
furor,fureur
recommand',recommander
Laudebert,Laudebert
noit,nuit
fesist,faire
dontre,dentres
viu,vif
fura,être1
buons,bon
duis,duire2
bewre,boire1
Uarda,garder
claritet,clarité
vindre,venir
ruörs,roue1
flamm',flamme1
clar,clair1
Laudeberz,Laudebert
als,à.le
·llor,leur1
Ciest,cist
aima,aimer
Dieus,Dieu
causa,chose
vin·,venir
signes,signe
vidrent,voir1
conlauder,coler1
apresdrent,apprêter
predïat,prédire
lucrat,lucrer
Rendet,rendre
fruit,fruit
espiritel,espirital
donet,donner
pesat,peser
occidere,occire
commandat,commander
Quatr',quatre
omnes,omnis
alessunt,aller
decoller,décoller1
giterent,
pechietz,péché
aurent,avoir1
absols,absoudre
perdonat,pardonner
Lo,le
quarz,quart
Uadart,Uadart
inspieth,épieu
decollat,décoller1
aud,avoir1
tollut,tolir
sobre,sobre
cadit,choir
Lai,laiier2
aprosmat,approismer
firid,férir1
entro,entro
talia,tailler
pez,pied
asaz,assez
flaiels,fléau
grand·,grand
sustint,soutenir
reciunt,recevoir
Dominedieus,Damedieu
aiud,aider
sustinc,soutenir
passïons,passion
FINIT,finio
LUDENDO,ludo
DICIT,dico
VIE,vie
SAINT,saint
EUSTACE,Eustache
Traian,Trajan
deables,diable
menistres,ministre1
lignage,lignage
Placidas,Placide
error,erreur1
mescreance,mescrëance
domages,damage
secoroit,secourir
cels,cil
aidoit,aider
aide,aide1
forsjugiez,forjuger
dampnez,forjuger
relevoit,relever
revestoit,revestir
nuz,nul
repeissoit,repaître
famelleus,fameilleux
departoit,departir
sembloit,
lores,lors
Cornille,Corneille
preudome,pro
converti,convertir
feme,femme
autretel,autretel
resembloit,
bones,bon
teches,tache
aoroit,aorer
ydres,idle
norrissoient,nourrir
barbarins,barbarin1
neis,neïs
oiseaus,oiseau
gibecier,gibecer
estudioit,étudier1
Sires,sire
pius,piu
deboneres,debonaire
lesquex,lequel
atrere,attraire1
gerredon,guerdon
Escriture,écriture
manieres,manière
aiment,aimer
beent,béer
montaignes,
baudoire,baudoire
ielz,oeil
assemblee,assemblée
peissoient,paistre
atirer,attirer2
torbes,tourbe1
eschieles,eschelle2
corut,courir
aleure,allure
ez,ez
cerf,cerf
dedenz,dedans
covoita,convoiter
escherie,eschari
lasserent,lasser
recreuz,recru
recrut,recroire
broces,brosse
essarz,essart
espines,épine
esloigniez,esloignier
aresta,arrêter
aprocha,approcher
regarda,regarder
entor,entour
devisoit,
douçor,douceur
misericorde,miséricorde
porchaça,pourchasser
chaçoit,chasser
bersa,berser
berser,berser
meismes,même
demostrance,demostrance
merveilloit,merveiller
grandor,grandeur
beauté,
failloit,falir
fauvel,fauvel
encharchast,enchercher
enpreist,emprendre1
chevir,chevir
asnesse,ânesse
Balan,Balaam
reprendre,reprendre1
vassal,vassal
musardie,musardie
autressi,autressi
cornes,corne1
signe,signe
resplandissant,resplendissant
soleill,soleil
image,image
Jhesu,Jésus
Crist,Christ
Placidain,Placide
demandes,demander
Voiz,voir1
conoisses,connaître
serz,servir
aumones,aumône
besoigneus,besoigneux
bees,béer
bé,béer
lieras,lier
prendras,prendre
menrai,mener
aort,aorer
puent,pouvoir2
ving,venir
semblance,semblance
parlast,parler
chaï,choir
repris,reprendre
ententivement,ententivement
merveille,merveille
appareue,apparaître
denz,dent1
vision,vision
apareue,apparaître
Beau,beau
demostre,démontrer
velz,vieux
Entent,entendre
neient,néant
fis,faire
elemenz,élément
teniebres,ténèbres
crevant,crever
raiant,rayer2
enluminer,enluminer
esteiles,étoile
establi,établir
forma,former
crucefiez,crucifier
enseveliz,ensevelir
resuscitai,ressusciter
adenz,adens
feis,faire
ravoies,ravoyer
desavoiez,désavoyer
escoute,escouter
sacrement,sacrement
comendes,commander
renoncerai,renoncer
voill,vouloir
recevez,recevoir
retraiez,retraire
hore,heure
revien,revenir
mosterrai,mostrer
avendra,avenir
coment,comment2
vendras,venir
salu,salut
descendi,descendre
montaigne,montaigne
qant,cant1
anuitié,anuitier
comença,commencer
raconter,raconter
escria,escrïer
veistes,voir1
crucefié,crucifier
crestien,crestiien
servent,servir
aorent,aorer
soverains,souverain
verais,verai
ravoie,ravoiier
Hersoir,ersoir
tis,ton2
mariz,mari
ti,te
venez,venir
figure,figure
aparoir,apparoir
saches,sacher
enes,isnel
demandons,demander
crestiens,crestiien
sunt,être1
lige,lige
renoncerent,renoncer
coneu,connaître
creoient,croire
demanderent,demander
glorefia,glorifier
velt,vouloir
sermoné,sermonner
baptisa,bonheuré
Filz,fils
Esperit,esprit
Eustace,Eustache
Theopites,Théopistie
ainzné,ainzné
Agapion,Agapet
Theopithon,Théopiste
seirment,serment
comende,commander
pardurable,perdurable
menbre,membrer
menberra,membrer
Baptiste,baptiste
comendez,commander
Eustaces,Eustache
qanz,quant
delivra,délivrer1
aprisma,approismer
veue,voir1
mostres,montrer
pieça,piéça
beneurez,bienheurer
receu,recevoir
ies,être1
revestuz,revêtir
vencu,vaincre
deable,dïable
deceu,décevoir
guerroiera,guerroyer1
envie,envie
relenqui,relenquir
tenter,tenter1
maufere,malfaire
Maintes,maint
soffrir,souffrir
aies,avoir1
essauciez,exhausser
besoignes,
temporex,temporel
richeces,richesse
humilier,humilier
boban,boban
vanité,vanité
rechiez,rechef
esperitex,espirital
richesces,richesse
soviegne,souvenir1
angoissex,angoisseux
guerroier,
plere,plaire
curieus,curieux
deffendre,défendre1
aguez,aguet
tentez,tenter1
Job,Job
veinques,vaincre
penses,pense
mauvestié,mauvaistié
deceuz,décevoir
pens,pens
humiliez,humilier
reviendrai,revenir
randrai,rendre
Veus,vouloir
orendroit,orendroit
temptations,tentation
Pren,prendre
chois,chois
ameras,aimer
mielz,mieux
eschiver,eschiver
devisees,deviser
viegnent,venir
présentement,présentement1
aversaires,adversaire
puist,pouvoir2
giterde,jeter
bastoner,bâtonner
pensee,pensée1
vainquerres,veinquëor
gardera,garder
ames,ame
repaira,repairer
nonça,noncer
endui,ambedeux
coutes,coute
genouz,genou1
proierent,prier
jhesu,Jésus
fete,faire
fetes,faire
granment,grandement
chaïrent,choir
enfermeté,enfermeté1
morurent,mourir
brief,bref
chamberieres,chambrière
aperçut,apercevoir
comencement,commencement
reçut,recevoir
grez,gré2
graces,grace
prioit,prier
doucement,doucement
fausist,falir
corrumpuz,corrompre
mortex,mortel
envaï,envahir
bestes,bête
atorna,atourner
vache,vache
brebiz,brebis
temptation,tentation
debonerement,débonnairement
moleste,moleste1
voisin,
entrerent,entrer
ravirent,ravir
ravir,ravir
Romain,Romain
eue,eau
Perse,Perse
princes,prince1
senators,sénateur
Molt,moult
merveilloient,merveiller
sodainement,soudainement
adirez,adirer
leissié,laissier
dolenz,dolent
senator,sénateur
avenue,advenir
atendons,attendre1
prenons,prendre
partons,partir
Egypte,Égypte
aprismierent,approismer
appareilliee,appareiller1
nagier,nagier
crueus,cruel
nagerent,nager
golosa,gouloser
forment,fortement
arrivé,
For,fors
aquiter,acquitter
hués,ues
sopploioit,supplier
guignoit,guigner1
notoniers,notonier
gitassent,jeter
plaignant,plaindre
douz,douz
ravie,ravir
flueve,flueve
trossa,trousser
epaules,épaule
arrier,arrière
retornoit,retourner
lions,lïon
ravi,ravir
revenoit,revenir
sivre,sivre
chevex,cheveu
tirer,tirer
descirer,déchirer
patience,patience
domache,dommage
pastor,pasteur
ruerent,ruer
maçues,maçüe
huerent,huer
mastins,mâtin
rescoustrent,rescourre
enfes,enfant
eschapa,eschaper
bovier,bovier
suirent,suivre
garderent,garder
E,et
norrirent,nourrir
sospirant,soupirer
parlant,parler
chaitis,chétif
beax,beau
fueilles,feuille
charchiez,charger
mandis,mendi
desconfortez,déconforter
despris,déprendre2
voisins,voisin
confort,confort
solaz,solaz
Diex,Dieu
deguerpissiez,déguerpir
membre,membre
deis,dire1
temptez,tenter1
perdi,perdre
possessions,
fumiers,femier
tormentez,tourmenter
autretex,autretel
tormenz,tourment
Icil,cil
confortoient,conforter
desert,desservir1
sauvages,sauvage
rainseaus,rinceau
confortoit,conforter
roseax,roseau
venz,vent
hurte,heurter
baloie,baloyer
suis,être1
serre,serrer
parloit,parler
sospiroit,soupirer
Dadissus,Dadissus
Ilueques,illuec
herberja,héberger
gaaigna,gäaignier1
peisanz,paysan
chans,champ
messiers,messier1
ilueques,iluec
quinze,quinze
norri,norrir
vilete,villette
enmena,emmener
gardast,garder
poeste,poeste
gueres,guère
corurent,courir
meesment,mêmement
envaïrent,envahir
effroi,effroi
envaïssement,envahissement
sodaine,soudain
menbra,membrer
dolens,
assembla,
comenda,commander
envoia,envoyer
terres,terre1
enquerre,enquerre
craanta,créanter
chevaler,chevalier
Antiocus,Antiochus
Gachius,Gachius
chanlant,chaland2
poroffrirent,pouroffrir
assenerent,assener
herbergiez,héberger
avisa,aviser
reconut,reconnaître
conversacion,
troblez,torbler
esmeuz,émouvoir
oroison,oraison
Beax,beau
plaisir,plaisir
ancele,ancelle1
devoré,dévorer
Donques,donc
veaus,viaus
juise,jüise
general,
resurreccion,
voix,
asseur,assûr
revendras,revenir
ravras,ravoir1
verras,vëoir
avras,avoir1
espoantez,épouvanter
chevalers,chevalier
encontr',encontre2
els,eux
conurent,connaître
aresnerent,arraisonner
distrent,dire1
beneie,bénir
veis,voir1
pooies,pouvoir2
enseignier,enseigner
donrions,donner
verrions,voir1
veimes,voir1
conui,conoistre
neporqant,nonpourquant
isnelement,isnellement
aveit,avoir1
herbergié,héberger
conois,connaître
Prestez,prêter
viande,viande
conreer,conrëer
deserte,désert2
baila,bailler1
manjoient,manger
menbroit,membrer
lavoit,laver
rentroit,rentrer
viseument,visément
reconoissant,reconnaître
conseilloit,
semble,sembler1
querons,quérir
resembla,ressembler
seing,seing
coup,
aperçurent,apercevoir
sorsaneure,sursanure
saillirent,saillir
acolerent,accoler
beisierent,baiser2
em,on
juroient,jurer
fortment,fortement
paisant,paysan
hamel,hameau
conterent,
aguille,aguille
onor,honneur
ooient,ouïr
ploroient,plorer
savions,savoir1
comendement,commandement
vestirent,vêtir
precieuses,precïos
acola,accoler
chevauchant,
conta,conter
descovri,découvrir
aventures,aventure
avenues,avenir
errerent,errer2
noncierent,noncer
mesestance,mesestance
baudor,baudeur
ceinst,ceindre
baudré,baudré
esgarda,égarder
refraindre,refraindre2
aüner,aüner
soldoiers,soudoyer1
viles,ville
fill,fils
bachelers,bachelier
soudees,soldée
acorderent,accorder
envoiast,envoyer
jovenceaus,jouvenceau
avolé,avoler
soudoier,
assemblé,assembler1
mercha,marquer
seigna,seignier
jovenceax,jouvenceau
able,able1
franz,franc2
table,table
Emprés,emprès
afere,afaire2
esmut,émouvoir
barbarin,barbarin1
saisie,saisir
Ydaspis,Ydaspis
gasta,gaster
netement,nettement
marinier,marinier
sei,soi
esconser,esconser
sejorna,sejorner
plaisanz,plaisant
tenduz,tendre2
herbergerent,héberger
midi,midi
seoient,seoir
jooient,jöer
contoient,conter
enfances,enfance
memoire,mémoire
ex,œil
escoutoit,escouter
ainznez,ainzné
menbrera,membrer
ere,être1
beaus,beau
ambedous,ambedeux
partirent,partir
nuitantre,nuitantre
alererit,aller
aparelliee,apareillier1
entrames,entrer
issimes,issir
leissiee,laissier
ambedeus,ambedeux
espaules,espaule
ançois,ainçois
repairast,repairer
sailli,saillir
engola,engouler
geterent,
bastons,baston
rescostrent,rescourre
lion,lion
noriz,nourrir
vent,vent
comence,commencer
deu,dieu
reprochié,
escostrent,escourre2
entendi,entendre
meesmement,mêmement
souffri,souffrir
jusq',jusque
endemain,endemain
aresna,arraisonner
chaitivoisons,chétivaison
remoine,remener
viselment,visément
chaïst,choir
parol,parler
Sauverre,sauveur
trest,traire
rapela,rappeler
gita,jeter
mescreantise,mécréandise
chaüz,choir
Teospiton,Théopiste
Egipte,Égypte
estions,estre1
tesmoing,témoin
ui,voir1
deshonesté,déshonnêteté
enseignes,enseigne
reconois,reconnaître
conjur,conjurer
Sauveor,sauvëor
embracier,embrasser
basier,baiser2
mercierent,mercier2
ambedui,ambedeux
devorez,dévorer
aconta,acompter
mercions,mercier2
reconeu,reconnaître
donra,donner
reconoistrons,reconnaître
seoie,seoir
escoutai,escouter
damoiseax,damoiseau
reconoistre,reconnaître
Ambedui,ambedeux
pendoient,pendre
loerent,louer1
troveüre,trouvure
Lendemain,lendemain
rendirent,rendre
merciz,merci
entretrover,entretrouver
destruite,détruire
barbarine,barbarin1
degasté,dégâter
retornerent,retourner
despoilles,dépouille
proies,proie
amenerent,amener
repairiez,
Traiens,Trajan
liu,lieu1
Adrians,Hadrien
paiens,païen
Eustaches,Eustache
mangiers,manger
appareilliez,appareiller1
assistrent,asseoir
demandoit,demander
veies,voie
temple,temple
sacrefice,sacrifice
mercier,mercier2
damedex,damedieu
Apollin,Apollin
respondit,répondre
aor,aorer
sacrefices,sacrifice
oroisons,oraison
proieres,prière
rent,rendre
visité,visiter
tribulations,tribulation
rendu,rendre
serf,serf
merveilles,merveille
desceindre,desceindre
qatre,quatre
menaça,menacier
questiona,questionner
escroller,écrouler
giter,jeter
areine,arène
sauvage,sauvage
areinne,areine
vallet,valet1
damoiseles,damoiselle
faisoient,faire
queroles,carole
damoisel,damoiseau
poignoient,poindre
champion,champion
donoient,doner
cox,coup
bacheler,bachelier
borreaus,bourreau2
talevaz,talevaz
assembloient,assembler1
festes,fête
comendemenz,commandement
beissa,baisser
enclina,
aora,aorer2
rez,rés1
embrasa,embraser
arain,airain
pueple,peuple1
paien,païen
asemblerent,assembler1
metroit,mettre
maufeitors,malfaiteur
donassent,donner
solement,seulement
eussent,avoir1
tendirent,tendre2
jointes,joindre
deité,déité
devisas,deviser
retrové,retrouver
raüné,raüner
assemble,assemble
recevons,recevoir
guerredons,guerredon
Babiloine,Babylone
forneise,fornaise
proverent,
renoierent,renier
esprueve,esprueve
soions,être1
rendons,rendre
netes,net2
esmerees,esmerer
fenissons,finir
reliques,relique
aoreront,aorer
requerront,requérir
porteront,porter
lassus,lassus
perill,péril
reclaiment,réclamer
perilz,péril
chient,choir
pechiez,péché
repentence,repentance
honorront,honorer
glorefieront,glorifier
besoin,besoin
deviegne,devenir
rosee,rosée1
partiront,
desevré,dessevrer
espurgiez,expurger
changereiz,changer
plors,pleur
ris,ris
meseses,mésaise
deliz,delit2
ferirent,férir1
randirent,rendre
chantant,chanter
loant,löer1
boneurees,bonheuré
Damedeu,Damnedeu
hautes,haut
gisoient,gésir
feissent,faire
roses,rose
arsure,arsure
flambe,flamme1
ovrist,ouvrir1
quiderent,cuider
vesquissent,vivre1
trestrent,traire
durement,durement
maumis,maumetre
resplandissanz,resplendissant
escrierent,
porterent,porter1
honoreement,honoreement
oratoire,oratoire1
bonaurez,bonheuré
martirs,martyr
kalendes,calende
novembre,
bonauré,bonheuré
honoreront,honorer
apeleront,appeler
hastif,hâtif
conseill,conseil
hastive,hâtif
repentant,repentant
confes,confès
vivit,VIVO
regnat,régner
omnia,OMNIS
secula,saeculum
saeculorum,SECLUM
Amen,amen
EXPLICIT,EXPLICO
antrelait,entrelaiier
vandroit,venir
Troies,Troies
conjointure,conjointure
escience,escïence
grasce,grâce
corronpre,corrompre
comancerai,comencier
crestiantez,crestïenté
Pasque,pâques
Quaradigan,Caradigan
conbatanz,combatre
filles,fille1
gentes,gent2
beles,beau
ressaucier,ressaucier
ocirre,occire
beisier,baisier
Maus,mal1
paraiges,parage
lerai,laiier2
avantureuse,aventuros
mervelleuse,merveilleux
anjornee,enjornee
ajorne,ajorner
corte,cort2
vest,vêtir
esvellier,esveillier
chaceors,chacëor
aparellier,apareillier1
ars,arc
saietes,saiete
meschine,meschin
Table,table
Reonde,rëont
loé,löer1
estovoit,estovoir1
.xxv.,vint.cinc
vaselage,vasselage
afublez,afubler
hermin,ermin
galopant,galoper
diapre,dïaspre
chauces,chauce
chauciees,chaucier1
tailliees,taillier1
afichiez,afichier
esperons,éperon
chauciez,chaucier1
ateignant,atteindre
mercie,mercier2
saichiez,savoir
cornent,corner1
huient,huier
chien,chien
esbruient,esbruire
abaient,abaiier
archier,achier1
espessemant,espessement
chaceor,chacëor
Ganievre,Guenievre
escotoit,escouter
esloignié,esloignier
orellier,oreillier3
orroient,
essart,essart
poing,poing
chevalchoit,chevauchier
roncin,roncin
nains,nain
corgiee,corgiee
noee,nöer2
Guenievre,Guenievre
chemine,cheminer
amaint,amener
estez,être1
"»,",""""
Nains,nain
de pute ere,deputaire
parloiz,parler
trete,traire
nain,nain
aprochiee,aprochier
recuevre,recovrer
anverse,envers1
voelle,voloir
retornee,retorner
corant,courir
Hé,hé1
sofri,sofrir
fauture,fauture
conuistre,connaître
cuiverz,culvert
arriers,ariere
traiez,traire
Fui,fuir
enuieus,enoios
contralieus,contrarïos
Lesse,laissier
iroiz,aler
bote,boter1
vergiee,vergier2
joïr,jöir
desmesuré,desmesurer
occirroit,ocire
vaselages,vasselage
depecié,depecier
osai,oser
reprochier,
dotoie,doter2
outrageus,outrajos
oceïst,occire
Itant,itant
vangerai,vengier
crestrai,croistre
lessai,laissier
tornai,torner
retrover,retrover
Sivre,sivre
prester,prester
conbatrons,combatre
conquerra,conquerre
reverroiz,revëoir
tardier,targier2
vois,aller
autresimant,autresiment
desfet,desfaire
repeirier,repairier
Caradigan,Caradigan
desresne,deraisnier
conselliez,conseillier1
sauve,sauf
annor,onor
mellors,meillor
Ydiers,Yder
Cadiolanz,Cadoalant
saiges,sage
vaillanz,vaillant
Kex,Keu
Girflez,Girflet
Amauguins,Amaugin
amassez,amasser
contee,conter
ansimant,ensement
leidemant,laidement
croistre,croître
antandez,entendre
revaingne,revenir
taigne,tenir1
suiant,sivre
seant,seoir
rues,rue1
mues,müe
terciax,terçuel1
ostors,ostor
müez,muer
joent,jöer
mine,mine2
hasart,hasart
eschas,eschec1
garçon,garçon
torchent,torchier2
estrillent,estrillier
atillent,atillier
conuissoient,conoistre
saluent,salüer
remuent,remüer
joianz,joiant
degrez,degré
vavasor,vavassor
auques,auques
chenuz,chenu
resanbloit,resembler
pansa,penser
preudom,prudhomme
herbergeroit,herbergier
vavasors,vavassor
salué,salüer
vaingniez,venir
daingniez,deignier
vez,fois
aparellié,apareillier1
prent,prendre
resne,rêne
ovreor,ovrëor1
ovroient,ovrer
issue,issir
panz,pan1
lee,lé
ridee,rider2
cheinse,chainse
vestu,vestir
chainses,chainse
perciez,percier
Povre,povre
mervelliee,merveillier
contrefaire,contrefaire
crins,crin
neanz,nïent
blanchor,blanchor
anluminee,enluminer
randoient,
ressanbloient,resembler
mirer,mirer
Issue,issir
quenut,conoistre
rogi,rogir
douce,doux
prenez,prendre
Gardez,garder
ostez,oster2
frein,frein
aveinne,aveine
fein,fein
conreez,conrëer
estrilliez,estrillier
aparelliez,apareillier1
deslace,deslacier
chevoistre,chevestre
estrille,estrillier
torche,torchier2
conroie,conrëer
mangeoire,mangëoire
loie,liier3
foin,fein
seinne,sain
portez,porter1
leissus,là
Coutes,coute
porpointes,porpoindre
tapiz,tapiz
asis,asseoir
for,fors
chanberiere,chamberiere
atornoit,atorner
isniax,isnel
cuire,cuire
Tables,table
sopé,soper
senee,sené2
povretez,povreté
povremant,povrement
amant,aimer
angagiee,engagier
vandue,vendre
sofrisse,sofrir
vossist,voloir
niece,niece
savoirs,savoir
saige,sage
coraige,corage
bille,bille1
deporz,deport
conforz,confort
ain,amer1
escoté,escouter
assanblé,assembler
Iceste,cist
azur,azur
jointe,joindre
boçu,boçu
chalongiez,chalongier
desresnié,deraisnier
Saichiez,savoir
contrediroie,contredire
leides,lait1
espans,espan
presterai,prester
Leanz,laienz
tresliz,tresliz
esliz,eslire
chieres,chier
fresches,frois1
legieres,léger
fres,frais2
aiderai,aidier
sorplus,sorplus
prestez,prester
franchemant,franchement
Demandez,demander
centiesme,centisme
puissant,puissant
manrai,mener
veritez,verité
estros,estros
escondiz,escondire
Tenez,tenir
coie,coi1
coronee,coroner
veillié,veillier2
costes,coute
moles,mol
faillirent,faillir
couchier,couchier
dormi,dormir
crieve,crever
orer,orer2
Esperite,esperit
hermite,ermite
oferande,ofrende
oblïent,oblïer
repeirent,repairier
charaie,charaie
charme,charme2
queust,cosdre
corroie,coroie
cer,cerf
vantaille,ventaille1
brun,brun
ceint,ceindre
amainne,amener
guige,guiche
arestuel,arestuel
gentil,gentil1
anseler,enseler
bai,bai
frains,frein
desliee,desliier
desafublee,desafubler
delaier,delaiier1
ancoste,encoste
sivent,sivre
amedui,ambedos
chevalche,chevaucher
adroite,adroit
anploiera,emploiier
looient,
adestre,adestrer
bruns,brun
branz,brant
acier,acier
esmoluz,esmoudre
antandent,entendre
tardent,tarder
esturent,ester
atandoient,atendre
Estes,estre1
vaintre,veintre
abatre,abattre1
eslés,eslais
goz,goz
orguilleusemant,orgoillosement
aprochier,approcher
arbalestier,arbalestier
vilain,vilain
rante,rente
deduiez,deduire
miaudre,meillor
guere,guerre
trere,traire
porofrir,porofrir
Vassax,vassal
viax,voloir
Conparer,comparer2
vassax,vassal
Conbatre,combatre
clainmes,clamer
menaces,menace
antresloingnent,entresloignier
antrefierent,entreferir
piercent,percier
croissent,croissir
esclicent,esclicier
depiecent,dépecer
Guerpir,guerpir
ruient,rüer
fuerres,fuerre2
felenessemant,felonessement
antreessaient,entressaiier
tranchanz,trenchier1
antredonent,entredoner
cassent,casser
resonent,resoner1
Fiers,fier1
chaples,chaple
colees,colée
faussent,fausser
rogist,rogir
menuemant,menüement
lassent,lasser
An.ii.,ambedos
traions,traire
estons,ester
feromes,ferir
foibles,foible
anserir,enserir
leidure,laidure
devons,devoir2
amies,ami
resforcier,resforcier
reposent,reposer
reprise,reprendre1
fierté,fierté
gaudine,gaudine1
ancore,encore
crestroit,croistre
Ancores,encore
vangié,vengier
mautalanz,mautalent
rapel,rapeler
reposee,reposee
recomançons,recomencier
Andui,ambedeux
tranche,trenchier1
res,rés1
bocle,bocle
espan,espan
colez,coler1
hanche,hanche
aciers,acier
froiz,froid
gari,garir
tornast,torner
tranchié,trenchier1
preste,prêt2
paie,paiier
selonc,selon
braier,braier
raier,raiier
antier,entier
recovrir,recovrir2
afeblissent,afeblir
estone,estoner
refiert,referir2
escartele,escarteler
tocha,toucher
arache,arrachier
outrage,outrage
boschage,boschage
criee,crier
Merci,merci
oltré,outrer
avroies,avoir
ocioies,ocire
feroies,faire
doiz,doigt
haïr,haïr
saiche,savoir
mesfet,mesfait
sofris,sofrir
anrievre,enrievre
viltance,viltance
referi,referir1
tenis,tenir1
anpor,empor
veïs,vëoir
Fiancier,fïancier1
iras,aller
troveras,trouver
vandras,venir
Toi,tu
deliverras,delivrer
vanrai,venir
porras,pöoir
revoel,revoloir
Nut,Nut
fianz,fïancier1
Aparelliez,apareillier1
anvoié,envoiier
maz,mal1
Yder,Yder
amoient,amer1
Yders,Yder
covint,covenir
trespassent,trépasser
loiges,loge
senechax,seneschal
devine,deviner
Voirs,voir
conuistroit,conoistre
correça,corrocier
bleça,blecier
sovient,souvenir1
seneschax,seneschal
ramanteü,ramentevoir
errant,errer1
ferrant,ferrant
verrai,voir1
.»,""""
veïsmes,vëoir
alons,aller
Haï,häi!
certains,certain
mantez,mentir
ansanglantez,ensanglenter
hurtez,hurter
debatuz,debatre
poons,pouvoir2
orrons,öir
avrons,avoir
loges,loge
avalé,avaler
perron,perron1
descendu,descendre
salua,salüer
neuz,no1
amaing,amener
vanra,venir
cortoisemant,cortoisement
legiere,léger
quiere,quérir
aïst,aidier
donai,doner
loai,löer1
fable,fable
veritable,véritable
creümes,croire
arëaumant,areeement
remassist,remanoir
Iqui,iqui
apresté,apprêter
desarmer,désarmer
redevons,redevoir1
ocist,occire
Morhot,Morhot
isle,île
vainqui,
iqui,iqui
devriez,devoir
preniez,prendre
conroi,conroi
feriez,faire
lesserai,laissier
mostree,montrer
parage,parage1
suer,soeur
deigniez,deignier
veigniez,venir
Lessiez,laissier
esjot,esjöir
asistrent,asseoir
rans,renc
bans,ban
anmis,enmi
guerredonee,guerredoner
anvoierai,envoiier
Mener,mener
Roadan,Roadan
Adan,Adam
jonc,jonc
Montrevel,Montrevel
atort,atorner
chainse,chainse
banc,banc
cosine,cosin
germainne,germain
vestemant,vestement
mellor,meilleur
palefroiz,palefroi
vair,vair
baucent,baucenc
onbrages,ombrage1
ragis,ragif
anselez,enseler
ansele,enseler
anfrainne,enfrener
crenu,crenu
loa,louer1
departirent,départir
convoiera,convoiier
dormie,dormir
esclarcie,esclarcir
convoier,convoiier
oblia,oblïer
deporte,deporter
feïssient,faire
alessient,aler
manroit,mener
queroit,querre
solemant,solement2
Convoiez,convoiier
pi,piu
norreture,norreture
amistiez,amitié
avandroit,avenir
departoient,departir
enoré,onorer
ploré,plorer
antrecomandent,entrecomander
esjoïst,esjöir
desmesure,démesure
best,baisier
refet,refaire1
blont,blond
rianz,rire
gorge,gorge
preïssent,prendre
debonereté,debonaireté
avenoient,avenir
asanbla,assembler
lois,loi1
chevalchié,chevaucher
atandoit,atendre
Corz,Torz
Arés,Ares
Lucans,Lucan
botelliers,boteillier
choisi,
avenemant,avenement
ainment,aimer
avale,avaler
perrine,perrin
amain,amener
garnemanz,garnement
pois,puis
Povretez,povreté
cotes,cote1
rotes,rote4
ermine,ermine
veire,voir2
volsisse,voloir
eüssiez,avoir
porpre,porpre1
croisilliee,croisillié
forrez,forrer2
ermines,ermine
cheveçaille,cheveçaille
devinaille,devinaille
yndes,inde
persses,pers
bises,bis1
noauz,nöaus
sebelins,sabelin
tassiax,tassel2
once,once3
jagonce,jagonce
rubi,rubi
escharbocle,escharboncle
pane,pene
ovree,ovrer
croisetes,croisete
indes,inde
giaunes,jaune
estaches,estache
aunes,aune2
ovrees,ovrer
demandees,demander
bailliees,baillier
aparelliees,apareillier1
refere,refaire1
franche,franc2
debonere,debonaire
recelee,receler
desvestu,desvestir
estraint,étreindre
orfrois,orfrois
Dé,Dieu
afuble,afubler
enuble,enuble
galoné,galoner
crin,crin
cercle,cercle
ovré,œuvrer
.II.,deux
fermaillez,fermaillet
neelez,nëeler
anseelez,ensëeler
veües,vëoir
leverent,lever
disme,dixième
treziesme,treiziesme
quinzisme,quinzime
seconz,secont1
Gonemanz,Gornemant
Goort,Gohort
quinz,quint
sistes,sexte
Hardiz,hardi
sesmes,setme
Melianz,Melïens
Liz,lit1
huitiesmes,uiti(s)me
Mauduiz,Mauduit
Sages,Sage
noemes,nuefme
Dodins,Dodinel
Sauvages,sauvage
Gaudeluz,Gandelu
dismes,disme
nonbres,nombre
anconbre,encombrer
Yvains,Yvain
Preuz,pro
Avoutre,avoutre
Blioberis,Bliobleheris
Caradué,Karadués
Briebraz,Briébraz
Caverons,Caveron
Roberdic,Roberdic
Quenedic,Quenedic
Quintareus,Quintareus
Mont,mont
Delereus,doloros
Galeriez,Gaherïet
Estraus,Estraus
Galez,Gales
Chaus,chauf
Gilflez,Girflet
Do,donner
Taulas,Taulas
Loholz,Loholt
obliez,oblïer
Bedoiers,Bedoiier
conestables,conestable
Bravaïns,Bravaïn
Loz,Lot
Galegantins,Galegantin
range,renge1
estal,étal
Vergoigne,vergogne
senestre,senestre
dusque,jusque
fauseté,fausseté
apartient,appartenir
desleauté,deslëauté
plaingne,plaindre
siaut,soloir
lignages,lignage
voloie,voloir
alever,alever
Pandragon,Uterpandragon
jugier,juger
Beisier,baisier
otroions,otroiier
beisiee,baisier
veant,voir1
folage,folage1
itele,itel
anvea,envoiier
somiers,somier2
sejornez,sejorner
gras,cras
chargiez,chargier
boqueranz,boquerant
escarlates,escarlate
plates,plat
porpres,porpre1
osterins,osterin
chargié,chargier
somier,somier2
saluassent,salüer
portassent,
demainnemant,demainement
avroient,avoir1
besanz,besant
males,mal2
Estre-Gales,Estre-Gales
amenassent,amener
dotoient,doter2
roiaume,royaume
vandroient,venir
liverroient,livrer
rantes,rente
justises,justice
promises,prometre
deniers,denier
presanté,presenter
messagier,messagier
menerent,mener
livrent,livrer
contredist,contredit
clama,clamer
tanroient,tenir1
atandres,atendre
grevoit,grever
grevast,grever
lessast,laisser
otrea,otroiier
tenoient,tenir1
Pantecoste,Pentecoste
Branles,Brandes
Colescestre,Gloecestre
Menagormon,Menagormon
Eglimon,Eglimon
Haute,haut
Montaigne,montaigne
conpaigne,compagne2
Traverain,Treverain
Godegrains,Godegrain
oez,œil
Moloas,Maheloas
Isle,isle
tonoire,tonoire
tanpeste,tempeste
boz,bot4
serpanz,serpent
iverne,iverner
Greslemuef,Graislemier
Estre-Posterne,Estre-Posterne
Guingamars,Guingomar
Avalons,Avalon
Morgant,Morgue
fee,fée1
Daviz,Davi
Tintajuel,Tintaguel
Garraz,Garras
Corques,Corque
paisle,paile
cendax,cendal
bliax,blïaut
Capadoce,Cappadoce
Aguiflez,Aguisel
Cadret,Cadret
Quoi,quoi
redotez,redouter
Bans,Ban
Gameret,Gomeret
juesne,juene
barbe,barbe
grenon,grenon
faucon,faucon
esmerillon,esmerillon
gruier,gruier1
Quirions,Quirion
vialz,vieil
Orcel,Orcel
jovancel,jovencel
cenz,cent
mainsnez,moinsné
barbes,barbe
ceinturs,ceintuir
Bilis,Bilis
Antipodés,Antipodes
Bliant,Brïen
Bylis,Bilis
mendres,
Blianz,Brïen
grendres,grant
paume,paume
Gribalo,Gribalo
Glodoalan,Glecidalan
parsome,parsome
barnage,barnage
angraignier,engraignier2
baignier,baigner
vaire,vair1
corranz,corir
altremant,autrement
nomee,nommer
Enyde,Enide
baptestire,batistere
arcevesques,archevêque
beneï,benëir
menestrel,menestrel
tunbe,tomber
anchante,enchanter
sifle,sifler
chante,chanter
flaüte,fläuter
chalemele,chalemeler
gigue,giguer1
viele,vielle
querolent,caroler
dancent,dancier
tancent,tencier
Riens,rien
Sonent,soner
tinbre,timbre
sonent,soner
tabor,tabor
muses,muse4
estives,estive1
freteles,frestele
chalemeles,chalemele
close,clore
issues,issue
antrees,entree
abandonees,abandoner
tornez,torner
penetiers,panetier
livrassent,livrer
veneison,venoison
arcevesque,archevêque
Brangiens,Brangiens
Cers,cerf
soif,soi2
reclain,reclaim
antretenissent,entretenir
restoré,restaurer
anvoient,envoiier
atraient,attraire1
aboivrent,abevrer
dessoivrent,dessevrer
hardie,hardi
acoardie,acoardir
relevast,relever
jugleor,joglëor
paié,paiier
acrurent,acroire
erminetes,erminete
conins,conin
violetes,vïolete1
escarlate,escarlate
monoie,monoie
durerent,durer1
semainne,semaine
anpristrent,emprendre
Evroïc,Evroïc
Tenebroc,Tenebroc
Melic,
Meliadoc,Meliadoc
avança,avancier
fiança,fïancier1
departie,départir
Teneboc,Tenebroc
tante,tant
ansaigne,enseignier
guinple,guimple
manche,manche2
sinople,sinople
taintes,teindre
bandee,bender
lacier,lacier
giaune,jaune
reluire,reluisir
blazon,blason
bocles,bocle
fauves,fauve
noirs,noir
bais,bai
brisent,brisier
descloent,desclore
vuident,vuidier
tument,tomber
suent,süer
escument,escumer
Orguelleus,orgoillos
Lande,lande1
Irlande,Irlande
ravine,ravine
poitrine,poitrine
abatu,abattre1
chaple,chapler
Randuraz,Raindurant
Vielle,vieil
Tergalo,Tergalo
blo,blo
hante,hanste
trebuche,trébucher
tere,terre1
Roge,roge
Cité,cité
resnes,rêne
peçoierent,peçoiier
hurtent,heurter
peitrax,poitral
esbaïrent,esbäir
apeire,aparoir
fremir,frémir
resbaudir,resbaudir
prenoit,prendre
abati,abattre1
Guincel,Guincel
Gaudin,Gaudin
Montaingne,montaigne
gaaingne,gäaignier1
tresqu',tresque
abatent,abatre
recomancié,recomencier
cenbel,cembel1
abatuz,abattre1
rescosse,rescosse
estrosse,estrosser2
memele,mamele
anbarre,embarrer
bous,bot1
Sagremor,Sagremor2
rescos,rescorre
sonerent,soner
veincu,veintre
sanbloit,sembler1
Ausalon,Assalon
lengue,langue
mercia,mercier2
veher,vëer
prisoit,prisier
.lx.,soissante
oirre,erre3
.VII,set
.XX.,vingt
puiz,puis
rochiers,rochier1
forez,forêt
Carnant,Carnant
praeries,präerie
vingnes,vigne1
gaaigneries,gäaignerie
rivieres,riviere
despandoient,despendre2
posteïs,pöestëif
Ainz,ains
oïes,ouïr
ancortiner,encortiner
enorables,onorable
orlez,orler
sables,sable1
baucenz,baucenc
galoperent,galoper
antrebeisent,entrebaisier
antrencontrerent,entr'encontrer
saluerent,saluer
antrelet,entrelaiier
melide,melide
jons,jonc
mantastre,mentastre
jonchiees,jonchier
desore,desor
portendues,portendre
cortines,cortine
diapres,dïaspre
samiz,samit
devocion,dévotion
procession,processïon
Crocefis,crucefis
orisons,oraison
presanta,presenter
anplea,emploiier
Costantin,Costantin
crocefiez,crucefiier
tormantez,tormenter
gitez,jeter
aversier,aversier
vertueuses,vertüos
mileu,milieu
gitoit,
randoit,
lanpe,lampe
cierge,cierge2
Jesu,Jésus
Virge,virge
donast,donner
heritast,ireter
ofert,ofrir
chasuble,chasuble
brosdee,brosder
Morgue,Morgue
Val,Val
Perilleus,perillos
Gassa,Gassa
chapele,chapelle1
torna,tourner
ofrande,ofrende
seigniee,seignier
anseigniee,enseignier
revenu,revenir
norrois,norois
penerent,peiner
Cessaile,Tesaile
jame,geme
bis,bis1
chaillot,chaillo
pavot,pavo
cerchast,cerchier
reonde,rëont
enorable,onorable
atret,atraire
afaitemant,afaitement
amerent,aimer
mesdisoit,mesdire
dosnoier,donoiier
drue,dru2
antendue,entendue
aeisier,aaisier
entr',entrencontrer
demantoient,démenter
midis,midi
levast,lever
pesast,peser
esloignoit,esloignier
donoit,donner
anveast,envoiier
Destriers,destrier1
deüssent,devoir2
coster,coster1
barnages,
blasmez,blasmer
antredire,entredire
antre amoient,entr'amer
veilla,veillier2
manbra,membrer2
sovenir,
pansoit,penser
peitrine,poitrine
Lasse,las
essorbir,essorbir
relanquie,relenquir
Dons,donc
honi,honir
esveilla,esveillier
merveilla,merveiller
antandue,entendre
esperdue,esperdre
escondites,escondire
deïstes,dire
oïstes,öir
servez,servir
mançonges,mençogne
vandroiz,venir
repantir,repentir
reconuissiez,reconoistre
angoissiez,angoissier
criem,craindre
blonc,blont
mor,mourir
ros,ros3
antrelessiez,entrelaissier
abessiez,abaissier
gabant,gaber
blasmee,blâmer
perdez,perdre
puissiez,pouvoir2
estaindre,éteindre
sovantes,sovent
orainz,orainz
eüstes,avoir
Apareilliez,apareillier1
chevauchier,chevauchier
aprestez,aprester
vestez,vestir
panssive,pensif
grate,grater
chievre,chievre
lasse,las
forssenaige,forsenage
eüree,ëurer
orguialz,orgueil
alevee,alever
oltraige,outrage
domaige,damage
demantee,dementer
enuier,enoiier
ansela,enseler
Limoiges,Limoges
corrut,corir
tapit,tapiz
liepart,liepart
portraite,portraire
afaite,afaitier
detranchier,detrenchier
coillir,coillir
reoïlle,röille
feitiz,faitiz
mailles,maille
soutilmant,sotilment
doillanz,doloir
mervellier,merveillier
jamé,gemé
reluisoit,reluisir
Gascoigne,Gascoigne
anselé,enseler
apelé,appeler
plor,plor
demenant,démener
demorez,demorer
fussiez,estre1
merveilliee,merveillier
contint,contenir
porofre,porofrir
manra,mener
angoisseus,angoissos
anprise,emprendre
reveigne,revenir
amoiz,amer1
tenez,tenir
feïsses,faire
replorent,replorer
pasmerent,pasmer
veïssent,vëoir
reconfort,reconfort
mahaigniez,mahaignier
gahaigniez,gäaignier1
revanrai,revenir
pleira,plaire
moinne,moine1
aresne,araisnier
chevauchiez,chevauchier
essauciee,essaucier
abessiee,abaissier
Fortune,fortune
atreite,atraire
chaussist,chaloir
Anhaïe,enhäir
roberie,roberie
vivoit,vivre1
coveita,covoitier
chevalchant,chevaucher
conpeignons,compagnon
gaaignons,gäaignier1
sanbue,sambüe
lorains,lorain
valent,valoir
asaut,assaillir
certeinnemant,certainement
remestrent,remanoir
anvaï,enväir
ferra,férir1
demenois,demanois
oserai,oser
leirai,laiier2
trespassee,trépasser
pardonee,pardoner
avenoit,advenir
pardoné,pardoner
esloigniees,esloignier
maubailli,maubaillir
anvaïr,enväir
aïr,aïr
fraint,fraindre
repont,repondre
retrere,retraire
glaives,glaive
blazons,blason
vola,voler
tronçons,tronçon
anversse,enverser
traversse,traverse
foïrs,fuir
ferrai,férir1
paint,peindre1
delivré,délivrer1
lie,lié
dessanble,dessembler2
veiriez,vairié
repeiriez,repairier
comandoit,comander
menacier,menacier
anbraciez,embracier
bruniz,brunir
laciez,lacer
garni,
Male,mal2
covoitise,convoitise
veirs,voir2
gaaing,gäaing
movant,movoir
esmeüz,esmovoir
pieç',piece
ancoragié,encoragier
ocirra,ocire
desbunchié,desbuschier
bruel,bruil1
aparceü,apercevoir
cinquiesmes,cinquisme
fiere,fier1
catre,catre
secorront,secorre1
pansastes,penser
trespassastes,trespasser
desfandu,defendre
priseiez,prisier
anpleiez,emploiier
pardonrai,pardoner
anvaïst,enväir
chanole,chanole
reliet,relever
forge,forge
ners,nerf
raie,raiier
issuz,issir
esforça,efforcer2
guerpiront,guerpir
chanpiront,champir
fraite,fraindre
traite,traiter
releva,relever
guerpir,guerpir
abeissa,abaissier
brisiee,brisier
Chevauchié,chevauchier
prirent,
lande,lande1
dorme,dormir
veillera,veillier2
viaut,voloir
diaut,doloir
someilla,someillier
maudite,maudire
mité,moitié
sorcuidance,sorcuidance
Savoir,savoir
cinc,cinq
Honie,honir
tresque,tresque
valet,valet1
fromages,fromage
gaïn,gäin2
voidie,vider
geü,jesir
abaïe,abeie
ospital,hôpital
herbergerie,herbergerie
apansa,apenser
gastel,gastel
revest,revestir
gastiax,gastel
fromant,forment2
fromage,formage
toaille,töaille
henas,hanap
desgeüner,desjëuner
onbres,ombre
desarmeroiz,desarmer
reposeroiz,reposer
descendez,descendre
mangerai,mangier
onbre,ombre1
mangierent,mangier
bevoient,boire1
deslie,desliier
menoit,mener
apoier,apoiier
merveilliez,merveillier
reconteroie,reconter
quamoissiez,chamoissier
.viii.,huit
Mainne,mener
santiers,sentier
acostumez,acostumer
alumez,alumer
vaigniez,venir
resalua,resalüer
acointié,acointier
mole,mou
antre acointierent,entr'acointier
consante,consentir
repraigne,reprendre2
daigne,deignier
covi,covir
esprist,éprendre
noter,noter1
jalous,jalos
boise,boise2
Joer,jöer
eschame,eschame
voliez,voloir
iere,estre1
seriez,estre1
daing,deignier
remenez,remanoir
arse,ardre
esparse,espardre
faussé,
enflamer,enflamer
deigneriez,deignier
fereiez,faire
honist,honir
Ocirre,occire
sereiez,estre1
ocieiez,ocire
apaiez,apaiier
amessiez,amer1
aüssiez,avoir
guete,gaite
reseroie,restre
diroient,dire
adonc,adonc
creez,croire
esfreez,esfrëer
anvoiez,envoiier
afoler,afoler1
decoler,décoller1
tandroiz,tenir1
delivrer,délivrer1
enivrer,enivrer
bricon,bricon1
depeciez,depecier
dreciez,drecier
valdra,valoir
fianciee,fiancer
pleidier,plaidier2
couchiee,couchier
somoil,someil
esvoil,esveil
maubaillir,maubaillir
bone,bon
dobliers,doblier
Levez,lever
antreset,entresait
acoison,ochaison
eschaperoiz,eschaper
desmanbrer,desmembrer
Avoir,avoir
hersoir,ersoir
creanté,crëanter
Traïsons,träison
despans,
anclina,encliner
grasces,grâce
remetent,remetre
chastiant,chastiier
mete,mettre
escherni,escharnir
remaindre,remanoir
faigne,feindre
abrivé,abriver
aïré,äirier
anforestez,enforester
dessevrez,dessevrer
chevalchiez,chevauchier
eschaperiens,eschaper
iestes,estre1
Po,poi
despisiez,despire
prier,priier
chastier,chastiier
corages,courage
arbalestees,arbalétée
anpruntees,emprunter
acesmez,acesmer
aesmez,aesmer
espié,espiet
glacier,glacier2
trestotes,trestot
esleissa,eslaissier
.ix.,nuef1
arpanz,arpent
ganchist,guenchir
croissir,croissir
deronpi,derompre
tainz,teindre
jaune,jaune
aune,aune2
anbat,embatre
anforesté,enforester
chaceront,chacier
ancomanciee,encomencier
Retornez,retorner
aluma,allumer
desiroie,
feisoie,faire
desleax,deslëal
destorner,destorner
desconforté,desconforter
delivrez,délivrer1
pleissiez,plaissié
desbuschier,desbuschier
pleisseïz,plaissëiz
fossé,fossé
passent,passer1
lyons,lïon
brunie,broigne
reluisant,reluire1
treslices,tresliz
lassera,lasser
recreanz,recroire
anfrené,enfrener
fandant,fendre
tertre,tertre
demenoit,démener
fraignoit,
chailloz,chaillo
delivremant,delivrement2
estanceles,estencele
cleres,clair1
remuast,remüer
teise,taire
remuet,removoir
danz,dan
anclost,enclore
:«,""""
Seüre,sëur2
certe,cert
recevrai,recevoir
leide,lait1
oseroie,oser
correceroie,corrocier
corroce,corrocier
broce,broce
maleüree,malëuré
Maleüree,malëuré
Diax,duel
estort,estordre
apoint,apoindre
Asanblé,assembler
antre anvïent,entr'envïer
forces,force
valurent,valoir
escorces,escorce
pandent,pendre
antrailles,entraille1
anglaivé,englaiver
anferré,enferrer
aterré,aterrer
gitees,jeter
detire,detirer
antrespargnoient,entrespargnier
anbatues,embatre
charz,char2
afebloient,afebliier
durassent,durer
treississent,traire
forssenoit,forsener
tordre,tordre
esvertue,évertuer
anbatue,embatre
chapeler,chapelier1
chanceler,chanceler
brisiez,briser
gitee,jeter
pries,priier
oltrez,outrer
mez,metre2
menaie,manaie
delaie,delaie
redirai,redire
Irois,Irois
rantiz,rentiz
Guivrez,Guivret
Petiz,petit
marchisse,marchir2
veisin,voisin
orguellex,orgueilleux
cointes,cointe
acointes,acointe1
revant,revanter
conuissance,conoissance
manoir,manoir2
sener,saner
obliessiez,oblïer
dessevraille,dessevraille
trancha,trenchier1
bandes,bende
longues,lonc
lees,lé
antrebandees,entrebender
antrebandé,entrebender
retret,retraire
antret,entrait
medeciner,medeciner
cheminer,
biches,bisse
dains,daim
chevriax,chevrueil
farains,ferain
salvagine,sauvagine
pavellons,paveillon
antrez,entrer
pandu,pendre
branche,branche
gringalet,Gringalet
aresné,aresner
Keus,Keu
anvoiseüre,envoisëure
Galopant,galoper
parut,paroir
cheüz,chëoir
veidie,voisdie
coneüst,conoistre
poldriere,poudriere
Anquenuit,enquenuit
demor,demorer
repantiroiz,repentir
vanroiz,venir
prestres,prêtre
sane,senne
enviz,envi
gardoie,garder
orgueilleus,orgoillos
estout,estout
Leissiez,laissier
champ,champ
franchist,franchir
desriere,derrier(e)
emple,ample
hurter,heurter
estandu,estendre
losangerie,losengerie
randist,rendre
blandist,blandir
abonde,abonder
mesages,message2
cela,cil
amiablemant,amïablement
atreire,atraire
ameigniez,amener
feigniez,feindre
aconseü,aconsivre
saluz,salut
comandent,comander
istrai,issir
ralez,raler
preigne,prendre
prochain,prochain
destendre,destendre2
aucubes,aucube
Destandre,destendre2
destandu,destendre2
chargent,chargier
aubagu,aubagu
remonta,remonter
Messire,seignor
finoit,finer1
alai,aller
destorbee,destorber
tandu,tendre1
vaudroit,
sozleva,soslever
ventaille,vantaille
solacier,solacier
heitie,haitier
vout,
resjoïr,resjöir
descendue,descendre
ausimant,aussiment
desvestues,desvestir
enpire,empire
Morganz,Morgue
ointe,oindre
nerf,nerf1
faussist,falir
conforté,
lavees,laver
rebandees,rebender
gariz,garir
Retenir,retenir
tardera,tarder
meschief,meschief
dolez,doloir
Remenez,remanoir
morez,morir
respassez,respasser
remanroie,remanoir
poissons,poisson
perches,perche2
saumons,saumon
truites,truite
poires,poire
crues,cru
cuites,cuire
couchast,couchier
atochast,atochier
ostelez,osteler
covertor,covertor
andormirent,endormir
matins,matin
esclos,esclot
aportent,aporter
reveoir,revëoir
conduire,conduire
finerent,finer
cheminerent,cheminer
atandez,atendre
andemantiers,endementieres
Seule,sol1
jaiant,jaiant
desirant,
soupire,sospirer
sopirant,sospirer
cruel,cruel
Frans,franc1
secores,secorre1
proiez,prier
esterai,estre1
randez,rendre
Hastez,haster
escloz,esclo
galoz,galop
jaianz,géant
pur,pour
deschauz,deschauz
liees,lié1
espiez,espiet
esmolues,esmoudre
escorgiees,escorgiee
coroit,courir
roncins,roncin
dolanz,dolent
atainz,ataindre
laidemant,laidement
demenez,démener
anblant,ambler
despoillier,despoillier
manroiz,mener
departiz,departir
estiez,estre1
avreiez,avoir
aigniax,agnel
requier,requérir
serrees,serrer
quarrees,carrer
premerain,premerain
cervel,cerveau
haterel,haterel
maçue,massue1
estona,estoner
cerviz,cerviz
boele,böele
espant,épandre
fanduz,fendre
reclainme,reclamer
deslia,desliier
sauvee,sauver
tramis,tramettre
homage,hommage1
servirai,servir
antalanté,entalenter
trovai,trover
conplaint,complaindre
rasanblé,rassembler
tandroie,tenir1
desir,desirrer
petites,petit
reclamez,réclamer
demanderoiz,demander
Cadoc,Cadoc
conterai,conter
lessiee,laissier
joiant,joiant
guerredoner,guerredoner
amedeus,ambedos
trestorné,trestorner
Cabruel,Tabriol
deshet,deshaitier
restoit,restre
tornee,torner
hastoit,haster
greverent,grever
escreverent,escrever
tranchierent,trenchier1
estanchierent,estanchier
plaignoit,plaindre
baignoit,baignier
faillant,falir
avaloit,avaler
vuida,vuidier
dessirier,descirier
arachier,arrachier
desire,désirer
leisses,laissier
outrageuse,outrajos
teisirs,taire
nut,nu
parlers,parler
essaiee,essaiier
apareilloit,apareillier2
Biautez,biauté
miree,mirer
Savoirs,savoir
manteüe,mentevoir
antoschiee,entoschier
reprochiee,reprochier1
requenuis,reconoistre
rechiet,rechëoir
rescrie,rescrïer
vangence,venjance
forfait,forfait
morrai,morir
haidier,aidier
souhaidier,sohaidier
ceinte,ceindre
souhait,sohait
tarder,tarder
Andemantiers,endementieres
mesavanture,mesaventure
oblier,oublier
reconforte,reconforter
nonchaloir,nonchaloir
confortez,conforter
destine,destiner
contesse,comtesse
conquester,conquester
atraire,attraire1
Feisons,faire
porterons,porter
manrons,mener
Limors,Limors
anfoïz,enföir2
esposer,esposer2
chevaleresce,chevalerez
auquant,alquant
atelez,ateler
sovine,sovin
retenoient,retenir
dois,devoir2
anpli,emplir
Fetes,faire
chapelain,chapelain
doaire,douaire
esposa,esposer2
recessoit,recesser
angressoit,engresser
esleescier,eslëecier
faudestuel,faudestuel
Vousist,voloir
Certainnemant,certainement
revit,revëoir
Sovaigne,sovenir
poverte,poverte
espousee,épouser
mangiez,mangier
semoing,semondre
vivrai,vivre
bevrai,boivre
uimés,huimais
Ostez,oster2
devreiez,devoir
manjue,mangier
Teisiez,taire
Ahi,aï
faces,faire
troverai,trover
devoies,devoir
sachier,sachier2
pasmeisons,pasmaison
escervele,escerveler
esfronte,esfronter
esmaié,esmaiier
voidié,vuidier
Veez,voir1
argüe,argüer
anpoint,empoignier
debote,deboter
enemis,ennemi
aigue,aigue
estrier,étrier
overte,ovrir
Ocis,occire
esmaiee,esmayer
resui,restre
parfitemant,parfaitement
mesdit,mesdire
pardoing,pardoner
quit,cuider
Adons,adonc
rebeise,rebaisier
maleise,malaise
raseüre,rassëurer
luisoit,luire1
isnele,isnel
Guivret,Guivret
sanbloient,sembler
estancele,estencele
Trovez,trover
orguilleus,orgoillos
contredisoit,contredire
asanblez,assembler
Lymors,Limors
conduisoit,conduire
mïenuit,mïenuit
parceüz,perçoivre
retenal,retenal
Descendre,descendre
haie,haie1
santil,sentil
puissiens,pöoir
reduire,
avandra,avenir
remandra,remanoir
asaille,assalir
faudrai,falir
duillanz,doloir
beissiee,baissier
brune,brun
esconsee,esconser
Ansus,ensus
sona,soner
recroirre,recroire
igaus,igal
crope,crope
saillie,salir2
seisist,saisir
maudiz,maudire
fusses,être1
valdroit,valoir
avoies,avoir
soferz,sofrir
tamez,tamoir
aseürer,assurer
briemant,briément
gisoit,gésir
Oringles,Oringle
venoie,venir
livrer,livrer
prisasse,prisier
pardoner,pardoner
relevez,relever
conoissoiez,conoistre
recovré,recovrer
crioient,crier
antrapez,entraper
redist,redire
biau,bel1
serors,seror
gaies,gai
garront,garir
loigerons,logier
loigier,logier
haies,haie1
loigent,logier
pavellon,paveillon
aesche,esche
esprandre,esprendre2
alumer,allumer
cofres,cofre
desvest,desvestir
ressuiees,ressuier
reconjot,reconjöir
couchié,couchier
cofre,cofre
overt,ouvrir1
pastez,pasté
tastez,taster
Vin,vin
meslé,mesler
bevroiz,boivre
barrilz,baril
purs,pur
mangera,mangier
vangiez,vengier
Eschapez,eschaper
rades,rade1
malades,malade
reposa,
matinet,matinet
esvellié,esveillier
mure,meure1
reconforta,
esmaioit,esmaiier
Pointurie,Pointurie
demorerent,demeurer
essorable,essorable
fia,fier2
aseürerent,assëurer
osterent,oster2
antrait,entrait
lavoient,laver
remetoient,remetre
Chascun,chacun
gardoient,
ail,ail
poivre,poivre
comancierent,comencier
covenir,covenir
osterin,osterin
bofu,bofu
roié,roiier1
cousine,cousine
revaloit,revaloir
penitance,penitence
puise,pöoir
obliee,oblïer
afermee,afermer
enorez,onorer
estovoir,estovoir2
resoit,rêtre
Quarrois,Quarrois
Quaraduel,Carduel
antretenu,entretenir
joe,joue1
choe,chöe
ligne,ligne2
vingne,vigne1
lorain,lorain
esmeraudes,esmeraude
antailliee,entaillier
Eneas,Eneas
Troye,Troie
Cartaige,Cartage
Dido,Dido
conquist,conquerre
Laurente,Laurante
Lonbardie,Lumbardie
Soutix,sotil
brez,bret
taillierres,taillëor
taillier,taillier1
antandi,entendre
vandi,vendre
restoree,restorer
Chevalchié,chevauchier
vespre,vêpre
galesches,Galois
bretesches,bretèche
parfonde,parfont
bruianz,bruire
Brandiganz,Brandigan
anpereor,emperëor
rëautez,roiauté
siege,siège
panroient,prendre
lies,lieue
porpris,porpris
blez,blé
vins,vingt
afamer,afamer
Evrains,Evrain
quiteé,quiétée
ahé,aé
doteroit,doter2
descendriemes,descendre
savroie,savoir
avroie,avoir
perilleuse,perillos
voudriez,voloir
sofrez,sofrir
osteler,
apel,apel
griés,grief
asomer,assomer2
Cort,Court
desesperant,desesperer
recuelle,recoillir
prodom,pro
meisons,maison
prodomes,pro
tropeiax,tropel
chant,chanter
retardent,retarder
regardent,regarder
saignent,seignier
deplaignent,deplaindre
Dolant,dolent
antande,entendre
verrons,vëoir
morras,mourir
saluant,salüer
comunalmant,comunaument
tressuent,tressüer
dotent,doter2
Descendu,descendre
antreprist,entreprendre
enora,onorer
ancenser,encenser2
encens,encens
mirre,mirre
aloé,alöé
Evrain,Evrain
demena,
deviseroie,deviser
anbelie,embelir
gasteroie,gaster
gaster,gaster
desvoie,desvoiier1
Ici,ici
plenieremant,plenierement
venison,venoison
diverse,divers
volz,vout
estrosseemant,estrosseement
sovenoit,sovenir
covoit,covoitier
Donez,doner
dolereuse,doloros
loeroie,löer1
vandriez,venir
teisiez,taire
vanroit,venir
veoie,vëoir
amanderent,amender
peri,périr
aseri,asserir
chiee,chëoir
recreantise,récréandise
desesperez,desesperer
covoitiez,covoitier
esploitiez,esploitier
parlerent,parler
sopeçon,sospeçon
refusees,refuser
usees,user
anpiriees,empirier
malmises,maumetre
aprestoit,aprester
ostés,ôter
cuides,cuidier1
maudie,maudire
Hui,hui2
leidiz,laidir
basse,bas
parost,parler
priant,
debatre,débattre
retraie,retraire
paliz,paliz
jarz,jart1
antroit,entrer
yver,
maür,mëur
lessoit,laisser
remeïst,remetre
volant,voler
desduire,deduire
espice,espece
delitoit,delitier
chantoient,chanter
presantoient,presenter
baoit,bëer
conbateor,combatëor
Tiebauz,Thiebaus
Esclavons,
Opiniax,Ospinel
Fernaguz,Fernagu
cerclers,cercler
paroir,paroir
esfrie,esfrëer
seroiez,estre1
ameiez,amer1
piex,pel1
Garde,garder
venissiez,venir
issiez,issir
detranchiez,detrenchier
fichiez,fichier
atandra,atendre
revandra,revenir
ancontree,encontrer
vandront,venir
teisoit,taire
conuis,connaître
voiez,vëoir
covrir,covrir
frait,fraindre
quassé,casser
lassé,lasser
deprier,déprier
Douce,doux
crienbroie,criembre
Confortez,conforter
recomande,recomander
esploitera,esploitier
brosdé,brosder
siquamor,sagremor
deviser,deviser
raviser,raviser
Lavine,Lavine
merevoilles,merveille
sax,sauf
Mien,mien
valez,valoir
doiez,devoir
conparroiz,comparer2
Menaciez,menacier
teira,taire
geu,jeu
joé,jöer
plenees,plein
fenees,fener
roides,roit1
adoise,adeser
sachiee,sachier2
sieent,sëoir
relevé,relever
vienois,vïenois
escartelent,escarteler
estancelent,estenceler
antrasaillent,entr'assalir
plaz,plat
martelé,marteler
joes,joue1
nasez,nasel
temples,temple
hateriax,haterel
duelent,doloir
duillant,dolent
esforcent,efforcer2
suors,süor1
degote,degoter
gote,gote
perdoient,
veoient,vëoir
esfacent,esfacier
perdent,perdre
antraerdent,entr'äerdre
laz,lez
Conquis,conquerre
partirai,partir
Oïs,öir
meüsse,movoir
amanda,amender
noma,nomer
veheroit,vëer
faintise,feintise
Creantai,crëanter
plevisse,plevir
Fiancié,fïancier1
conqueïst,conquerre
remainsisse,remanoir
mantisse,mentir
retraissist,retraire
vasaus,vassal
outrer,outrer
fainsisse,feindre
conqueïsse,conquerre
acointier,accointer
recreüz,recroire
vaincuz,veintre
foimantie,foimentie
vanront,venir
apeloient,appeler
desresniee,deraisnier
matee,mater1
Maboagrins,Mabonagrain
soné,soner
desprisoné,desprisoner
antandra,entendre
esjoïe,esjöir
cesse,cesser
chançon,chançon
saüz,savoir
paüz,paistre
anquerroit,enquerre
redeïst,redire
desseïst,dessëoir
suioient,sivre
enuioit,enoiier
onc,onque
desabelisse,desabelir
devis,deviser
dreciee,drecier
confortant,
sanglot,sanglot
tolent,tolir
anpirent,empirier
esgardee,esgarder
ravisee,raviser
coneüe,conoistre
Niece,niece
Laluth,Lalut
seror,sœur
rie,rire
soldees,soldée
contrees,contree
Brandigan,Brandigan
feïmes,faire
covenanz,covenant
amanroit,amener
venisse,venir
venimes,venir
redites,redire
espousa,épouser
parant,
desconseilliee,desconseillier
reconta,reconter
antrelais,entrelais
esjoïrent,esjöir
Maboagrains,Mabonagrain
soudenemant,sodainement
Elainne,Elainne
Maboagrain,Mabonagrain
enorent,onorer
antrebeisant,entrebaisier
fiche,fichier
eüré,ëurer
anduré,endurer
Harpes,harpe
vieles,vïele
gigues,gigue
sautier,sautier2
sinphonies,sifonie
armonies,armonie
assomer,assomer2
aparaut,apareillier1
anseigniez,enseignier
seniez,saignier
noncier,noncier1
amandee,amender
chaucierent,chaucier1
hasterent,
Briemant,briément
queu,queu2
botellier,boteillier
antresaluent,entresalüer
aeisent,aaisier
desvestent,desvestir
desvoit,desver
oiseler,oiseler
avantures,aventure
apeisiez,apaisier
murmures,murmure
ancomance,encomencier
antroblie,entr'oblïer
Naie,naje
esclose,esclore
reconters,reconter
recomancier,recomencier
ragencier,ragencier
ordre,ordre
esfronta,esfronter
recovra,recouvrer
remanez,remanoir
solez,soloir
remandrai,remanoir
priez,priier
gel,je.le
otrie,otroiier
retient,retenir
Natevité,nativité
viel,vieux
trespassez,trespasser
diaus,duel
vigiles,vigile
messes,messe
promesses,promesse
mesaeisiez,mesäaisier
eslut,
revesti,revestir
nuef,neuf2
provoires,provoire
chapes,chape
chaudes,chaut
pelices,pelice
reprist,reprendre1
coronast,coroner
Aler,aller
Nantes,Nantes
porteroiz,porter
roial,royal
ceptre,ceptre
roiz,roi2
chastelains,chastelain
chapelains,chapelain
chevalchierent,chevauchier
voille,veillier2
aresterent,arester
antrerent,entrer
deloient,delaiier1
aparolent,aparler
antreconjoï,entreconjöir
ansemant,ensement
abandona,abandoner
quiaut,coillir
iaut,oloir
angigne,engignier1
religne,relignier
asieent,asseoir
vieent,vëer
normanz,normand
einglois,englois
baronaille,baronaille
Anjo,
Peito,Peito
sonee,soner
adobez,adober
sarges,sarge
brunetes,brunete
listez,listé
aspres,aspre
nome,nomer
geste,geste
corona,couronne
despandu,
gitié,jeter
contrediz,contredit
muis,muid
esterlins,esterlin
coreü,corir
Merlin,Merlin
esterlin,esterlin
anblé,embler
atornemant,atornement
coronemant,coronement
faudestués,faudestuel
nués,nuef2
angigneus,engignos
esgardessiez,esgarder
poïssiez,pöoir
Antaillié,entaillier
corquatrilles,cocodril
Bruianz,Bruiant
Illes,isle
moire,moire
Lisant,lire1
trovomes,trover
trai,traire
garant,garant
Macrobe,Macrobe
antendié,entendre
portret,portraire
Quatre,quatre
fees,fee1
mestrie,maistrie
ovraigne,ovraigne
establie,établir
seconde,second1
Arimetique,arismetique
pena,peiner
gravele,gravele
quantes,quant
boisa,boisier1
mantira,mentir
Musique,musique2
chanz,champ
deschanz,deschant
arpe,harpe
estrumant,estrument
ovra,ovrer
arz,art
Astronomie,astrenomie
tissue,tistre
cosue,cosdre
contrefetes,contrefaire
blondes,
vantres,ventre1
coe,cöe
inde,inde
itex,itel
neissent,naistre
Inde,Inde
berbioletes,barbïolete
manjuent,mangier
quenele,canele
girofle,girofle
crisolites,crisolite
ametistes,améthyste
Caroduanz,Cadoalant
Gavoie,Galveide
Nuht,Nut
destruire,détruire
atillier,atillier
penee,pener
corones,couronne
massices,massiz
escharbocles,escharboncle
gitoient,jeter
esbloïrent,esblöir
esbloï,esblöir
prieus,prïor
religieus,religïos
enoindre,enoindre
crestiene,crestiien
prelat,prélat
saintismes,saintisme
sacre,sacre2
saintemant,saintement
loez,louer1
volage,volage1
propre,propre
antailliez,entaillier
ceptres,sceptre
eveschié,eveschié
Tarsenesyde,Carsenefide
Licoranz,Liconal
textre,texte
ancenssier,encensier
chasses,
espesse,épaisse
mostiers,mostier
Dehors,defors
acroire,acroire
sanbleroit,sembler
pleinnes,plein
peinnes,peine
pein,pain
servoient,servir
ermins,ermin
peliçons,peliçon
Explycyt,explicit
Carduel,Carduel
atropelerent,atropeler
recontoient,reconter
angoisses,angoisse
deciple,desciple
santent,sentir
vantent,venter
parlons,parler
leissons,laissier
amenteü,amentevoir
esleü,eslire
traveillierent,travaillier
merveillierent,merveiller
greva,grever
detint,
endormi,endormir
Didonez,Dodinel
Qualogrenanz,Calogrenant
contoit,
Calogrenanz,Calogrenant
Sailli,salir2
ranponeus,ramponos
Fel,félon
poignanz,poindre
venimeus,venimos
Qualogrenant,Calogrenant
saillant,salir2
vuidiez,vuidier
leissames,laissier
levames,lever
deignames,deignier
feïsmes,faire
crevez,crever
venin,venin
Enuieus,enoios
tancier,tencier
gaeignons,gäaignier1
perdiens,perdre
teisons,taire
encomancié,encomencier
tancié,tencier
sospeçon,sospeçon
Avez,avoir
costumiers,costumier
puir,püir
toons,täon
maloz,malot
bruire,bruire
felons,felon
escoteront,escouter
Comandez,comander
chaille,chaloir1
ataïne,atäine
Keu,Keu
Costumiers,costumier
Comander,comander
comanciez,comencier
dotasse,doter2
contasse,conter
escotez,escouter
Cuers,cuer2
esveilliez,éveiller
Prendre,prendre
anclorre,enclore
Cuer,cuer2
païsanz,päisant
Aloie,aler
Armez,armer
felenesse,felon
ronces,ronce
quelqu',quel1
Ting,tenir1
santier,sentier
Broceliande,Broceliande
Entrai,entrer
bretesche,bretesche
galesche,Galois
mué,muer
tenant,tenir
beneoite,benëir
entrez,entrer
antrames,entrer
passames,passer1
Pendoit,pendre
martel,martel
postel,postel
Feri,ferir
anclos,enclore
Oïrent,öir
afubla,afubler
Vair,vair1
peonace,päonaz
guerpirent,guerpir
queroie,querre
praelet,präelet
Clos,clore
removoir,removoir
Herbergié,herbergier
repria,repriier
revenisse,revenir
escondeïsse,escondire
establez,establer1
fette,faire
comandai,comander
demandai,demander
Tors,tor1
salvages,sauvage
lieparz,liepart
antreconbatoient,entrecombatre
treis,trois
orguelleuse,orgoillos
vileins,vilain
Mor,Maur
Leiz,lait1
hideus,hisdos
çoche,soche
aprochai,aprochier
Chevox,chevel
mechiez,mechié
pelé,peler2
espanz,espan
Oroilles,oreille
mossues,mossu
Autiex,autel1
olifanz,olifant
sorcix,sorcil
Ialz,ueil
çuete,chöete
chat,chat
Boche,boche
fandue,fendre
Danz,dan
sengler,sanglier
rous,ros3
Barbe,barbe
rosse,ros3
grenons,grenon
tortiz,tortiz
aers,aerdre
Longue,lonc
torte,tort1
boçue,boçu
Apoiez,apoiier
lange,lange
atachiez,atachier2
cuirs,cuir
escorchiez,escorchier
tors,tort1
enprendre,emprendre
tronc,tronc
.xvii.,dis1.set
Parler,parler
anhardi,enhardir
Ge,je
estois,ester
Gardes,garder
conuissent,connaître
Puisse,pöoir
cestes,cist
justis,justicier2
estraing,estreindre
durs,dur
tranblent,trembler1
asanblent,assembler
redevroies,redevoir1
quiers,querre
voldroies,voloir
Avanture,aventure
faudras,falir
voloies,voloir
revandroies,revenir
randoies,rendre
Santier,sentier
anploier,emploiier
porroies,pöoir
desvoier,desvoiier1
bout,bolir
marbres,marbre
Onbre,ombre
former,former
iver,hiver
chaainne,chäeine
troverras,trover
Petite,
bacin,bassin
remanra,remanoir
Chevriax,chevrueil
pors,porc
foudroier,foudroiier
Vanter,venter
peçoier,peçoiier
Plovoir,plovoir
toner,toner
espartir,espartir
cheance,chëance
adonques,adonc
creüst,croistre
coloit,coler1
foire,foire1
perrons,perron
Perciee,percier
rubiz,rubi
flanboianz,flamboiier
oriant,orïent
orage,orage
repantisse,repentir
crosé,croser
arosé,aroser1
verssai,verser1
derot,derompre
.xiiii.,catorze
esparz,espart
Gitoient,jeter
noif,noif
pesmes,pesme
foudres,foudre
cheoient,chëoir
peceoient,peçoiier
rapaiez,rapaiier
rasegura,rassëurer
reposerent,
oserent,oser
asseür,
pin,pin
Oisiax,oisel
Doucemant,doucement
antracordoient,entr'acorder
chantoit,chanter
resjoï,resjöir
restraing,restreindre
mautalentis,mautalentif
alerions,alerïon
desfier,desfïer
Desfier,desfïer
meüssiez,movoir
garanz,garant
Plaindre,plaindre
batuz,batre
dahez,dehé
antrevenimes,entrevenir
tenimes,tenir1
covri,covrir
fains,faim
conble,comble1
atains,ataindre
pesoit,peser
honteus,hontos
Remés,remanoir
sejornai,sejorner
tanroie,tenir1
revanroie,revenir
legieremant,legierement
reving,revenir
honteusemant,hontosement
Trovai,trover
aparçui,apercevoir
cosins,cosin
entramer,entr'amer
celé,celer
G',je
teire,taire
mui,muid
cervoise,cervoise
saous,säol
Loradin,Noradin
Forré,Fourré
panel,panel
aborré,aborrer
froiees,froiier
desploiees,desploiier
Yvain,Yvain
Movroiz,movoir
Feites,faire
voier,voiier1
convoit,convoiier
congiez,congié
anquenuit,enquenuit
songiez,songier
honie,honir
escamonie,escamonie
Leingue,langue1
maleoite,maléir
traïr,träir
apeleroie,apeler
Home,homme
desvé,desver
prones,prone
ranposnes,rampone
sorz,sort
Respondre,respondre1
ancomancier,encomencier
revanche,revengier
tanceroit,tencier
ranpone,rampone
sanbler,sembler
gaignon,gaignon
herice,hericier
reguingne,reguignier
gaingnons,gaignon
rechingne,rechignier
raseoir,rassëoir
Calogrenant,Calogrenant
Uterpandagron,Uterpandragon
fontaine,fontaine
passeroit,passer1
quinzaine,quinzaine
tempeste,tempête
panra,prendre
giste,giste1
iroient,aller
voldroient,voloir
devisa,deviser
prisa,prisier
destroiz,destroit
Avroit,avoir
vehee,vëer
demandera,demander
atendra,attendre1
troverra,trover
estroit,étroit1
boissoneus,buissonos
cusançoneus,cuisencenos
essille,essillier
veoirs,vëoir
plovoir,plovoir
celoit,celer
vien,venir
errer,errer1
ferrer,ferrer
ramanras,ramener
fies,fie
fieroies,fïer
siudrai,sivre
vangera,vengier
atendu,attendre1
erra,errer1
valees,vallée1
estranges,étrange
destroit,destroit
Plain,plein
oscurtez,oscurté
esgarer,esgarer
finera,finer
onbroie,ombroiier
grausle,gresler
pluet,plovoir
tone,toner
Trueve,trover
prode,
prodon,pro
anseingna,enseignier
seingna,signer
Oevre,ovrir
qanqu',cantque
Verssa,verser1
vanta,vanter
plut,plaire
redona,redoner
breise,brese
chaçast,chasser
ruit,ruit
antrevindrent,entrevenir
antrehaïssent,entrehäir
deslicent,deslicier
tronçon,tronçon
guiges,guiche
dehachiez,dehachier
depandent,dependre
cuevrent,covrir
harigotez,harigoter
hanches,hanche
Essaient,essaiier
Felenessemant,felonessement
antrespruevent,entresprover
gres,gres2
angrés,engrès
anploient,emploiier
anbuingnent,embuignier
froc,froc
Anz,an
estoc,estoc2
Bataille,bataille
guerpiroit,guerpir
enpiroit,empirier
maheignierent,mahaignier
deignierent,deignier
estonez,estoner
esmaia,esmayer
essaia,essaiier
chapel,chapel2
fandu,fendre
Taint,teindre
apansse,apenser
ponz,pont
abeissiez,abaissier
girfauz,girfauc
grue,grue
randone,randoner
ranpones,rampone
anseignes,enseigne
enbedui,ambedos
anmi,enmi
entrancontrer,entr'encontrer
rat,rat1
Desus,desus
clef,clef
tochera,tochier
Dui,deux
trabuchet,trebuchet
sostenoient,sostenir
Amont,amont
colant,coler1
engins,
montoit,monter
descendoit,descendre
ateignoit,ataindre
conpas,compas
estroiz,estroit
anbatuz,embatre
Yveins,Yvain
Hurte,hurter
marcha,marchier2
anfer,enfer
enconbrier,encombrier
Derriere,derrier(e)
Yvein,Yvain
reant,rere
talons,talon
fuioit,fuir
antrepris,entreprendre
cielee,celer2
Dorez,dorer
meisieres,maisiere
chanbrete,chambrete
Gente,gent2
referma,refermer
ocirront,ocire
Servise,servise
enorastes,onorer
servistes,servir
Urien,Urien
anelet,anelet
prendroiz,prendre
randroiz,rendre
livré,livrer
anel,anneau
anjoint,enjoindre
Covert,covrir
Osteriche,Osteriche
aporteroit,aporter
chapon,chapon
grape,grappe1
nape,nape
offert,ofrir
Menja,mangier
espandu,espandre
bieres,bière1
Oez,ouïr
movez,mouvoir
enuieuse,enoios
comanceront,comencier
avuglez,avogler
avuglé,avogler
desjuglé,desjugler
anrageront,enragier
troveroient,trover
mortes,morir
triege,triege
Tandu,tendre1
trebuchet,trebuchet
piege,piege
oceïssent,ocire
anragier,enragier
forssener,forsener
volast,voler
escuriax,escurueil
cisemus,cisemus
ferrees,ferrer
fermees,fermer
tranchiez,trenchier1
cheïrent,chëoir
engles,angle
lessomes,laissier
gengles,jangle
maufé,maufé
eschaufé,eschaufer
paroiz,paroi2
feroient,faire
couchiez,couchier
feruz,férir1
tochiez,tochier
avugles,avugle
tastons,tastons_(a)
cerchant,chercher
reverchant,reverchier
eschames,eschame
terriene,terrïen
ocioit,occire
crioit,crier
recheoit,rechëoir
relevee,relever
comançoit,comencier
detuert,detordre
repasme,repasmer
texte,texte
despanssier,despensier
despansse,despense
descriz,descrire
processions,processïon
amassa,
Entor,entor
toauz,töeil
Rissi,rissir
provance,provance
cerchié,cerchier
reverchié,reverchier
tremué,tresmüer
tressué,tressüer
tooil,töeil
degotez,degoter
escrevoient,escrever
seinnent,saignier
pleingnent,plaindre
veomes,vëoir
deablie,dïablie
tuens,tien
anbles,embler
fantosmes,fantôme
anfantosmee,enfantosmer
coardise,cöardise
Ta,ton4
oceïs,ocire
osasses,oser
debat,débattre
conbat,combatre
anfueent,enföir2
tribolé,triboler
saolé,säoler
mescroire,mescroire
nonains,nonnain
provoire,provoire
Repeirié,repairier
iglise,eglise
tanpesté,tempester
reverchiez,reverchier
quachez,cachet
brachez,brachet
tracent,tracier
caille,caille
Encores,encore
pertuis,pertuis
Verroie,vëoir
aquite,aquiter
agueite,agaitier
vausist,valoir
Hardemanz,hardement
deront,derompre
dessire,descirier
Trestot,trestot
departiront,departir
contenez,contenir
contenir,contenir
passeront,passer1
aventage,avantage
sormoinne,sormener
gages,gage
Soiez,estre1
cusançon,cuisençon
soveigne,sovenir
mescresroit,mescroire
panroie,prendre
demaint,demener
enfuet,enföir2
Tesmoing,tesmoin
pervers,pervers
Plains,plein
afeitant,afitier
gas,gap
gitant,jeter
Males,mal2
batanz,batre
radolcist,radoucir
acoillie,acoillir
vangiee,vengier
Vangence,venjance
espandue,épandre
herberge,héberge
poudre,poudre
basme,basme
suie,suie
çucre,çucre
fiel,fiel
çué,ce1
Logiee,logier
alué,aluè
anfoï,enföir2
Clers,clerc
gole,gole
list,loisir2
Anluminé,enluminer
letres,lettre
Volsist,voloir
navrai,navrer
Felenie,felonie
perdrai,perdre
vox,voloir
espranent,esprendre2
aguisent,aguisier
ronpre,rompre
tranchier,trenchier1
estanchier,estanchier
dessieent,dessëoir
taillié,taillier1
acoré,acorer
enemie,enemi
cristauz,cristal
detort,detordre
esgratine,esgratiner
desmesurer,desmesurer
muser,muser1
contrefere,contrefaire
asener,assener
debrise,debrisier
Amast,amer1
Anbedeus,ambedos
colanz,coler1
pardonast,pardoner
recresroit,recroire
porchacier,porchacier
trespansé,trespenser
Pleü,plaire
Morir,morir
nice,nice
entande,entendre
panrai,prendre
prochein,prochain
brete,bret
haoient,häir
redotast,redoter1
amonester,amonester
Seroie,estre1
deïs,dire
Meillor,meilleur
proverai,prover
Teis,taire
desfandra,defendre
finez,finer
seisira,saisir
Trestotes,trestot
fuies,fuie1
enuies,enoiier
eor,ëur
Nelui,nul
rapanssa,rapenser
orroit,öir
redit,redire
ociez,ocire
chastiez,chastiier
laissiez,laisser
seviax,seviaus
resoveigne,resovenir
manz,mentir
savriez,savoir
recorroceriez,recorrocier
remenaceriez,remenacier
estoute,estout
Venu,venir
veinqueor,veinquëor
agueites,agaitier
pruef,prover
anjusque,enjusque
enclost,
desreison,desraison
esperite,esperit
reveingnes,revenir
teignes,tenir1
fonteinne,fontaine
leidie,laidir
mesaamee,mesäesmer
plait,plaid
loeroit,löer1
leidangiee,laidengier
refusé,refuser
Ra,ravoir2
escusé,escuser2
pleidoier,plaidoiier
Viax,voloir
Feïs,faire
eüs,avoir
jugié,jugier
soufle,sofler
atise,atisier
desresneroit,deraisnier
pleidoiee,plaidoiier
leidoiee,laidoiier
recomança,recomencier
bessié,baissier
mesfete,mesfaire
santoit,sentir
umelie,umelïer
remanrai,remanoir
Tenue,tenir1
ateigne,ataindre
covanra,covenir
ling,
Abel,Abel1
porrons,pöoir
tarderoit,tarder
Veigne,venir
voler,voler
esforcera,esforcier2
luira,luisir
reface,refaire1
remanderoiz,remander
Voz,votre
Consoil,conseil
covendroit,covenir
marier,marier
osez,oser
Panre,prendre
quenuis,conoistre
mercieront,mercïer
jex,jeu
devisé,
delaiez,delaiier1
remanderai,remander
parlemanz,parlement
anvoit,envoiier
laver,laver
apleignier,aplaignier
Robe,robe
forree,fourrer2
acroie,acroire
coveigne,covenir
acesmer,acesmer
Fermail,fermail
Ovré,ovrer
gracieuses,gracïos
ceinturete,ceinturete
aumosniere,aumosniere
sainiere,seigniere
venra,venir
Demantres,dementre
harroie,häir
cart,cart
gardé,garder
acoisonee,ochoisoner
seürté,sûreté
teing,tenir1
sinplemant,simplement
Prison,prison
clainme,clamer
Troverent,trover
creant,créant1
esbaïz,ébahir
.V.,cinq
morde,mordre1
proierai,priier
Esclados,Esclados
Ros,ros3
pardoint,pardoner
querrai,querre
mercierai,mercïer
despleire,desplaire
amanderoie,amender
mesfeïstes,mesfaire
oceïstes,ocire
asailli,assaillir
mesfez,mesfait
seez,sëoir
dontez,donter
oseriez,oser
enprandre,emprendre
mari,mari
devinent,deviner
Dahez,dehé
mariee,marier
afiee,afïer
espousast,esposer2
estolz,estout
bax,baup
sourt,sordre
atourt,atorner
Sera,estre1
gast,gaster
mainteneor,maintenëor
maria,marier
parclos,parclore
ancherir,encherir
Loez,louer1
Otroie,otroiier
contredeïst,contredire
proiee,priier
merciez,mercier2
desloer,deslöer1
Avrai,avoir
grievent,grever
soulievent,soslever
lant,lent1
Prise,prendre
Landuc,Landuc
Laududez,Laudunet
note,noter2
mitres,mitre2
croces,croce
esvesques,evesque
noblesce,noblesse
mariez,marïer
ensanble,ensemble
chevalchiee,chevauchiee
Ques,Keu
Foïz,fuir
devin,devin
loange,löenge
ooit,öir
redire,redire
Neporqant,neporcant
hera,hiraut
essoine,essoigne
anuie,enuie
Versa,verser1
fondelmant,fondelment
arest,arest
Entra,entrer
definaille,definaille
meslees,meslee
rovee,rover
reconuist,reconoistre
antresleissent,entr'eslaissier
Chevax,cheval
anpoigniees,empoignier
aloigniees,aloignier
quamois,chamoiz
angoissierent,angoissier
froissierent,froissier
torneboele,torneböele
ahi,äi!
gisiez,jesir
Menoit,mener
mesferoie,mesfaire
detenoie,detenir
conoistroie,conoistre
ooie,öir
essomez,assomer1
conjure,conjurer
entreprist,entreprendre
Venissent,venir
sorpreïssent,sorprendre
voisent,
noisent,noisier1
Espaingne,Espagne
hautemant,hautement
Beneoiz,benëir
paremant,parement
pavemant,pavement
estandent,estendre
Cuevrent,covrir
Font,faire
resoner,resoner1
flaütes,fläute
Tympre,timbre
labor,labeur
sailleor,saillëor
garlendesche,garlandesche
atiriee,atirier
gaie,gai
beneoiz,benëir
enbraça,embrasser
conjoï,conjöir
joïe,jöir
acontance,acointance
refaz,refaire1
neporoec,neporuec
Lunete,Lunete
veziee,vezïé
Vostres,votre
antracointoient,entr'acointier
nonante,nonante
Gentix,gentil
nices,nice
maleüreus,malëuros
amusé,amuser
usé,user
Deduit,deduit
repot,repöoir
esbatre,esbatre
refist,refaire
Seroiz,estre1
çax,cel
Honiz,honir
Amander,amender
anpiriez,empirier
despise,despisier
Ronpez,rompre
apiaut,apeler
tornoiemanz,tornoiement
ongier,ongier2
anpanre,emprendre
remoingne,remanoir
faura,falir
eisse,aise
Sanble,sembler
busche,busche
acostumer,acostumer
Foi,foi
leisseroie,laissier
preescheor,prëechëor
desleal,deslëal
lecheor,lechëor
Enseignent,enseignier
creanta,crëanter
acreantez,acreanter
devanra,devenir
Seürs,sëur2
trespassiez,trespasser
Pansez,penser
.VIII.,huit
huitaves,uitave
haves,have1
pleure,pleurer
vouroie,voloir
avenra,avenir
detanra,detenir
sovanra,sovenir
metroiz,metre2
out,avoir1
tardoit,
anfrenez,enfrener
anbaussemé,embaus(s)emer
conteroie,conter
Prie,priier
Traïte,träitor
fause,faus
tornoie,tornoiier
penoit,pener
miäost,miäost
encomança,encomencier
sorpris,sorprendre
mançongier,mençognier2
guileor,guilëor
tricheor,trichëor
guilee,guiler
deceüe,decevoir
amerres,ameor
souduianz,souduire
souduite,souduire
estruite,estruire2
anblent,embler
claiment,clamer
ipocrite,ipocrite
lite,luite
raporte,raporter
raportast,raporter
oblianz,oblïer
remanbra,remembrer
asome,assomer2
reveignes,revenir
reteignes,retenir
envoiz,envoiier
angroist,encroistre
Mis,mon1
abisme,abisme
gardoit,garder
leissierent,laissier
torbeillons,torbillon
forsane,forsener
depane,despaner
Querant,quérir
parc,parc
barbelees,barbelé
Porqant,por2
crue,cru
conversa,converser
forsenez,forcené
Trova,trouver
hermites,ermite
essartoit,essarter
meisonete,maisonete
porrete,porete
charité,charité
aspre,aspre
gosté,goster
solz,sou
setiers,sestier
pains,pain
Desatranpree,desatemprer
desconfite,desconfire
menja,manger
ermite,ermite
hoem,homme
toit,toit
revaigne,revenir
aportast,aporter
antremetoit,entremetre
peins,pain
buire,buire1
forsené,forsener
Venison,venoison
acheter,
orge,orge
soigle,soigle
levain,levain
Pain,pain
reconuistre,reconoistre
seigne,seignier
demorant,demeurer
mescheü,meschëoir
forsener,forsener
vilmant,vilment
contenist,contenir
Aliers,Alier
guerroie,guerroiier2
destinee,destinee
osterons,oster2
escrin,escring
froit,froid
oingne,oindre
greinne,graine
meinne,mener
Chemise,chemise
braies,braie1
deliees,deliié
dougiees,deugié
pleissié,plaisser
atache,atachier2
oingnemant,oignement
menoie,maniier
atoche,atochier
oindre,oindre
enploie,emploiier
froie,froiier
artuel,orteil
froia,froiier
melencolie,melancolie
Vialt,voloir
Derriers,derrier(e)
chasne,chaisne
rot,ravoir2
yvoire,ivoire
trespansez,trespenser
Lever,lever
sostenir,sostenir
menast,mener
regardant,regarder
Esbaïe,esbäir
rapeler,rappeler
adreça,adrecier
Cuidier,cuidier1
maing,mener
Oripont,Oripont
escuser,excuser
mescheï,meschëoir
çopa,çoper
escapa,eschaper
crui,croire
rere,rere
reoignier,röoignier
anpoignier,empoignier
mardi,mardi
garnissent,garnir
coreors,corëor
deignent,deignier
atendent,attendre1
tas,tas
Cheval,cheval
creva,crever
frez,fraindre
desconbrer,descombrer
nonbrer,nombrer
Anpreu,empreu
prenoient,
antasche,entaschier
vergoingne,vergogne
sostenemant,sostenement
devenu,devenir
gisanz,jesir
cerceles,cercele
soldoier,soudoiier1
ploier,ploiier
cherir,chierir
antasse,entasser
Argone,Argonne
Durandart,Durandart
Rolanz,Rollant
Turs,tour1
Roncevax,Roincevaux
Auques,auques
pleignons,plaindre
reconoissanz,reconoistre
estanchent,estanchier
esboelent,esböeler
roelent,röeler
antrafolent,entr'afoler
Leidemant,laidement
antrecontralïent,entrecontrariier
ruiste,ruste
Norison,Noroison
prisonier,prisonier
Fist,faire
seiremant,sairement
ploiges,pleige
Ploige,pleige
prueves,prueve
refera,refaire2
nueves,nuef2
asises,asseoir
noçoier,noçoiier
entendre,entendre
gaut,gaut
dolereus,douloureux
parvint,parvenir
serpant,serpent
ardoit,ardre
rains,raim
aidera,aidier
ole,ole
Eidier,aidier
Pitiez,pitié
retronçone,retronçoner
demince,demincier
depiece,depecier
Tranchier,trenchier1
Sanblant,semblant
estandoit,estendre
encline,encliner
ragenoilloit,ragenoillier
moilloit,mouiller
humilité,humilité
umilie,umelïer
ordure,ordure
essuie,essuier
rebotee,reboter
costoie,costoiier
Bestes,beste
pasture,pasture1
feins,faim
senti,sentir
Vant,vent
fleir,flair
parçoit,perçoivre
santie,sentir
archiee,archiee
pasturer,pasturer
chevrel,chevrueil
chierté,cherté
escorcheroit,escorchier
longe,long
lardé,lardé
sesche,sec
rostist,rostir
cuiz,cuire
coutel,couteau
regardé,regarder
Manja,mangier
espens,espens
pessoit,paistre
engressoit,encraissier
Remenerent,remener
presque,près
Las,las
reforsena,reforsener
Chiet,chëoir
apointe,apointier2
Enprés,emprès
descloe,desclore
pel,pieu
gisant,gésir
hurtera,hurter
aconpliz,acomplir
escorsez,escorser
Coroit,corir
haoit,haïr
Haïr,häir
despire,despire
esparg,espargnier
boter,boter1
joieuse,joios
Tes,ton2
Envers,envers2
lenguis,languir
enivre,enivrer
Diaus,duel
acostumance,acostumance
porteroit,porter
anprisonee,emprisoner
faesons,fäaison
livree,livrer
porriez,pöoir
delivree,delivrer
Troi,trois
traïtre,traître
clainment,clamer
garentir,garantir
Livree,livrer
morroiz,morir
gardastes,garder
salvastes,sauver
pensis,pensif
Paternostre,paternostre
reconuis,reconoistre
Porquis,porquerre
deüstes,devoir
Revenir,revenir
mortax,mortel
creoit,croire
amist,ametre
Traïson,träison
esfreee,esfrëer
Dis,dix
ressortir,resortir
reüser,rëuser
seïst,sëoir
chaeles,chäeles
convoia,convoyer
despite,despire
descoverroie,descovrir
soferroie,sofrir
reveigniez,revenir
anpreigniez,emprendre
felonesse,felon
feroiez,faire
eschaperoie,eschaper
remaingniez,remanoir
Estre,être4
mangonel,mangonel
esrese,esrere
borde,borde1
esfroient,esfrëer
afost,afoler1
enterrai,entrer
autretant,autretant
garderai,garder
puisiez,pöoir
recomancent,recomencier
esgratinent,esgratiner
esbaïssoit,esbäir
chanjoient,changier
pleiroit,plaire
Devriez,devoir
meïsse,metre2
domagié,damagier
donasse,donner
Harpins,Harpin
ateindre,atteindre
conbate,combatre
orz,ort1
liverra,livrer
deigneroit,deignier
plorons,plorer
resforçons,resforcier
resanblez,resembler
forterece,forterece
preïstes,prendre
plené,planer2
meint,mener
escouta,escouter
escouté,écouter
desnoe,desnöer
anpreïst,emprendre
Menee,mener
anbricona,embriconer1
musarde,musart
sopirer,sospirer
metroie,metre2
Venoient,venir
.C.,cent
redisoient,redire
anclin,enclin1
decoste,decoste
mandees,mander
anvelopees,envoleper
conbatra,combatre
delaiant,delaiier1
orguiauz,orgueil
estande,estendre
oblieroie,oblïer
reconfortoient,reconforter
lesseroie,laissier
Aseürer,assëurer
pansent,penser
preudon,prudhomme
Colchier,couchier
colchier,couchier
Jurent,jesir
fermerent,fermer
enjornee,enjornee
desfermee,desfermer
atendi,attendre1
Demorasse,demorer
bolt,bouillir
ofre,ofrir
atende,atendre
Comance,comencier
glorieuse,glorieux
anges,ange
moiax,moiuel2
pieté,piété
Tarse,Tarse
istroit,ester
gentillece,gentillece
quarré,carrer
agu,agu
bousoit,bouser
festu,
chemises,chemise
ordes,ort1
cordes,corde
.iv.,quatre
clochoient,clochier2
Meigres,maigre
redois,redois
Chevalchant,chevaucher
anflez,enfler
noez,nöer2
costoiant,costoiier
corgiees,corgiee
batoit,batre
seinnoient,saignier
amenoient,amener
garçonaille,garçonaille
jaelise,jäelise
daingnast,deignier
avillier,avillier
poeilleus,pëoillos
torchepot,torchepot
escot,escot2
putage,putage
Seront,estre1
ameroit,amer1
cheitis,chaitif
despist,despire
mesaventure,mésaventure
covenra,covenir
contraliant,contrariier
Pooie,pöoir
humeliant,umelïant
hontes,honte
baillent,baillier
Salveor,sauveur
maufez,maufé
Ferir,férir1
piax,pel2
sausse,sausse
roille,reillier1
desclos,déclore
fioit,fier2
charbonee,charbonee
anbrunchier,embronchier
creste,
apreste,aprester
aert,aerdre
velue,velu
braons,bräon
bret,brait
adesa,adeser
antesa,enteser
entrelardez,entrelarder
dessevree,dessevrer
bota,boter1
alemele,alemele
foie,foiiee
asproie,asproiier
chasnes,chaisne
cheïst,chëoir
creniax,crenel
cuiriee,cuiriee2
chaciee,chacier
sofert,sofrir
Asseürer,assëurer
deviner,deviner
finer,finer1
teüe,taire
prié,priier
penast,pener
Seus,sol1
guerpie,guerpir
ametoient,ametre
ruer,rüer
Cortois,cortois
enuia,enoiier
aideroit,
aïdes,äie
rehet,rehäir
afreinne,afrener
conuisse,conoistre
retranche,retrenchier
Estrange,estrange
obliees,oublier
remenrons,remanoir
perdromes,perdre
veires,vair1
perdrons,perdre
sorcot,sorcot
anploiez,emploiier
sofreite,sofraite
conplaintes,complainte
fauses,faus
faintes,feindre
agenoilliee,agenoillier
despoilliee,despoillier
corpe,coupe
Vient,venir
arramie,aramir
Vaigniez,venir
charbons,charbon
retee,reter1
avere,aver
encharge,enchargier
veincuz,veintre
lessoie,laissier
fuirai,fuir
sordite,sordire2
desfandrai,defendre
nuisemant,nuisement
chanpion,champïon
chasties,chastiier
reva,raler
Arrieres,ariere
poingnent,poindre
desreer,desrëer
angoissier,angoissier
froissier,froissier
freite,fraindre
lence,lance
sormainnent,sormener
reclainment,reclamer
priere,prière
pailles,paille
tanrun,tendron
ateint,atteindre
conperent,comparer2
tooille,töeillier
devulte,devoutrer
onde,onde
reblescent,reblecier
mahaignent,mahaignier
correcié,corrocier
iror,iror
ré,ré3
juge,juger
jugiee,jugier
acordee,acorder
demenee,demener
ofrirent,ofrir
Respassé,respasser
espiaut,espelir
oïsmes,öir
renomez,renomer
prieroie,priier
biaus,beau
convea,convoiier
resovenist,resovenir
oblieuse,oblïos
pereceuse,pereços
Porter,porter1
litiere,litiere
mosse,mosse1
fouchiere,feuchiere
couche,couchier
Ferme,ferm
amassee,amasser
Salué,salüer
herbergent,héberger
repruevent,reprover
mecines,mecine
Filles,fille
quanz,quant
Gari,garir
Espine,espine
anhatine,enhatine
ainznee,ainzné
partiroit,
sofferroit,sofrir
hasta,
otroia,octroyer
Afublee,afubler
forré,forrer2
Meleaganz,Meleagant
tué,tüer
conuissoit,conoistre
trespansee,trespenser
Essaié,essaiier
demantres,dementre
ofrez,ofrir
establir,établir
queste,queste
anprist,emprendre
dobla,dobler
plovoit,plovoir
chemins,chemin
tai,tai
reclamoit,reclamer
saintes,saint
gitast,jeter
Ostel,ostel
adreciee,adrecier
chauciee,chauciee
Sona,soner
esperoné,esperoner
chastelet,chastelet
reont,rëont
barbaquane,barbacane
asane,assener
asena,assener
atrete,atraire
quenui,conoistre
Gié,je
report,reporter
Beneoit,Benoît
vencha,vengier
sua,son4
crevee,crever
entraconpaingnié,entr'acompagnier
Veüz,vëoir
apreigne,aprendre
oré,orer2
aparloient,aparler
antresaluees,entresalüer
plessié,plaissié
convoié,convoyer
avea,avoiier
convoiee,convoiier
antreveïsmes,entrevëoir
iresse,iraistre
Dames,dame
apreingnent,aprendre
anseingnent,enseignier
lyeon,lïon
ei,avoir
ateindroiz,ataindre
siue,sien
salut,salut
entremist,entremetre
anbloit,ambler
galope,galoper
tais,taire
tracié,tracier
ataing,ataindre
acoster,acoster
pleing,plaindre
alegié,alegier1
Miaudre,meillor
faillanz,falir
desherete,desireter
entremete,entremetre
rachetee,rachater
desheritee,desireter
creü,croire
esperoit,
detenue,detenir
responez,respondre1
oseroiz,oser
aloser,aloser
reposerai,reposer
Parlant,parler
aprochierent,aprochier
Pesme,pesme
Aventure,aventure
declinant,decliner
aprismant,approismer
andurer,endurer
abes,abbé
Hu,hu!
hu,hu
Maleüreus,malëuros
trovas,trover
asauz,assaut
aquiaus,acoillir
viaus,voloir
degroces,degrocier
corroces,corrocier
chastïent,chastiier
savoies,savoir
ailles,aler
chastoient,chastiier
chosent,choser
sorvenanz,sorvenir
osons,oser
Herbergier,herbergier
monteras,monter
retorneras,retorner
creoie,croire
cuideroie,cuidier1
retrovasse,retrover
lyeons,lïon
prael,präel
reonz,rëont
Chascune,chascun
povreté,povreté
desliees,desliier
desceintes,desceindre
meintes,maint
codes,cote1
derotes,derompre
anbrunchent,embronchier
demorent,demorer
antendent,entendre
acorees,acorer
regardees,regarder
trestorne,trestorner
voldriez,voloir
rissir,rissir
Dameiseles,damoisele
tissent,tistre
desabelist,desabelir
Fussent,estre1
Itex,itel
pleüssent,plaire
Querez,querre
Ovroient,ovrer
gotes,gote
decoroient,decorir
Puceles,pucele
apanre,aprendre
cheitives,chaitif
desservimes,deservir
netun,luiton
.xviii.,dis1.uit
porfandre,porfendre
aignelet,agnelet
anvoieroit,envoiier
devisié,deviser
treüz,trëu
durroient,durer
Quites,quite
delivrees,delivrer
livrees,livrer
istrons,issir
tistrons,tistre
vestues,vêtir
savrons,savoir
gaaigne,gäaignier1
gaaint,gäaignier1
traveillons,travaillier
veillons,veillier2
gaaignier,gäaignier1
mahaignier,mahaignier
manbres,membre
reposons,reposer
achatent,achater
voilliez,voloir
esperitables,espiritable
establerent,establer1
cuiderent,cuidier1
avoinne,aveine
enjusqu',enjusque
Voit,vëoir
apoié,apoiier
lisoit,lire1
escoter,escouter
acoder,acoter
esjoïr,esjöir
devenist,devenir
issist,issir
deïté,dëité
ferist,férir1
parlasse,parler
amoronge,amoroin
deçoivent,decevoir
Meïsmes,mëisme
leve,laver
risdee,rider2
cost,coster1
baillié,baillier
harigot,harigot
Veir,voir2
aporters,aporter
colchierent,couchier
Messe,messe
neüst,nuire
convenra,convenir
endeus,ambedos
vaincre,
saus,sou1
Çaus,cel
asaillir,assalir
Oltreemant,outreement
Amedui,ambedos
Baston,baston
cornu,cornu
cornelier,corneillier
archal,archal
Desarmez,desarmer
james,jambe
Escuz,écu
Forz,fort
escremir,escremir
rescoe,rescorre
acreanz,acreanter
eideroit,aidier
merlast,mesler
afi,afïer
mostrent,mostrer
encloez,enclore
leidir,laidir
maces,mace
anbarrent,embarrer
anfreignent,enfraindre
tros,trons
eschaufez,eschaufer
efforce,esforcier2
randroit,rendre
forsene,forsener
asene,assener
suil,sueil1
porrisoit,porrir
suanz,süer
adurez,aduré
andurez,endurer
randuz,rendre
ostast,ôter
aceree,acerer
graté,grater
maté,mater1
panront,prendre
moston,mouton
esfreé,esfrëer
relevera,relever
gloz,gloton
abandoné,abandoner
ret,rere
soavet,söavet
rescorre,rescorre
deshete,deshaitier
feüz,fëu
adoist,adeser
rueve,rover
releverai,relever
otroies,octroyer
Veincuz,veintre
Dameisiax,damoisel
donrons,doner
redoing,redoner
desdeing,desdeing
preing,prendre
aquit,aquiter
refuseroit,refuser
Metre,metre2
receüsse,recevoir
Cesti,cest
Conpaignie,compagnie
Volez,voloir
remanroiz,remanoir
Orguel,orgueil
praigniez,prendre
desdaigniez,desdeignier
Desdaing,desdeignier
Siudrai,sivre
plevirai,plevir
Revanrai,revenir
Dahait,dehé
ploige,pleige
Recevez,recevoir
revanroiz,revenir
creanz,croyant
retaingne,retenir
menees,mener
desprisonees,desprisoner
Povres,povre
apareilliees,apareillier1
convoiant,convoiier
destinent,destiner
sainnes,sain
avoiees,avoiier
rachemine,racheminer
Lessiee,laissier
Desheitiee,deshaitier
desconfortee,desconforter
novelemant,novelement
grevee,grever
desheritoit,desireter
atendoit,attendre1
parvenir,parvenir
Eüst,avoir
geüssent,jesir
coneüssent,conoistre
aparissant,apparoir
reponent,repondre
tapissent,tapir
Herbergiez,herbergier
trestornez,trestorner
derriens,däerrain
traveilliee,travaillier
desrien,däerrain
respondroie,respondre1
Siet,seoir
corjon,corjon
mesconeüe,mesconoistre
pandoit,pendre
entandoit,entendre
salt,saillir
gitiez,jeter
preeschier,prêcher
preschier,prëechier
sechier,sechier
conbatront,combatre
respondroit,respondre1
Max,mal1
fex,feu
vives,vif
asanbleront,assembler
rives,rive
Seone,Seone
fiai,fïer
desfende,defendre
frainchise,franchise
poroffri,porofrir
amainnent,amener
Corre,corir
antreconurent,entreconoistre
antrainment,entr'amer
respong,respondre1
conpaingnon,compagnon
Feroit,faire
Haïne,häine
aperte,apert1
Voldroit,voloir
contraires,contraire1
chas,chas
is,issir
antrement,entr'amer
saintime,saintisme
fainte,feindre
precieuse,précieux
glote,gloton
revoit,revëoir
reconeüst,reconoistre
adesast,adeser
avuglee,avogler
desjuglee,desjugler
mesler,mesler
Honi,honir
blecier,blecier
feindra,feindre
plaindra,plaindre
antrevaignent,entrevenir
maintaignent,maintenir
oltree,outrer
Porra,pöoir
sormaint,sormener
Antresloignié,entresloignier
antreconoissent,entreconoistre
entrareisnié,entr'araisnier
Feru,ferir
Entrebeisier,entrebaisier
mehaingnent,mahaignier
gaaingnent,gäaignier1
anbarré,embarrer
Esgrunent,esgruner
rebouchant,reboissier
flaz,flat
pons,pont
redonent,redoner
nasex,nasel
fronz,front
bloes,blo
quace,cacier
alainnes,aleine
faillent,faillir
atachiee,atachier2
molue,moudre1
arachiee,arrachier
estonent,estoner
quarrez,carrer
groigniees,groigniee
hie,hie1
vainnes,veine1
repranent,reprendre1
desertes,desserte
rendues,rendre
entandues,entendre
antracorder,entr'acorder
mainsnee,moinsné
contrediroit,contredire
departe,departir
afoloit,afoler1
toloit,tolir
antremetra,entremetre
antranpirent,entr'empirier
n,en2
anvaïssent,enväir
contretient,contretenir
doillant,doloir
bolent,bolir
colent,coler1
Reposer,reposer
rasanbler,rassembler
antredotent,entredoter
botent,boter1
estoisent,ester
antracointié,entr'acointier
roe,röe
meüz,movoir
enpris,emprendre
dousisse,doloir
vousisse,
paier,payer
coneüsse,conoistre
presté,prester
antesté,entester
reconoissoie,reconoistre
greveroit,grever
apraingne,aprendre
Lot,Lot
espert,esperdre
Flati,flatir
ansanglantee,ensanglenter
mesconoissance,mesconoissance
antreconeü,entreconoistre
clamasse,clamer
outreemant,outreement
estouz,estout
sormenez,sormener
claint,clamer
antreconjoïr,entreconjöir
antrefont,entrefaire
amistié,amistié
meschiés,
reconui,reconoistre
enquist,enquérir
antreconeümes,entreconoistre
antrebatu,entrebatre
fumes,être1
conbatu,combatre
Encore,encore
Oltrez,outrer
querone,corone
oïrs,öir
entracolé,entr'acoler
acorderai,acorder
siegles,siecle
loera,löer1
botee,boter1
deseritee,desireter
deseriteiez,desireter
noiez,noiier2
mesprendre,méprendre
antendu,entendre
chanpcheüz,champchëu
deviserai,diviser
vaudra,valoir
ostage,otage
Revestez,revestir
deveingne,devenir
seisie,saisir
relest,relaissier
queque,que_que
antrebeisoient,entrebaisier
doutez,doter2
mantevoir,mentevoir
avileni,avilenir
Malveisemant,mauvaisement
meri,merir
sorenon,sornom
Desarmé,desarmer
anfermerie,enfermerie1
resener,resaner
mirgie,mirgie
adon,adonc
sena,saner
moroit,morir
covanroit,covenir
fineroit,finer1
tormanter,tormenter
Santi,sentir
conteroit,conter
Deüst,devoir
fondre,fondre
fonde,fonde1
croslent,croler
verse,verser1
ancessors,ancessor
Maleoiz,malëir
fonderent,fonder2
Leu,lieu
antremete,entremetre
reposerons,reposer
oserons,oser
sanbleroiz,sembler
asaillie,assalir
panserai,penser
conseilleroie,conseillier1
sofferré,sofrir
verré,vëoir
suiest,sivre
jurt,jurer
fiant,fier2
racorder,racorder
entroiz,entrer
jurerai,jurer
eschevir,eschevir2
hauciez,haucier
metoiz,metre2
jureroiz,jurer
peneroiz,pener
fainz,feindre
esploité,esploitier
Monte,monter
Trover,trover
Queriez,querre
parjurer,parjurer
porquis,porquerre
Guerredoner,guerredoner
Anprunte,emprunter
repaie,repaiier
Randu,rendre
devoie,devoir
pardon,pardon
drecier,drecier
rescondire,rescondire
pardonez,pardonner
espos,espos
hoquerel,hoquerel
Vanz,vent
orages,orage
endurer,endurer
Pes,pais
covast,cover
cove,cover
pecheor,pechëor
Conparé,comparer2
nonsavoir,nonsavoir
corpable,coupable2
forferai,forfaire
parjure,parjur
ajoster,ajoster
Explycit,explicit
escrist,écrire
Guioz,Guiot
CHRONIQUE,
MOREE,
conqueste,
Constantinople,
Romanie,
dou,de.le
princee,
Moree,
trove,trouver
Bartholomee,
Guys,
Estives,
Pour,pour
negligent,négligent
annuye,ennuyer
auir,
ordonnéement,
devisée,
ayment,aimer
anchois,ainçois
briez,bref
diray,
compte,
ainxi,
trovay,trouver
pourray,pouvoir2
cescuns,
entende,entendre
voulenté,
reaulme,
Jherusalem,Jérusalem
raconte,raconter
tesmoigne,tesmoignier
.c iiij.,104
incarnation,incarnation
prince,prince1
royaulme,
regions,région
Ponent,
enortement,enhortement
Ermite,Ermite
passerent,passer1
conquesterent,
Levant,
acquiterent,acquitter
grec,
Alecxi,Alexis
Vaitachi,Vatace
convenenches,convenance
ordennés,ordonner
accompaignier,
saincte,
Anthioce,
prinrent,
Saincte,
Terre,terre1
eslirent,élire
Godeffroy,
Buillon,
.xvij.,dix-sept
haux,
pelerins,pèlerin
.ij _C_iiij.,204
Bauduyn,Baudouin
Tholouse,Toulouse
pluiseurs,
jurerent,
ordonnerent,ordonner
commune,commune
commença,commencer
chapitaine,
pleust,plaire
trespassa,trépasser
siecle,siècle
dommages,
grans,grand
entreprises,entreprise
eage,âge
.xxiiij.,
sceue,savoir1
partout,
venus,venir
trestous,
crois,croix
dolans,dolent
desconfis,
Goffroys,
Villarduin,
marescal,
vaillans,vaillant
preudomme,prudhomme
Dieux,
absoille,absoudre
entreprendre,
demoureroit,
Bauduin,Baudouin
ordonna,ordonner
.ij.,deux
reconfermerent,reconfermer
cescun,
.j.,un
Goffroy,
prinst,
.iiij.,quatre
Lombardie,
marquis,
Monferra,
appelloit,
Boniface,
roÿne,
entreprise,entreprise
requirent,
plaisist,
chapitanie,capitainie
passaige,passage
conseilla,conseillier1
G,
regracioit,
honnour,honneur
quand,quand
daignoient,daigner
celles,cil
deportassent,déporter
roïne,
sceu,
ordina,
oyrre,
novelle,
hault,
dez,dé1
requeroient,
chapitaines,
gouverneur,
oÿrent,
conseillerent,
gubernacion,
monstrant,
voye,
raisonable,raisonnable1
honneur,honneur
avancement,
siens,sien
conseilliés,
france,franc2
erraument,
Lans,Lans
fisist,faire
envoya,
retournés,
compliroit,complir
ordinerent,
assembler,
deviserent,deviser
Venise,
pourroient,pouvoir2
meilleur,meilleur
aysié,aisé
vaissiaux,
envoierent,envoyer
auxquels,à.lequel
donnerent,
ordiner,
prometoient,promettre
prometeroient,promettre
ordineroient,ordiner
Après,
ordinement,
mirent,
journées,
vinrent,venir
appeloit,
Dadule,Dandolo
liement,liément
Ycil,cil
dux,duc1
Grecs,
embachiné,embassiner
yeux,
occhoison,ochaison
presentées,présenter
prierent,prier
appareillier,
vaissaux,vaisseau
.x _M_.,10000
.iiij _M_.,4000
aysiemant,aisiement
ouy,
novelles,
liés,lié
cuidant,
esperant,esperer
exaucier,exhausser
commun,commun
honeur,honneur
peuple,peuple1
sermonna,sermonner
monstra,
raisons,raison
honnerable,
pourfitable,profitable
monstrer,
consentirent,
ottroyerent,octroyer
appareillement,
vaissiaus,vaisseau
obligacions,obligation
obligoient,obliger
feussent,être1
tenus,tenir
payer,
satisfaire,satisfaire
yce,
ordine,ordiner
retournerent,retourner
ordiné,
vere,
Thoulouse,Toulouse
ains,ains
Puille,Pouille
peussent,pouvoir2
communs,commun
eaux,
Françoys,
Veniciens,
Venicien,
vouloient,vouloir
payoient,payer
despense,
sourplus,surplus
demouroient,
deussent,devoir2
Jharra,Zara
Esclavonie,Esclavonie
revelée,reveler
acquittoit,
Henri,Henri
Tadule,Dandolo
avancié,avancer
Jarra,Zara
descendirent,descendre
armerent,armer
incontinent,
combatirent,
delivrerent,
covenences,
lairay,laisser
conteray,conter
laisserent,laisser
voiage,
ordinoit,
Quir,
Saqy,Isaac
Alexi,Alexis
avugla,aveugler
coronner,
enfui,enfuir
ordinoient,ordiner
Surie,
appela,appeler
nepveu,
Beaux,
niez,neveu
desherité,déshériter
ay,
entrepris,entreprendre
pape,pape
doubte,
voudra,vouloir
say,
rebelle,rebelle
Ecglise,
voulés,
creanter,crëanter
pelerin,pèlerin
mettoient,
feriés,faire
grecs,Grec
obediens,obédient
loy,
roiaulme,
acompaignier,
voulentiers,
senefiant,
papes,
certefiez,
convenences,
Costantinople,
cardinal,cardinal1
legat,légat1
arivés,
lettre,lettre
papal,papal
commission,
lour,leur1
presça,prêcher
ordinéement,
Alexcxi,Alexis
affermé,
honerable,
Grez,Grec
errur,erreur1
rebelles,rebelle
sacremens,sacrement
convertir,
obedience,obédience
promettoit,
absoloit,absoudre
paine,peine
coulpe,
moroient,
Sarrasins,Sarrasins
Sepulcre,
Jhesuz,Jésus
oyrent,ouïr
absolucion,absolution
ottroierent,octroyer
comunablement,communablement
devision,devision
envye,envie
vodrent,vouloir
destourber,
liquelx,
oït,ouïr
desprisement,déprisement
abandonoient,abandonner
vault,valoir
empiere,empire1
ordinée,
creantée,créanter
assaudroient,assaillir
assaillissent,assaillir
nave,nave
naves,
ariverent,arriver
caloient,caler
entroyent,entrer
Saquy,Isaac
getterent,jeter
imperial,
avugle,avugle
haulz,haut
particulerement,
quelles,quel
respondy,
herraument,erramment
plaisoit,plaire
payez,payer
requieroit,requérir
gentilz,gentil1
aiant,
acomplir,
orrent,
tournerent,
Saqui,Isaac
tinrent,tenir
apayé,
coronnerent,couronner
triomphe,triomphe1
solempnité,
coronnez,couronner
tousjours,
malicieux,
fausses,faus
especialment,
joyne,jeune1
faisant,
entendant,entendre
desesperée,désespérer
avantaige,avantage
consummé,consommer
partiroient,
joines,
consenti,
moys,
fevrier,février
ordenerent,
commencherent,commencer
brigue,
ceaux,
mesnie,maisniee
desloiauté,déloyauté
appertement,
aller,
courre,
cite,cité
Machidoine,Macédoine
Andranople,Andrinople
gaaignierent,gagner
bestiame,
recovrerent,recouvrer
sejourné,
appeler,appeler
jone,jeune1
coroucha,courroucer
remis,remanoir
manderent,mander
appareilliés,appareiller1
amender,amender
Grec,
contens,
asseurassent,assurer
arrassent,arroyer
sentiroient,sentir
ozeroient,oser
merler,mêler
yroient,aller
aysément,
sievroient,suivre
droicte,
attendant,
Morchufle,Murzuphle
ocirent,
Alexci,Alexis
couronerent,couronner
traitres,traître
vaissiel,
debatu,
empires,empire1
naturel,
sommes,somme3
mielx,mieux
retournons,retourner
Constantinoble,
loings,
pourra,
consaux,
avenables,avenable
tornerent,tourner
voiles,
assaillirent,
faulx,
mourdri,meurtrir
chellui,cil
grex,
Lion,
philosophe,philosophe
chosez,chose
lezquelles,lequel
avindrent,avenir
pillier,pilier
ecglise,
Sophie,
drecha,dresser
hert,hourd
entaillies,entailler
desroupez,desrouper
prophesie,prophétie
escripte,écrire
acomplie,accomplir
faussement,
moudri,
desrouperrent,desrouper
desloial,déloyal
amasserent,
deveroient,devoir2
vacoit,vaquer
belle,
despartir,
solx,sou1
.xij.,douze
prelas,prélat
provinces,province
eux,
loialment,
regarderoient,regarder
esliroient,élire
suffisant,suffisant
election,élection
debas,
preudommes,prudhomme
Dadoule,Dandolo
occasion,
entendu,entendre
division,
veuil,
sachiés,
cognois,
dignités,dignité
dignité,dignité
prans,prendre
eslisent,élire
joins,joindre
dy,
amendement,
franchement,franchement1
coronnés,couronner
donner,donner
anuncierent,annoncer
esleu,élire
oÿ,ouïr
troblés,troubler
amy,
rumurs,rumeur
appella,
traveillerent,travailler
Salonique,
cessa,cesser
rumur,rumeur
condicion,
moitie,moitié
Blaquie,
Vataqui,Vatace
Cellui,
Nicrifore,
despot,
Art,
Comains,
guerroyer,
enging,
decevement,
agays,aguet
loin,loin
correurs,coureur
roys,
Bonifaces,
abandonnéement,
cachant,chasser
quar,car
embussemens,embûchement
Comain,
avironerent,avironner2
pars,part1
yl,il
traÿs,
ralia,rallier
viguereusement,
desconfirent,
ocioient,occire
guerroia,guerroyer1
.iij.,trois
Adrinople,Andrinople
Andrinople,Andrinople
secourre,secourre2
empereour,
Nisse,Nysse
dueil,
baill,
monseigneur,
envoyoit,envoyer
Arragon,Arragon
chastiau,
Beauvoir,
Morée,
espeuse,épouse
Achaye,
chi,qui1
Cy,ci1
lairons,laisser
gouvernast,gouverner
maintenist,maintenir
Latins,
Thodre,
Lascari,Lascaris
cis,cist
Lascary,Lascaris
conquesté,
villes,
chastiaux,
pluseurs,plusieurs
entour,entour
Bauduins,Baudouin
Andreonopule,Andrinople
sacrés,sacrer
maintint,maintenir
laissa,laisser
menre,moindre
Michailli,
Paleologo,
prodomme,
fiz,fils
nourrir,nourrir
loyaulment,
gouverner,
parfait,
possession,possession
fortresses,
Joine,jeune1
guerroyé,
acorda,accorder
Genevois,
Galatas,Galata
franchi,
peages,péage
gabeles,gabelle
aidaissent,aider
habiterent,habiter
illeuc,
galées,galée1
armées,
appareillies,
commencerent,
maintenoient,
Bras,bras
George,
nulle,nul
habité,habiter
reduisi,réduire
.iij _M_.,3000
Malevesie,
Clarence,
secours,secours
hoir,
Charles,Charles
Valois,Valois
trés,très
excerlente,excellent
empereys,
excerlent,excellent
Philippe,
Tharente,Tarente
Mourée,
femmes,femme
lesquelz,
Guillermes,
fieva,
assena,assener
Toucy,Toucy
Tornay,Tounai
Grite,
Alni,Alni
Brice,Brice
Planchy,Plancy
Espinas,Espinas
Agni,Agni
Nivele,Nivelet
arcondes,
anui,ennui
nommions,nommer
parlerons,parler
princé,
Achaÿe,
conquestée,conquêter
Guillerme,
Saluce,Saluces
Champaignoys,Champenois
avés,avoir1
commencié,
maindres,moindre
empereur,
tiers,tiers
engaiga,engager
casal,
Patras,
motes,motte
desaux,dessous
contrée,
Andreville,
fortresse,
vendroit,
prendroit,prendre
seurent,savoir1
Champenois,
poroient,
yssirent,
.ij _M_.,2000
encontrerent,
enclinerent,encliner
recuilli,
benignement,
souxmise,soumettre1
soux,sous
commanda,commander
loyaument,
mieux,
dust,devoir2
Corinte,
gaaigné,
legierement,légèrement
affermez,affermer1
assiegier,
appellez,
Sguro,
Argues,
Naples,
recuillir,recueillir
femes,femme
reposez,reposer
Diu,Dieu
apeleres,appeleur
pranre,
bant,ban
voudroient,
heritaige,
francement,
Damalet,
honorablement,honorablement
assiegié,
joians,
veist,voir1
baiserent,baiser2
embracerent,embrasser
hardement,hardement
Champegnois,Champenois
yssus,issir
entrés,entrer
assés,assez
segurement,
segurté,sûreté
retourner,
yvrené,hiverner
demourée,
profit,
garnir,
casaux,
Escorta,
conquestoit,conquêter
fiez,fief
qualité,qualité
surplus,surplus
payaissent,payer
servicent,servir
examine,examiner
diligentement,diligentement
tenement,tènement
fiever,fieffer
assener,
sagesse,
garnis,garnir
savés,savoir1
extrange,étrange
devés,devoir2
comprandre,comprendre
naviles,
coustent,coûter
traveiller,travailler
raffressement,
Calamate,
Arcadie,
Choron,
peuplée,
chevaucier,
gaaigner,gagner
conseille,conseiller2
faiciez,faire
yrons,
menerez,mener
droittement,droitement
aurez,avoir1
entendirent,entendre
priserent,
preudoms,prudhomme
Zacarie,
françois,
boin,bon
vot,
Ains,
Junch,
Modon,
desroupée,desrouper
coursaire,
conversoient,
passoient,passer1
Coron,
assiegerent,
perrieres,perrière
mangonniaux,mangonneau
asprement,
meisme,même
voudrent,
sejourner,
aaisié,
saisine,
alerrent,ailer
bourc,
donjon,donjon
porrent,
bise,bis1
tour,
ovre,oeuvre
jaians,géant
sepmaine,
drechier,
pierrez,perrier2
mangonneaux,mangonneau
gettoient,jeter
partist,
mandoient,mander
Frence,France
mandoit,mander
repranre,reprendre
hommage,
menée,
convenoit,convenir
indignacion,indignation
appeller,
alés,aller
citoit,citer
demourer,demeurer
ordinez,
casser,chaser
affever,afieffer
demaine,
eveschiés,évêché
baronnies,baronnie
baronnie,
Ospital,hôpital
Alemans,Allemand
fiés,fief
serganteries,sergenterie
assené,assener
francise,
meistes,mettre
delay,
entreprinse,entreprise
alastes,aler
encommencié,encommencer
ordinastes,ordiner
achevé,
sceustes,savoir1
abandonnastes,abandonner
conquestes,conquête
deviés,
dela,delà
venistes,venir
eussez,avoir1
example,
loial,loyal
donne,donner
hoirs,hoir
appartenances,
drois,droit1
soiés,être1
obeissans,obéissant
convient,
laissier,laisser
fye,fier2
commande,commander
amour,amour1
baux,
prochains,prochain
parans,
deca,deça
doiés,
tenriez,tenir
remainst,remaindre
cognissans,
lox,
bailliauge,bailliage
seelerent,sceller
seaux,sceau
affermées,
apareilla,apareillier1
liquel,
assenée,assener
Gautiers,Gauthier
Rosieres,
assenés,
Mathegriffon,
Bruieres,
.xxij.,vingt-deux
Guill,Guillaume
Mahieu,Mahieu
Mons,Mons
Veligurt,
Nicles,
.vj.,six
Gui,
Nivelet,
Gierachy,Geraki
Cremenie,Crémonie
Otthe,
Tournay,
Colovrate,
Ougues,Hugues
Lille,Lille
Nulli,
Passavant,
Cremonie,
sergans,sergent1
fievé,
registre,registre
fié,fief
entier,entier
proprement,
convendroit,
toujours,toujours
paiaissent,payer
estance,estance1
pueust,
frontiere,
besongnes,
.viij.,huit
vouldroit,vouloir
annee,anee
ecglises,
deffence,
afaires,afaire2
devisés,
ordinés,
fievoit,fieffer
usée,user
acord,
leissoit,
assenoit,assener
portement,
gaaignié,gäaignier1
enorterent,
convoita,
glore,
contricion,
eschaufée,
envoioit,envoyer
parens,parent
empeschier,
retournerons,
desirez,
Penthecouste,
jamais,jamais
bernage,
voulus,
festoyant,
manderoit,
receux,
pat,
Robers,
previlieges,
bail,baillier
yssue,
mons,mont
Moncenys,
chargiés,
nege,
Savoye,
demy,
empetré,
engigner,
appareilloit,
gallie,
armée,
patron,
Corfo,
gietast,
Cret,
calefater,
semblant,semblant1
deschargier,décharger
ayse,
presenterent,présenter
contenoit,
jetter,
honora,
messaiges,message1
galie,
beaux,
esvesliés,
laissié,laisser
esbahys,
barque,
privéement,
deffendi,défendre1
R,Rianwez
arrestés,
pourcacha,pourchasser
arrivés,
mandast,
ordonnées,
Glisiere,
informés,
affaires,
joye,
convenances,
despescier,
besongne,
declairier,
envoïa,
convoïer,
convoïa,
acompaignoient,
courouciés,
vouldrent,
empeschiés,
procacha,
Veligourt,
Tout,tout2
tribulacion,
empechemens,
honnerablement,
seignourie,
commandemens,
sachans,
voillant,
entendement,entendement
cilz,
rechut,recevoir
joyeusement,
asirent,
communaument,
nés,nef1
parlans,
commes,
acquitté,
ycel,
proposée,
protestacion,
chartres,charte
comissions,
aultres,autre
tesmoignance,
tesmoignoient,
commandoit,
parleu,
endoctrinés,
coronne,couronne
lire,lire1
chastellenie,
perpetuel,perpétuel
juste,jouxte1
sentence,sentence1
quy,
deveroit,
debatirent,
estroitement,étroitement1
vainquent,
cys,
presenter,
passés,passer1
appellerent,
esbays,
esperdus,
honnoroit,
festioit,
pourfitoit,
donnée,
copie,
offri,
hautement,hautement
compaigna,
noblement,noblement
demorés,
ançoys,
appartenoit,
chastellanie,
payés,
mareschaux,
aisné,
traveillans,
acroistre,
Cateloigne,
acompaignie,
maine,manoir2
entrepassant,
arrivée,
descendist,
honorer,
espouse,épouse
honnor,
perils,peril
coruce,
trouverons,
acorderons,
eslis,
amonnestement,admonestement
espousailles,
gallies,
yriez,
destourbé,
esmeux,
yre,
encomencié,
espousée,
espousé,
pareille,
nacion,
refreinist,
coroux,
avenans,avenant2
Larisse,
duchiame,
Atthenes,
Roche,roche3
honerablement,
festoyerent,
m,me
Archepellague,
ysles,
yles,
senescal,
tornoys,
princée,
Usages,
eues,
ordinées,
liesce,
acompli,accomplir
princesse,
acordés,
joyeuse,
vesquirent,vivre1
heurs,
Malvesie,
loyal,
abrevoient,
entreprenans,
empeschoient,
pourpensa,pourpenser
poroit,pouvoir2
coignut,
vassiaux,
aultrement,
donneroit,
acquiteroit,
perpetuelement,
ytel,
payant,
panatique,
Negrepont,
assieger,
purprys,
voulentés,
buche,bouche1
agüe,
encoste,encoste
miedi,
Escovée,
arbalestiers,
voulions,
sege,siège
estoyent,
Chorinte,
covenances,convenance
segures,
souloient,souloir
doux,doux
veés,voir1
près,
escale,
abondent,
ambeduy,
assiegeroit,
auroient,
voulantés,
voudroit,
salve,sauf
fievés,
couvent,convent
donoyent,
gaaigniés,
aigues,aigue
donant,donner
asiegerent,
Latin,
tenissent,tenir
gardaissent,
arconde,
seelées,
seignour,seigneur
plevy,
fermement,fermement1
randus,
primevere,
Negripont,
sieguissent,
appareillerent,
assiega,
garny,
orgueil,orgueil
benoit,
charpentiers,charpentier
telz,
getter,
continuelement,
famine,famine1
detresce,
envoiassent,
demandant,demander
villain,
serviroient,
cognissoit,
maistrier,
sotmettre,
Ponant,
Clamate,
Maigne,
françoys,
Beaufort,
Lefftro,
contraindre,
subjection,sujétion
Arte,
despotée,
revela,
Lescari,
chil,cil
noyer,
auÿ,
corouciés,
desdaigna,
raisonablement,
obeïr,
cyl,
ducheame,
secoururent,
aiderent,
recommanda,
bastart,
despos,
moitié,moitié
despost,
Patre,
Michailly,
consummer,
office,
sevastocratora,
recomanda,
revelés,
alliance,
dotte,
donnoit,donner
guerroioient,
Misitra,
conteons,
comencerent,
habitacions,
maisons,maison
sournoms,
j,
Carentaine,
Gautier,
Mathegriphon,
Nivelete,
Girachy,
Chacoinie,
persones,personne
cortoys,
Champenoys,
ligié,
ommage,
Bondonnice,
terciers,
recordoit,
respondant,répondre
ytelz,
siene,sien
entenus,
senon,
acquita,
aidié,aider
yriés,
respondirent,répondre
desdaignoit,
rebellans,
anemy,
arréé,
semonst,
Carintaine,
Carantaine,
pourpansé,
feroy,
emprist,emprendre1
pieur,
desherita,
miex,mieux
deceux,
Caraintaine,
piour,pire1
amassoit,
efforciement,
joyans,
Caraitaine,
aucque,
poissant,puissant
villainement,
abandonné,
revel,
Meguare,
seurement,sûrement
guya,
entrencontrerent,
Caride,
victore,
Guisbers,
Cors,corps
Omer,Homer
douquel,
Nicole,Lincoln
annuys,
contons,
retraist,retraire
Jehans,Jean
Otte,
Sole,
Pas,
essillier,
desplaisoit,
entremirent,
traiterent,
promit,
amende,amende
pleigerie,
segnor,seigneur
aysie,
prayeries,
aisiement,
herbegié,
targier,targer1
Thomas,
gentils,gentil1
herberga,
portées,
conbatus,
camp,champ
pardonna,
fiautée,
deffault,
combat,
corde,corde
cheÿrent,
piés,pied
vousist,vouloir
meffait,méfaire
meprison,
yrés,
pardonroit,
haulx,
rendi,rendre
desherités,
faicte,
complie,
bachellier,
mennerent,
joustes,
rompre,
quintaine,
caroles,
festoyé,
tournast,
arreer,
commandé,commander
aussitost,
noviau,
Rivedostre,
Brandys,
descendus,descendre
honneréement,
presenta,
court,cour
escheux,
ostoyé,
combatu,
reverance,
semonre,
mandement,mandement
envoyé,
encheux,
ostoié,
clercs,
revellés,
combatus,
deffendant,
guerroya,
combati,
puisque,
anccesseurs,
payé,
cheux,
loingtaing,
reverence,révérence
traveil,
conseulx,
acomplis,accomplir
plaine,plaine
baissier,
proya,
tesmoignances,
seellées,
seau,
faictes,
delivrées,
lointain,
droys,
doyés,
demandés,demander
hardiement,hardiment
donray,
salvant,
pensa,penser
pensé,pensé
duchié,
ancienement,
ottroya,
Pelagonie,
Aussi,
acrut,
cessoit,
adès,
personelement,
Nepant,
asembler,assembler1
acompaignié,accompagner
golphe,
Neopant,
telx,
complaingny,
essilloit,
gastoit,gâter
sodoyer,
attendre,
combatre,
parlemens,
fenis,finir
sodoier,
errement,
appareillés,
quanques,quanque
appareilla,appareiller1
auxi,
Nicxie,
Bondonice,
aliance,alliance1
appareilloient,
reduyre,
valour,
aisnés,aîné
Conninos,
secons,
Dux,
Angeleus,
Congnino,
ainsné,aîné
vicaire,
besoingnes,
enfans,enfant
tourblés,troubler
douta,douter
conseillé,
soudoyer,
vendroient,
Onguerie,
aidast,aider
Servie,
envoieroit,
aura,avoir1
generacions,
guerrier,
demonstrer,
reames,
Ongrie,
 .v. _C_.,
Ongres,
 .vj _C_.,
Andrinoble,
amassemens,
panssée,
 .ij _M_.,
arciers,
retourne,
ostoyerent,
roussignol,
chantent,chanter
creatures,
renovelent,
esjoÿsent,
lointains,
targerent,
Ganine,
duchame,
Graive,
Sideroporta,
commenceroient,
Gripton,
fortes,fort
biaux,
Sevastocratora,
legerement,
remennant,
desbaretée,
corours,
 .iij _M_.,
artirent,
cescune,
commanderent,
coreur,
 .j_e_.,
journée,
chevauchié,
coru,
Catacalo,
bournes,
despartent,
Serve,
certifierent,
chevaucherent,
guerroyers,
 .ij _M_,
archiers,archer1
descovrant,
primiere,
Albanois,
desparti,
.xxvij.,
villains,
asnes,
boeux,
costieres,
herbejoient,
anuitoit,
amassés,
huer,
voys,
abysmer,
mettoit,
fuir,
menchonges,
abusions,
loyoient,
desconforterent,
desrrier,
famillier,
parlierres,
affermer,
menchonge,
saluoit,saluer
chierement,
esmeut,
despotee,
congnoit,
carnel,charnel
aime,aimer
poy,
vraiement,vraiment
combatoient,
perderoit,
vergongne,
puisqu',
embatus,
fortune,
preist,prendre
hastivement,hâtivement
eschaperoit,
desconfortés,
faux,faux2
sainctes,
Euvangiles,
nulz,nul
fauces,
remurs,
endormy,
levée,
sentissent,
conduiroit,
affermés,
voulunté,
pavillon,
tronson,
Belle,
failloie,
abandonnoie,
toy,
auroies,
blasmés,
vueil,
descouper,
abandonner,
meisnies,maisnie
afferme,
oyerent,
esbahy,
anunça,
cognut,
descouvers,
demourent,
traitié,
demourés,
desconfortée,
nuict,
fuis,
familier,
aportées,
trompette,
soneroit,
apparelliés,
trompete,
sonna,
logiés,
conforta,conforter
trahy,
puissions,pouvoir2
frapaille,frappaille
chetive,
faisons,faire
veut,vouloir
estormir,
traison,
Pourtant,
conforterent,
lairoient,laisser
detrenchier,
guant,gant
aprocherent,aprochier
Caraintaines,
Carinée,
aÿr,
alemans,
brisié,brisier
occision,
assemblée,
combatoit,
tuoient,
Sevastocrata,
revisetant,
groses,
jouste,
avisement,
fleur,
Carainteine,
Ungres,
Commains,
resbaudi,
dommagier,
finoient,
navrerent,
trechuchoient,
flesce,
desfroisiés,
cops,coup
maches,
endura,
chaiant,
saisiz,saisir
fioient,fïer
estandart,étendard
estormy,
Incarnation,incarnation
Jhesus,Jésus
 .ij _C_lx.,
eschaperent,échapper
assailliz,
robés,
enfouir,
navrés,
assiz,asseoir
tourna,tourner
voy,
peustes,
desheriter,
eussiés,
cognoistre,
attendiés,
peut,pouvoir2
cuidiés,
tollir,
perderés,
finée,
avantage,
tenés,tenir
escauchiés,
serchoie,
my,
ancessour,
auroie,
deveroye,
deveroie,
loés,
prisiés,
prodommes,
coustume,coutume
conguester,
desheritance,
carneulx,
doy,
appartiens,
parantée,
appartenés,
acquitta,
tenyr,
souffisoit,
vousistes,
allastes,
exillier,
deveriés,
laidement,laidement
traÿson,
entechiés,
apaiserent,
honnereement,
Prince,
ysterés,
rendés,
seriés,
fussiés,
soliés,
porriés,pouvoir2
preisse,
conquestasse,
manderay,
aray,
anccessors,
porrés,pouvoir2
aaisé,
tranquillitée,
nullui,
estiés,
porray,
demouroye,
acquis,
constituerent,
coustumes,coutume
vosisse,
parlés,parler
plaist,plaire
renchon,
enforcerons,
aurés,
coruciés,
audience,audïence
Princes,
monstrés,
outrecuidance,
teux,
cogneu,
huimais,
ysy,
orgueilleuses,
malice,malice
partirez,
raenchon,
partés,
aureys,
encliner,
delivrast,délivrer1
monnoie,monnaie
accorda,
donnant,
comparange,
besoings,
troys,
nommés,
traiteroit,
ravoir,
seremens,
tourner,
coigna,
revenus,
conceue,
serouge,
desiroit,désirer
acorderoit,
affebli,
Lyenars,
chanceliers,
Vaux,
veillart,vieillart
Pellagonie,
efforciés,
delivreroient,
Madame,
alay,
mettra,
getteroit,jeter
pense,pense
appareillié,appareiller1
deusse,
angaigier,
souffreroie,
pardonnerés,
amés,aimer
deimes,
debatimes,
eussiemes,
eussons,
marchié,
conquesta,
Mistra,
Magne,
delivrés,
laray,
feray,
Creator,
sauroit,
voulons,vouloir
mengera,
acordera,
lairoit,laisser
racheter,
 .c _M_.,
metera,
effort,
revelleront,
donront,
seigniaux,
chastellains,
Chauderon,
desiroient,
revisiter,
commencier,commencer
revellerent,
commenchié,commencer
Turquie,
 .m v _C_.,
guerroieur,
Macrino,
gueroier,
aprement,
corporaux,
Chacoignie,
Cardalevo,
promettant,
franchises,franchise
vousissent,
commenca,
prenre,
trametoit,
Sigo,
Chacoignye,
revelerent,reveler
duch,
sejournoit,
pensoit,penser
converty,
gaigné,
domestico,
Catacusino,
Tourc,
del',de.le
prenant,
tuant,
Sergenay,
chapelle,chapelle1
Nicolay,
Mesicle,
Paleopoli,
Gogonas,
peussiés,
getté,
pome,pome
cheue,
toucher,
paisiblement,
arrangiés,
attendoient,
arrengier,
Catacuzino,
soiant,
armés,armer
portant,porter
coccure,
mace,
esperonner,
inbobant,
desprisant,
chevaucié,
esperonnant,
deffaire,
trebucha,
dessoux,
saillir,salir2
desroux,
choite,
resgart,
mesceance,
seignurs,seigneur
aucques,
combattre,
partoit,partir
cortoisement,courtoisement
novitée,
chassier,
gardant,
Turc,
ravanchié,
Brenice,
acreue,
perdy,
honteusement,
auy,
Turcs,Turc
outrageusement,
Coment,comment2
souffist,
enrichy,
cours,cours1
Sachiés,
serés,être1
retenés,
donnés,
commandons,commander
chevance,
maignies,
meillour,
aloyent,
Francoys,
destourberent,
yrié,
talent,talent
meteroient,
vauroit,valoir
pys,
acompaigniés,
soverain,soverain
dommestico,
merveilleux,
retournassent,
prometoit,
entierement,entièrement
finé,finer1
retourneroient,
retournaissent,
trompettes,
deslogierrent,
Charbon,
Biauregart,
fossier,
oyant,
esmayé,
recief,
guerrieur,
pourquoy,
guerroiant,
prioient,priier
Ancelin,
Tucy,
norris,nourrir
langue,
encontrer,
atendoient,attendre1
accointtier,
joyant,
raisonné,
contée,
Beauregart,
Salic,
liquelz,
honnorer,
desconfiroient,
chevauçaissent,
Ancelins,
Coprinyce,
dormirent,dormir
Mudra,
Mondra,
meisnie,maisnie
chevauçoyt,
sy,
Macri,
Plagui,
anuncha,
outroiast,
ottroier,
ottroia,
feusent,
derout,
consenty,
guerriers,
perilleux,
Calamays,
montée,
arresta,
pensast,penser
honorée,
recovrés,
conquestés,
pansés,
faudrons,
recommanderent,recommander
vosist,
Brenyce,
Plagy,
Cavallarichy,
assailly,
reculer,
valée,
arbalestée,
revigorerent,
chassierent,
chastelle,
attaindirent,
desréement,
emlochiés,
derouté,
attandre,
fuite,
derompre,
costiere,
desbaretés,
enfuioient,
chassoient,
chivitains,
Philippes,
eschangier,
marry,
vaulx,
cave,
roches,roche1
desot,
Gardichy,
domestique,
Cavalarichy,
enclins,
reprochoient,
barguignier,bargaignier
escrier,écrier
grejoys,
marchandise,
congnurent,
semblast,sembler1
estés,
desarmés,
saisis,saisir
chiel,ciel
raveroit,
ceux,
esmeer,
sevastades,
traveilliés,
revellé,
crierent,crïer2
mercy,
debonnaires,débonnaire
misericors,
recouvreroit,
maintenu,
encommenchié,
gasté,gaster
essillié,essillier
omnipotent,
rench,
visible,
vengance,
yngal,
deussiés,devoir2
layray,
yci,
reprochiés,
appartient,
aversités,
communes,
failly,
heritaiges,
anciserie,
anciseurs,
thyrannie,
toillirent,
benignes,
affermance,
feistes,faire
comparage,
feustes,
commençastes,
eustes,avoir1
ycy,
vantés,
comunes,
ramembroit,
deconfite,
aviés,avoir1
blameriés,
devoye,
plaise,plaire
excusé,
especialement,
pourtant,
chappe,
desmentisse,
dittes,
convant,
croy,
malvese,mauvais
informacion,
aloye,
portoyent,
ayt,
doute,doute
chevauce,
ayant,
doutance,doutance
malveistié,mauvaiseté
apaisiées,
Clermont,
marche,marche2
antorer,
laquel,
guieres,
habitant,
fortrait,
vuyde,
citien,
habitatour,
furny,
seur,sur1
revelé,reveler
fourrage,
furnirent,
coury,
Eles,elle1
forrage,
fournirent,
fortunes,
guient,
destourbent,
Bucelet,
malveises,
entrées,
miene,
malveis,mauvais
ribauderies,
despis,despire
traitours,
gastent,
essillent,
faichent,faire
corissent,
gastaissent,
reveler,reveler
Turq,
gaignier,
essillerent,
bouterent,
ardirent,
deffensée,
presentoient,
reduisirent,
ordenance,ordonnance
excusacion,
eut,avoir1
convent,couvent
onora,
pluszeurs,
demourerent,demeurer
batysier,
layrons,
guerroioit,
laide,lait1
mene,
honteuse,hontos
engingna,
Carevas,
aisement,
voé,vöer1
pelerinage,pèlerinage
Angle,
Maffroy,
Cecille,
occoison,
affaire,
certefia,
amenée,
tollue,
semondrent,
acuilli,
voué,
beoit,
Mafroys,
certefiés,
compassion,compassion1
ribauderie,
crestienté,
deservi,desservir1
deffailli,
pardoins,
commans,
vuydyer,
trovés,trouver
abandonne,
descovertement,
honteux,
sarmon,
excuse,
gracieusement,
pout,pouvoir
obeÿroit,
encombrement,
maladie,maladie
panssant,
pardoneroit,
ny,
cuidierent,cuider
Carment,
proia,prier
paiés,
promirent,
aideroient,aider
Freres,frère
Preceours,
corous,
abandonna,abandonner
sentoit,sentir
coulpables,
coroie,
cheÿ,
genoux,
Prelas,
agenoullierent,
devotement,dévotement
mesprangne,
sang,sang
estrays,
cognoit,
seignours,
mesprandre,mesprendre
mesprise,
seroye,
mesprit,
pardonnay,
deshonnerable,
eusse,
deshoneste,
magnifestée,
debatue,
trayt,
randy,
hommages,
taist,taire
Charle,Charles
mascle,
heriter,
Louys,
Ysabeau,
aisnée,
yteulx,
Provence,Provence
pus,
moullier,
Edouart,
mariées,
oyés,
pervint,
Fedric,
seignorioit,
reame,
reigne,
Romaigne,
Ytalie,
chassié,
persecucion,
reduys,
excommunié,
entredit,
entreprenant,
coroneroit,
persecutoit,
reaulmes,
confermer,
entreprenoit,
metteroit,
entrevenir,
maulx,
amenast,
roïnes,
deduyt,
asit,
ygal,
roÿnes,
devoir,
portés,
poissance,
ramprone,
sonner,
suers,
entré,en1
manoys,
soudainement,
vergoigneuse,
torcha,
appercevans,
paterne,
dirés,
corouceray,
yrier,
deboutée,
meneur,mineur1
reboutée,
seray,
ni,ne2
couronnée,
Sainct,
coronera,
confaronnier,
veuille,
persecute,
occaission,
veuilliés,
acroissemens,
vouloir,vouloir
huy,
doutoie,
cuidissiés,
eslongier,éloigner
plaira,
benedicion,
moye,
puissiés,
abandonnera,
thesaur,
tarides,
harnois,
peticion,
rendy,
Paul,
revanchier,
toulu,
percecucion,
cardinalx,
Romme,Rome
archevesques,
delès,
beneÿ,
mengerent,
chanta,chanter
coronna,
confanon,gonfanon
quicunques,
devot,
feal,
Eglise,église
persecuteur,
arma,armer
droictement,
agenoilla,agenouiller
benediction,
espaulle,épaule
trestout,trèstous
absolvi,
droits,
absolx,
pechiés,
païens,païen
beneïs,bénir
Chipran,
descombré,
resgne,règne
attandoit,
Bonivent,
Maffroys,
thirannie,
tournerons,
gaaignoit,
perdoit,
occis,
auces,
enrachinée,
jecter,
poissans,puissant
femelles,
apparenter,
reconquester,
prenderoie,
ancesseurs,
ensement,ensement
poés,pouvoir2
neccessité,
filx,
prengne,
demoiselle,
leale,
oiés,
afermée,
Jaque,
Oline,
Pierres,pierre
entendues,
envoiés,
diliganment,
messagerie,
responderoit,
enquirent,
Vaus,Vake
erremens,
condicions,
parmy,
certefierent,
certefié,
pleu,
mandées,
richement,richement
persone,personne
semony,
mengier,manger
deporté,deporter
conjoindre,
pensassent,
mode,
fiancha,
archevesque,archevêque
fiançailles,
devesti,
Lauys,
Thurqs,
yroit,
Brandix,
illeques,
fournir,
reposé,reposer
maisnie,maisnie
chivitaneries,
ordenant,ordonner
frontieres,
garnisons,
conterons,conter
ainxy,
Galerant,
Vry,
 .ij _C_.,
aprochoit,approcher
milles,
.cl.,
.ijC.,
flumare,
orgueilloux,
coreurx,
Gardelevio,
essilerent,
gaignerent,
recoillirent,
Cremoignie,
responderoie,
françoise,François
combatissent,
preissent,
avantaiges,
acordoient,
pyunaille,
pourchacier,pourchasser
yverner,
largier,
partoient,partir
vuyt,
corroit,
consummeroit,
miser,
Jan,
desquelz,
.l.,cincante
Calemate,
Lienart,
chancelier,
secore,
corse,
favourables,
estably,
gant,
bailliage,
Galerans,
prodoms,
Coradins,
roiame,
Calabre,Calabre
Aleaigne,
aprins,
Turqs,
descovir,
Corradins,
regardés,
avisés,
voirement,voirement
descouvert,découvrir
despart,
coignois,
desperée,
combatent,
aurons,
Trés,très
chers,cher
feisse,
commandés,
frandre,
ainsçoys,
faice,
deviseray,
Vous,vous
ordinerés,
ferés,faire
aiés,avoir1
embuchiés,
veux,
vendront,
yront,
metteront,
fuyr,
arrestent,
euill,
covoiteux,
pavillons,
lairont,
arons,
gahius,
regarderont,
convenue,
esparpeilleront,
vendrés,
retourneront,
troverons,trover
desreés,
esparpeilliés,
Nous,nous
dessconfirons,
despartirent,
briefs,
Alemand,
esparpeillerent,
desrompre,
esparpeillié,
enclorent,
ordenement,ordonnement
Coradin,
couperent,
courchiés,
cousté,
 .x _M_.,
ounces,
coupée,
honorés,honorer
revangier,
departy,
gaignié,
harnoys,
festoiant,
route,rote4
trieves,
recouvré,
grossement,
fourny,
joiaux,
Brandis,
ussiers,
arriver,arriver
honour,
festoier,festiier
novité,
Aracove,
leux,lieu1
Arcove,
sambla,
froides,froid
accuilly,
laissoit,
sovent,souvent
Vaillant,vaillant
coucha,coucher
maintenoit,
gouvernoit,
Guis,
consentement,consentement
Hugue,
Brene,
Liche,
conversoit,
officiaux,
conchut,
escheÿ,
Compaigne,
descort,
Remyro,
mille,mille1
 .iij _C_x.,
 .xv_e_.,
leundi,
 .viij_e_.,
indicion,
madame,madame
Margerite,Marguerite
dicte,
perdoint,
amme,
ysteroit,
raençon,rançon
ostages,otage
Cauderon,
charnel,
escheüx,
saisir,saisir
provant,
defailli,
usances,
commandent,
ouÿ,
occaision,
aroit,avoir1
secunde,
eschiet,
offroit,
paissoit,
mariast,
vesve,
Belas,
cousins,
.vij.,sept
clamés,clamer
marescaux,
Saint-Omer,
escheüe,
eure,heure
Sophye,
amassée,
quarantaine,
anée,
excusation,
offry,
parante,
revesticion,
eritaige,
escheü,
liges,
desconseillie,
presentent,présenter
avoué,
offrent,
prient,prier
plaire,plaire
revestir,
cognissons,
desheritée,
cuidasse,cuidier1
demanderoye,
empeschie,
requerés,
feroye,
reffusoie,
renforcier,
metteray,
sentencier,
loiaulment,
avocat,
parleres,
daigniés,daigner
avocas,
porterai,porter1
deffense,
recommans,
requiers,requérir
recommandée,
proposer,
mareschalesse,
commencement,
soyant,
saisirent,
deffaute,
allegacions,
deffances,
poins,poing
pendoyt,
prova,
chapitre,
aferma,
fournissant,
dete,dette
comparut,
monstré,
dette,dette
debati,
tenour,
eritage,héritage
regracia,
querelle,
renderoit,rendre
dommagiée,
Marguerite,
demanday,
vouliés,
sueur,
congnois,
apertement,apertement1
ainçoys,
reprinrent,
partissent,partir
repairiés,repairer
Chancelier,
mareschallesse,
avisay,
gaigniée,
remort,
faiciés,
departés,
previliege,
especial,
prothoficier,
Colinet,
Lezquelx,
Coulovrate,
Gueraines,
Guomenice,
Cocovax,
Calandrice,
Juliane,Julienne
Gastoigne,
Charpigny,
Estransses,
Valte,
Regranice,
Coscolomby,
Lisarée,
Toporice,
Valaques,
Barthomée,
Escuel,
montagne,
Aventures,
nomma,
Catellens,
toully,
couvertoir,
soyés,
despoillie,
levés,lever
prenés,
contient,contenir
reveste,
chaperon,chaperon
noiant,néant
gaaigniée,
demoisselle,
acoucha,
senty,
testament,testament
recommendées,
may,
 .ij _C_lxxvij.,
glorieux,glorieux
fonda,fonder1
atout,atout
chappellains,
beneficiés,
benefice,bénéfice
layens,
tombe,
mylieu,
monseignour,
trespassés,
defina,
Rous,
Sulli,
honnmes,
besongnoit,
lisirent,
commissions,
Benoit,Benoît
Roux,
enclinoient,
Yce,
romperoient,
Nissye,
juraissent,
obeïssent,
receüx,
prothoficiaires,
thesaurier,
pourveur,
connestables,
Loÿs,
Veillart,
Boiteux,
Sully,
Mehaulte,
Florant,
sourvesqui,
Soulli,
Dimatre,
Hugues,
duchesse,
Jehane,Jeanne
Sanu,
Nixie,
ducesse,
Guy,
fillastre,filâtre
avoierie,
compli,
appelés,
orrés,ouïr
douaire,
certeines,
richesse,
vaisselemente,
joyaux,
desmesurement,
abatirent,abattre1
recouvrast,recouvrer
Maniatecor,
Trimolay,
Calendrice,
tesmoingnances,
cautelles,
boiteux,
tesmoingnoient,
examinée,
lays,
baronie,baronie
esgard,
cognoissance,
doc,
revellez,
bany,
trenchier,
ysist,
coy,
apensa,
orrez,ouïr
loisir,loisir1
Salicore,
corante,
Buchelet,
cisternes,
restraindre,restreindre
chastellain,
Fylocalo,
cisterne,
pensent,penser
Filocalo,
Auxi,
cette,
afleby,
Chiers,
tesmoingnance,
chernel,
commandant,
prouvoye,
feusse,être1
prove,
tollirent,
ayol,
desesperance,
mirencolie,
aventurer,
promech,
partiray,
aisiés,
entrepregniés,
tourt,
pourfit,profit
aye,
fys,
fy,
armures,
cheans,
summier,
sagement,sagement
apperchoive,
hernoys,
duy,
appelleront,
argüés,
buverés,
yvres,ivre
prenderez,
portier,portier2
bras,bras
geterez,
seirerés,
aporterés,
clés,clef
monteront,
tandys,
armerons,
maisgnie,
monterons,
prenderons,prendre
geterons,
douzaine,
metterons,
manderons,
viengne,venir
saura,
tenons,tenir
tiengne,tenir
divisée,
saroient,
geter,jeter
laiens,léans
sergant,sergent1
armeures,
envoierrent,
Vidoigne,
chapitainerie,
puest,
enforça,
nysun,
oyez,
 .jj _C_.,
alée,
rendroit,
propres,propre
anchisour,
complaindre,complaindre
mostray,
estoye,
veullent,
reputer,
tollu,
tendray,
onour,
proye,
poisé,
garans,
mandant,
commist,
congnissance,
regarderent,regarder
loiauté,loyauté
Caritaine,
prions,prier
conseillons,
consaulx,
assiegé,
ottroy,
Moraines,
Liserée,
Elaine,
Villain,
Anoé,
Arcadye,
Erars,
Agnès,
Estienne,
Maure,Maur
tayst,
Thornay,
souvent,souvent
serviche,
Bordiaux,
renc,rang
amirail,amiral
acontrerent,
Haynaut,
realme,royaume
Florans,
estatus,
maintenus,
chapitres,
femele,
pucelle,pucelle
magnifestement,
nocez,
 .iij _C_.,
nagerrent,
donée,
recommander,
chanoine,chanoine
magnifestament,
vulgar,
entendist,
bourgois,bourgeois
université,
fealté,féauté
reservoit,
desgarnis,
exillié,
mauvais,mauvais
souffrirent,
consumment,
exsill,
serchoit,
changast,
saroit,savoir1
ampereur,
tolloient,
avet,
Jaguora,
Fyleatopyno,
Fyloatopino,
adrechier,
parlée,
forte,fort
Phyloathopyno,
asseurance,
chapistres,
contiegne,
Fyloatopyno,
seirement,serment
cras,
plantureux,
affermée,
soudoia,
Cephalonye,
goulfe,
 .xiiij _M_.,
 .xxx _M_.,
Janine,
entrée,
avironés,
estanc,
deffendy,
monstroit,
destourboient,
acordoit,
personnelement,
 .iiij _C_.,
desirance,
escondist,
paye,
recuilly,
F,
Richard,Richard
Richart,Richard
Cephalonie,
achevée,
ainsnés,aîné
contans,
.cccj.,
esploita,exploiter
advint,
assamblés,
aions,avoir1
onnour,honneur
mercis,merci
respons,respons
paranté,
visinance,
leurz,
mourrons,
Janina,
ban,no_lem
siuir,
banniere,
sejour,
apparut,apparoir
esmurent,émouvoir
adrecherent,
certainetée,
grantment,grandement
accorderent,
diroye,
deslogerent,
atteindre,
combateroient,
sievant,
attaindre,
attendist,
convenable,convenable
courtoisie,
loingtain,
abandonerent,
chassant,
attainderoient,
gaaignerent,gäaignier1
asseurés,
sourpris,
course,
arrivées,
Tort,tort1
vieille,
Prevasse,
roboient,
espoventés,
troublés,
montra,
prengnent,
donnent,
laissay,
commander,
tendrement,tendrement
gite,
assailloient,
arbalestres,
devisoient,deviser
eax,
efforcié,
asieger,
attrapoit,
vergonde,
fuy,
coururent,
forage,
Vagenetie,
asseurée,
retournoit,
recuillirent,recueillir
dommageroient,
assoulagiés,
consolés,
Salagora,
arrangies,
retraite,retraire
retrasirent,
tirerent,
ancres,
retraisirent,
rettraite,
logierrent,
fronteoient,
merveillerent,merveiller
scourre,
deshonneur,
chaitivement,
Zeromera,
refressement,
nesun,
annuy,
voilles,
Prevesse,
semonsse,
Chier,cher
demourons,
vendray,
accompaignié,
espeux,
presbtre,
meneurs,
grejoise,
nourri,
Galathas,
bonnement,bonnement
convenablement,
sceü,
besoins,
services,service
esmeüx,
amendée,
peü,
agreoit,
conjoings,
gendre,
corsage,
visage,visage
rechupt,
haultement,
favour,
despine,
Quira,
Thamari,
apparanter,
Tharante,
Blecola,
Gello-Castro,
Donnat,
Vegenecie,
nepveux,
Guilebert,
Lindequerc,
despendeur,
souffire,suffire
beubans,
desplaisir,
habiter,habiter
parçon,
Foty,
Jacque,
Chasy,
partissoit,
heant,
annuya,
complaignant,
Lindequerque,
complaingnoient,
parchon,parçon
consummoit,
exilloit,
Franc,Franc
complainte,
Foyty,
reclamés,
jurée,
chep,
enqueste,
perpres,
paieroit,
goule,
Foti,
afemmés,
dens,dent1
plandy,
veuillant,
chastiement,
pourpansa,
vengeroit,
revengeroit,
entreviennent,
chetif,chétif
Cherpeigny,
Votisce,
Figuier,
illeucques,
appareillierent,
menjoit,manger
gaitier,
chaçoient,
perçut,percevoir
allaissent,
retraisist,
chevaucerent,
Vautisce,
veit,voir1
belement,bellement
chasse,
chaceour,
movoit,
blance,blanc
embrunchier,
coups,
oierent,
ha,
tués,
heoit,
getta,
ayés,
pardonnés,
congnissoie,
traictres,
tropt,
offendu,
paleffroy,
esbahis,ébahir
aveugler,
mescongnissance,
doutoient,douter
encontrassent,
encontroient,
sceussent,
sitost,
miracle,miracle
mortele,
morust,
palifier,
meiges,
meterons,
faichiés,
segur,
demourra,
mettons,
Vostice,
lettrés,
Corpus,
Domini,dominus
repentance,repentance
occys,
rompissent,
commenchassent,
souffroit,
blamés,
été,
Ga,
touchié,toucher
commenchons,
commenchemens,
porrions,pouvoir2
reduit,
offension,
oscaision,
Gau,
commençoient,
gastée,
essillie,
prolongier,
tamps,
gaitié,
omicide,
infourmés,
Flo,
emprisona,
marturia,
geule,gueule
tenroit,tenir
apaiés,
meue,
teint,
conferma,
Janisse,
Lianort,
Fanari,
hautesse,
creniaux,
eschiele,eschelle2
haucié,
esciele,
hautece,
ventoit,
apenserent,
sentu,
lieue,lever
appoierent,
montés,
gaites,guette
fons,fond
serganterie,
lierent,liier3
haubercs,
ajourné,
bourg,
remur,
Druges,
Janice,
remour,
Oriol,
Esclavon,
larrechin,
evesquié,évêché
joyau,
monoye,
estoicnt,
obeïssant,
appartement,
Anoée,
langage,
targer,targer1
arreerent,
Andrenople,
Andronico,
palefrois,palefroi
huissier,
embesoingniés,
alaissent,
attendissent,
cognissant,
enscient,
sigre,
atraitier,
instrumens,
rappeller,
Surye,
lesquel,
entrebaiserent,
amenés,amener
meillours,
senefier,
noul,
veul,
entent,entendre
nouvelle,
acquittassent,
quittement,quittement
reaume,
veult,vouloir
affet,
mesires,messire
acointtance,
entrerés,
parlerés,parler
avise,aviser
entreray,
entresaluerons,
demanderay,
cestui-ci,
respondés,
oubli,oubli1
rebouterent,
embesogniés,
rebouter,
furnir,fournir
notefier,
leisserent,
entreront,
entreroient,
parleroient,
appenserent,
traitement,
allerent,
rechurent,recevoir
guyerent,
arresté,
touteffois,
fausser,
celli,
avisé,aviser
tardés,
jurastes,
vergongniés,
Chauderons,
Joffroys,
vuyderent,
Sgoromaly,
marechiaux,
prothoalogatora,
creantoit,
tendroient,
secret,
aviseroit,
sceür,
faute,faute
plevirent,plevir
Seignors,seigneur
natural,naturel
latins,latin
feussiés,
aviser,aviser
appercheuve,
certefie,
Sguromaly,
paisse,
empesche,
relevée,
despeschier,
commandera,
druguement,
cheez,chëoir
priés,
suy,
official,
expressement,
raurés,
beés,
engingnés,
deceüx,
Sguromailli,
favorables,
 .iij _M_,
Sguromailly,
fermes,ferme2
trovaissent,
recorderent,recorder1
chanselier,
voudront,
contrées,
protealogatora,
meisrne,
Hée,
herberges,héberge
lsle,
Flor,
conterrent,
hastast,
oiseux,
soudiers,
Plagi,
Calamy,
Lutra,
Vulge,
 .v _C_.,
meillorz,
soudoiers,
oyir,
leue,
Doux,
emblastes,
glotonye,
envoy,
receve,
commant,comment2
vuidiés,
desrouper,
chival,
clez,clef
recommandé,
Maingne,
illecques,illuec
florins,
palefroy,
recommandast,
osoit,oser
mesdisans,
acussassent,
blasmassent,
arrester,arrêter
paillier,
certefier,
emblés,
perfettement,
lancha,
sougre,
Annoée,
donnerés,
donrés,
subgiés,
proyere,
besoingnoit,
furnis,
appartenoient,
arrea,
souloit,souloir
adversité,
entreavint,
Jayme,
apaisier,
Fedrelic,
Rogiers,
Lurye,
reinnomée,
Fredelic,
Frendelic,
voudroye,
yroye,
comandement,commandement
tarrides,
arreé,
Mesine,
Clarance,
ille,elle1
Squio,
mastic,
Scio,
ylle,
ylles,
retour,
ancoys,
marcheant,marchëant
trairent,
commenchier,
asseuré,
Rogier,Roger
mies,
emporterent,emporter
esclaves,
messires,
dessoutte,
liquielz,
asseura,
descendissent,
pooyent,
dessendirent,
trayrent,
raffresscir,
estendues,
raffressir,
choisirent,
chevaleureusement,
adrecha,
voulerrent,
hurta,hurter
feleneusement,
dars,
pionnailly,
felonneusement,
deffroissiés,
avironné,
escriant,écrier
tuaissent,
deffendoit,
douçour,douceur
leissiés,
loyalx,
encombrier,
asseuroit,
desarmerent,desarmer
mantiaux,
escharlate,
quielx,
afublerent,afubler
pouppe,
 .iiij _XX_iiij.,
chevalereusement,
secorus,
maronniers,
departis,
varlés,
honneroit,
combatist,
confit,
saroye,
acoinctance,
congnoissent,
appellent,
ressamblés,
veÿsse,
repute,
assemblay,
mariés,
donnasse,
donroye,
voudroie,
baudour,
quiconques,quiconque
seusse,savoir1
lesquielz,
prenderoye,
enmenroye,
mouillier,
cortoisie,
deservent,
poestée,
vaillance,
loyaux,
frances,
deservy,
arbitrie,
eur,heur
vaincus,
conduyse,
ottroye,
tauxer,
couvine,
despendierres,
Bartholomé,
monnoée,
Desquelx,
donneray,
ramenbrance,remembrance
traÿ,
enclin,enclin1
 .iiij _M_.,
beer,
ordennées,
raffrecier,
amiral,
requerir,
parleroit,parler
encontra,encontre2
adrechassent,
seignorablement,
getées,
salus,salut
honneurs,
certainement,
reffrechement,
descendismes,
raffrechier,
deffendimes,
eumes,avoir1
prenimes,
portons,
nostres,notre
rompirent,
colpe,coupe
mandastes,
fraude,
tournassent,
saluaissent,
deïssent,
Calopotamy,
Touteffois,
descendy,
assirent,
umbre,ombre1
tourcois,
estendus,
excuser,
vosissent,vouloir
rober,rober
deffendu,défendre1
elongeassent,
confiant,
confermée,
combatant,combattre
raenchonner,
ordonné,
bourjois,
prestaissent,
paiement,paiement
 .viij _M_.,
recommande,
secoru,
despartisse,
léement,
raffrescement,
recoilli,
chambellan,
Messine,
Lorie,
Lorye,
prit,prendre
Rogyer,
Cherpegny,
chy,
entreavenist,
aversité,
contré,
Varvaine,
preaerie,
Livadi,
foires,
claime,
Panejours,
juyn,
auxquelz,
praerie,präerie
foyre,
Remy,
Ninice,
marciés,
Arracove,
sournom,
appellés,
Corcondille,
Girars,
corouça,
tronchon,
Corcondilo,
reputa,
genre,
Anino,
celariers,
felonnie,félonie
revangoit,
atraper,
Gyrart,
achiver,
seugre,
pourchasié,
Anyno,
Mavropapa,
acointtié,
seussent,
Lions,
corouchast,
randeroit,
traÿtour,
trayné,
traïtour,
Corcodille,
Anynox,
 i ,
Quelmo,
chassoit,
deduisoit,
attandant,
ray,
escielle,
lierrent,
fanos,
seignal,
donés,donner
portée,
petis,petit
rivel,
Beauveoir,
chastegnier,
ponant,
Spurte,
rabour,
Malomigny,
trebuc,
abatoit,
creneaux,
deffendoient,
cognissoient,
Condiny,
clost,clore
acordée,
labour,labeur
lanciers,
Spany,
Gisterne,
yevers,
entroit,entrer
maugré,
rechange,
Ainxi,
durée,
acouça,
vicaires,
I',
Benjamyn,
prothoficiers,
Lienard,
prothoficerie,
Vasylopule,
offices,
Anglibert,
nies,neveu
ponent,
Chastelnuef,
treuage,
Chastiaxnuef,
fermés,fermer
paioient,
yverna,
Beaveoir,
comenchié,
damoiselle,damoiselle
pourparlé,
seust,savoir1
serouges,
anchiens,
prisié,prisier
privés,
consentans,
conseillant,
herbergie,
liément,
joynes,
saroyent,
viellart,
Mehaute,
Mahaulte,
souegresse,
Yssabeau,
commenciez,
secrés,
prievés,
redouté,
vertus,
reffuser,
Alexandrie,
Ancona,
affliccions,
pelerinages,
carel,
arbalestre,
daufin,
Viane,
Mortel,
Pinerol,
Thurin,
Piémont,
destinées,
conjoint,
Monbel,
Humbers,
Miribel,
.lxx.,
pyé,
Ancone,
sceüe,
nouvel,nouveau
Liquelz,
reinommée,
recouvreroient,
acoustumés,
reverend,
entrent,
ligiée,
Savoie,
approprié,
thyrant,
richesses,
picars,
Vincent,
Marays,
principal,principal
entremetoit,
Ysabbeau,
justement,
prothoficiaire,
charga,
enrichis,
années,
redoubté,
privée,
Humbert,
Myribel,
orgueleusement,
yreusement,
pleigoit,
aÿra,
coroye,
anciseur,
deffendons,
amenrier,
couteau,
soys,
desveés,
vueille,vouloir
deffench,
monstre,
romperons,
mesproison,
conseillent,
raisonnable,
maintenés,
officier,
endoucyt,
pleigerye,
 .xx _M_.,
pleigerent,
Peragora,
liguel,
rendoient,
value,
 .vj _M_.,
accordés,
exercer,
chancelerie,
atisa,
emprunt,
escheances,
escheoir,
traitier,traiter
assenast,
Saete,
Rionde,
Aelison,
escheïrent,
deduys,
sejournerent,
festoié,
Nicriforo,
esclarchir,
entrevindrent,entrevenir
nyés,
Angels,
cuigna,
parfaite,parfait
age,âge
laissassent,
souffisans,
Angele,
convoitoient,
eschiever,
Vorgaires,
acroissement,
allassent,
attandissent,
messaige,message1
Veronne,
Giton,
antrée,
gouverneour,
maintenissent,
antrées,
anbedeux,
servis,service
Anthoine,
Flamenc,Flamenc
covenoient,
Vucomity,
Anthonyo,
neccessaires,
Fenary,
Janyne,
Fanary,
amenriance,
estimer,
 .iiij _XX_.,
.xiij.,treize
adoubés,
tramontains,
essourdir,
maraissaux,
emportoit,
Ainsi,ainsi
Vetrenice,
noviaux,
Joffroy,
Botiere,
Ais,Aix
baston,bâton
suegres,
certaneté,
harnas,
Vetrenyce,
Gravie,
attendu,
Elade,
Siderocastro,
avala,avaler
avalée,
Lutro,
avaine,avoine
belles,
fournyson,
repaisseroit,
aaisier,
Domaco,
dessous,
sommage,
muls,mul
baniers,
ployés,
cogneüx,
chevauçoit,
chevauçoient,
arréement,
duroit,durer1
Liquelx,
Franchois,Français
pongny,
baisa,baiser2
approchierent,
mengié,
esveillerent,
commança,
semblc,
 .ix _C_.,
Burguerie,
.xviij.,dix-huit
guioyent,
ygnorance,
entreprit,
chapitainerye,
bourguegnon,
Estiene,
Corbeille,
vicemareschaux,
sieuir,
Thalassino,
deveroyent,
sieuissent,
Tricalle,
Estagus,
Serquices,
ozeroit,
entroient,
exilleroient,
conseillie,
Serquiches,
despance,
proferte,
loerrent,
castel,château
prochaine,
coureur,
exillant,
toudis,
empereÿs,
Consta,
baptisié,
bastars,
patriarche,patriarche
grecque,
devenue,devenir
commere,
converser,converser
charnelement,
lombars,
archondes,
atous,
doms,
empereïs,
rennommée,
gentillesse,
bachelerie,
conjoÿr,
cortoises,courtois
empereÿrs,
honnorable,
guerroiaissent,
abandonnoient,
retournoient,
excusés,
ordinant,
Elayne,
Crievecuer,
aidie,
advoyers,
doutoit,douter
estudier,
colte,
veuillance,
voulentieux,
maudisant,
gcntilz,
Lignycina,
Micronades,
Jehanny,
chiefs,chef
souffreroyent,
destruit,détruire
reveller,
attendirent,
goulphe,
Zilliamary,
Nique,
profitable,profitable
Xerrecarintaine,
aisie,
sgure,
desloyal,
domagier,damagier
guier,
Exencaraintaine,
Eleyne,
approcerent,
cry,
murez,mourir
Andrichina,
murée,
tours,
chaux,
araine,
Gracien,
Boucere,
descombrer,
quarriaux,
arbalestés,
recevoit,
rettraitte,
Cordiny,
asseigier,
trabuc,
antrés,
essillant,
Cucoruno,
remanda,
seneffiant,
herement,
perdist,
perdus,
maudire,
chapitaineries,
soutill,
engignoux,
doutant,
gais,
desropant,
valées,
panserent,
Corcoreno,
donnoient,donner
adoubé,
adjourna,
vuydes,
tropiau,
desploiée,
Maures,
cheües,chëoir
Caf,
Celle,
ronchins,
vainqueroit,
Monpas,
pyonaille,
lanchiers,
choisir,
esbaudy,
revigoré,
cognurent,
clamoient,clamer
logerent,
oseroient,oser
gracier,
vrayement,
peneroient,
asseüré,assëurer
aseürance,
Georges,
Mycronas,
Macriane,
Zillianitades,
Papa,
Nicolopulli,
emparanté,
deignoient,
terrins,
quaut,
fandur,
revestu,
charnele,
moble,mobile
Flun,
saison,
suegre,
rebouta,
hardis,hardi
comtesse,
sentir,sentir
estrif,estrif
simonie,
flachoit,
endouchist,
empirast,
Marais,
aligua,
conquereur,
bers,baron
compagnie,
allegacion,
proposé,
contrast,
acompaignerent,
mesprins,
desprisoit,
abateroit,
endoucir,
apaisir,
mesprint,
aurions,
esmouvoir,
conseillierions,
empereurs,
isles,
tiennent,tenir
Regnaux,
amiables,amiable
lairoyent,
requerons,
reffraindre,
esmovés,
metteriés,
resgner,
entendy,
mesdisant,
largement,largement
Mathagriphon,
Charpeigny,
Nuefchastel,
commandeur,
entremissent,
manre,
frainderoit,
nulles,
eüx,
royaux,
rente,rente
truhandant,
royaumes,
provenchal,
Remondas,
guerreur,
Mauterrier,
Raimondas,
Bondice,
Coprena,
Coprinay,
estimerent,
 .xj _XX_.,
Cocomatiano,
despoté,
Caprena,
prochaines,
Salogora,
navire,navire
Rogo,
montaignette,
avironnée,
flun,
dessoubz,
desset,
enclot,
adjouxtent,
espez,
voyes,
logie,
chaine,
 .jjj _C_.,
assegure,
buissons,
endormirent,
nonne,nonne
estudioient,
sieuoient,
folement,follement
couvyne,
ociroient,
noyerent,
Blaquerne,
parfons,
villaiges,
demourers,
retraisissent,
Quello,
Macrioros,
Boidice,
ariere,arrière
passassent,passer1
deffendirent,
chargerent,
chargoient,
Lessyaire,
Guillerma,
Acchaÿs,
jones,jeune1
jalouse,jalos
rioter,
souffrire,
mirancollie,
douces,doux
juroit,
cognoissoit,
cessast,cesser
am,ambe
chasoit,
chevestre,
rompoit,
ralier,rallier
Elle,elle1
riotoit,
mirancolie,
rempransion,
jalousie,
celéement,
sceust,
Ysabeaux,
enant,
secretement,
aperchut,apercevoir
Roviate,
fusicien,
deduisant,
meissaiges,
effraée,
doubtoient,
cens,cens
abbeÿe,
Starne,
abbés,abbé
remande,remander
pourrons,
soubbit,
Nizie,
Bondonnize,
pourfitables,
Polifant,
marescalesse,
abandonnée,
Palessien,
aperceü,
delivrée,
monstrera,
encoulpée,
porterés,
jugeront,
congneü,
descoupée,
cherra,
amblée,
blasmat,
toutesfois,
courciés,
connestablesse,
chevalerye,
raemplis,
tesches,
appelloient,
jouster,
chendal,
coquilles,
semées,
liches,
commenchies,
joustoient,
jousta,
joutast,
jousteors,
jousteroit,
cotieroit,
farder,
touailles,
pelates,
deüt,
cotir,
reputée,
simplement,
joustoit,
acompaigniez,
espargnier,espargnier
orguelleusement,orgueilleusement
luiterent,
espaulles,
archons,
diseur,
esquine,
cheant,
chilz,
doubtoit,
vesprée,
Bouchars,Bouchart
afaitie,
Navela,
jousterent,
recordence,
.ciiij.,
resureccion,
tressaint,
sepulcre,sépulcre
.cc iiij.,
Baulduyns,
conquete,
.cc lx.,
.xiiij.,quatorze
.cclxxvij.,
.cciiij  _XX_vj.,
mesire,messire
Andronigo,
.jj  _C_iiij_XX_xiiij.,
empeschiez,
.ij  _C_iiijXXxvij.,
.iij  _C_.,
espoux,
.iij  _C_ij.,
octobre,
Phelippes,
jung,
Crivecuer,
.iij  _C_iij.,
.ij_e_.,
.iij  _C_iiij.,
Pyémont,
Lombardye,
.iiij_e_.,
.iij  _C_vj.,
septieme,
.iij  _C_vij.,
.viij_e_.,
Breyne,
Castelens,
Aramiro,
.iij  _C_x.,
.ix_e_.,
Katerine,Catherine
.iij  _C_xij.,
.xij_e_.,
Borgogne,Burgonde
Mehault,
.xxx_e_.,
marescheau,
.iij  _C_xiij.,
.xiij_e_.,
dan,Damnedeu
Ferans,
Maillorgue,
chasteaux,
.iij  _C_xiiij.,
.xiiij_e_.,
Borgoigne,Bourgogne
da,
Ferrant,
Manoillade,
coupé,
.jj_e_.,
.iij  _C_xvj.,
Gravine,
.iij  _C_xix.,
.iij_e_.,
Nicolucho,
Sgoceco,
.iij  _C_xx.,
.ix_e_,
setembre,
mardy,
Nicoluchus,
Assaigni,
Bartholomié,
Poliphant,
traÿtor,
vendirent,
.iij  _C_xxxij.,
decembre,
daigna,
eschangierent,
duchyé,
Duras,
Guays,
Romane,
Escale,
Ch',ce1
Baltelt,Bathilde
roine,reine1
Beneois,bénir
Nostres,notre
voulroit,vouloir
cascuns,chacun
connissanche,connaissance
glorefiés,glorifier
coses,chose
fous,feu1
aempli,aemplir
Baltalt,Bathilde
onnor,honneur
Seigneur,seigneur
Cheste,cist
Sessoingne,Sassoingne
estraite,extraire
lignie,lignée
jonece,jeunesse
mescreans,mécréant
porveanche,pourvoyance
vendue,vendre
Erchenoalx,Erchinoald
chest,cist
mareschaus,maréchal
Franche,France
honnestement,honnêtement
honeste,honnête
conver,conversation
contenanche,contenance
humle,humble
simple,simple
nului,nul
presumptueuse,présomptueux
atemproit,attemprer
engien,engin
visaige,visage
chere,chère
atempree,attemprer
Erchenoalt,Erchinoald
meurs,mœurs
gentilx,gentil1
cascune,chacun
coucheroit,coucher
avenanment,avenamment
bouteilliere,bouteillère
che,ce1
mieus,mieux
compaignes,compagne
ainsnees,aîné
descauchoit,déchausser
terdoit,terdre
soulliers,soulier
pies,pied
recousoit,recoudre
reubes,robe
compaingnes,compagne
looit,louer1
monteplia,moulteplier
renommee,renommée
ke,que
Archenoalt,Erchinoald
Batelt,Bathilde
assamblee,assembler1
mariaige,mariage
virge,vierge
environnee,environner
esprit,esprit
aperceue,apercevoir
saigement,sagement
regarts,regard
siques,que
repust,repondre
angle,ange
couvri,couvrir
malvais,mauvais
drapiaus,drapeau
quidast,cuider
adont,adonc
esquivoit,esquiver
malvaises,mauvais
honnors,honneur
ensivoit,ensuivre
casteé,chasté
vaoit,vouer
jors,jour
esquiver,esquiver
espirituel,espirituel
espous,époux
porveance,pourvoyance
parfin,parfin1
touquie,toucher
roiaus,royal
lignaiges,lignage
Clodoveu,Clovis
Dagoubert,Dagobert
humilités,humilité
essauchie,exhausser
monteploia,moulteplier
obeissoit,obéir
prinches,prince1
norriche,nourrice
moines,moine
chiaus,cil
souvenoit,souvenir1
chou,ce1
soustenoit,soutenir
veves,veuve
orphenins,orphelin
mehaigniés,mehaigner
retenoit,retenir
porfitables,profitable
consaus,conseil
cascun,chacun
enseignoit,enseigner
oeuvres,oeuvre
prieres,prière
seculer,séculier
habit,habit
apercheue,apercevoir
parfaire,parfaire
concheu,concevoir
Genesius,Genès
adesseement,adesséement
chel,cil
aumosnes,aumône
nonnains,nonnain
emsamle,ensemble
pelerinaige,pèlerinage
chele,cil
tormentés,tourmenter
secree,secret
Tres,très
Salemons,Salomon
espeus,époux
aaise,aise
souffraite,souffrète
piecha,piéça
pensiu,pensif
tormenté,tourmenter
descouvrés,découvrir
saichiés,savoir1
chertainnement,certainement
apeticherai,apetisser
ajousterai,ajouter
cose,chose
goie,joie
descouvri,découvrir
proposement,proposement
tendi,tendre2
Biaus,bel1
beneois,bénir
deguerpissiés,déguerpir
otriés,octroyer
parseverance,persévérance
otroiés,octroyer
parfaiche,parfaire
conceu,concevoir
ches,ce2
assamler,assembler1
roiaumes,royaume
gardés,garder
gouvernés,gouverner
resgarderent,regarder
frailleté,freleté1
umainne,humain
douterent,douter
vinrrent,venir
douchement,doucement
coronnast,couronner
meust,mouvoir
desirré,desirrer
sen,son4
retorna,retorner
geuner,jeûner
fix,fils
regna,régner
ainssi,ainsi
pieche,pièce
prosperité,prospérité1
prosperités,prospérité1
durt,durer1
tristreche,tristesse
entremelle,entremêler
Ainssint,ainsi
anchien,ancien
cai,choir
deguerpi,déguerpir
amonnesta,admonester
pramist,promettre
assidueus,assiduel
estableté,estableté
Clodovius,Clovis
aemplir,aemplir
evangille,évangile
Chil,cil
deciples,disciple1
temporel,temporel
promission,promission
sepulchre,sépulcre
devotion,dévotion
servige,service
proece,prouesse
remembra,remembrer
porpensoit,pourpenser
remanrroit,remanoir
illuec,illuec
riroit,rire1
parcontee,parconter
torblés,troubler
cambre,chambre
commencha,commencer
plourer,pleurer
mesaise,mésaise
penssa,penser
raloit,raller
refrener,réfréner
issus,issir
repairier,repairer
oirres,hoir
cuidassent,cuider
malvaistie,mauvaiseté
haus,haut
avenus,advenir
emsamble,ensemble
retornast,retorner
desconfort,desconforter
malices,malice
montepliast,moulteplier
pourcaichassent,pourchasser
enseigniés,enseigner
amonnestés,admonester
visita,visiter
lius,lieu1
saintefiés,saintefier
umanité,humanité
enriki,enrichir
Renommee,renommée
nouvele,nouvelle
keurent,courir
porpenserent,pourpenser
crieroient,crier
merchi,merci
deffenderoient,défendre1
Consaus,conseil
eslurent,élire
emprisent,emprendre1
deale,diable
assamblerent,assembler1
peurent,pouvoir2
garnirent,garnir
cités,cité
castiaus,château
iax,eux
forche,force
assamblé,assembler1
porprisent,pourprendre
quidoient,cuider
roialme,royaume
oies,ouïr
vraies,vrai
nouveles,nouvelle
nommeement,nommément
messaigers,messager
creaules,créable
encarkié,encharger
corechiés,courroucer
conseilleroient,conseiller2
sousmis,soumettre1
disent,dire1
consel,conseil
meist,mettre
defaut,défaillir
esperanche,espérance
consseil,conseil
crei,croire
recouverroit,recouvrer
poissanche,puissance
fianche,fiance
samblast,sembler1
voussist,vouloir
beuban,boban
debonairement,débonnairement
repentissent,repentir
recheussent,recevoir
rechevoir,recevoir
peeur,peur
mesprent,méprendre
ch',ce1
vielt,vouloir
repentir,repentir
messaiger,messager
enfens,enfant
serpens,serpent
estoupe,étouper
oreilles,oreille
keue,queue1
encanterres,enchanteur
encanter,enchanter
estouperent,étouper
remanderoient,remander
volrent,vouloir
ramentevoir,ramentevoir
r',re-
desesperé,désespérer
seut,savoir1
iaus,eux
chelassent,celer
honnir,honnir
concorde,concorde
Ainssi,ainsi
samble,sembler1
mesmes,même
tos,tout2
donrra,donner
envair,envahir
certainnement,certainement
verrés,voir1
gregnor,graindre
Seignour,seigneur
combatra,combattre
saignerent,signer
salveor,sauveur
Endedens,endedens
secoureust,secourir
priast,prier
jugast,juger
jugemens,jugement
atemprés,attemprer
Che,ce1
obeist,obéir
oirent,ouïr
humles,humble
vertueusement,vertueusement
nient,néant
nombraule,nombrable
debrisié,débriser
fuirent,fuir
caissent,casser
loiens,lien
andoi,ambedeux
loié,lier
rendoit,rendre
chités,cité
entrefirent,entrefaire
ouvré,oeuvrer
escripture,écriture
jugiés,juger
donroient,donner
segneur,seigneur
desirrans,désirer
assambler,assembler1
ensamble,ensemble
Comment,comment2
metrons,mettre
dampnerons,damner
meesmes,même
avigne,advenir
Salve,sauf
presumption,présomption
morteus,morteux
couvient,convenir
fourfait,forfaire
espanisse,espenir
painnes,peine
cheles,celui
wel,vouloir
castient,châtier
griement,grièvement
voulrent,vouloir
hyretaige,héritage
vretu,vertu
garés,jarret
voiant,voir1
veues,voir1
endurchis,endurcir
doutés,douter
soustinrrent,soutenir
ocheissent,occire
humlement,humblement
abandonnerent,abandonner
createur,créateur
vegilles,vigile
astinence,abstinence
resgardoit,regarder
levoient,lever
fouleure,foulure
enduerrions,enduer
ostissiens,ôter
veissiens,voir1
debonnaireté,débonnaireté
natu,naturel
Israel,Israël
racaté,racheter
dous,deux
confortés,conforter
demorra,demeurer
mousterra,montrer
vourra,vouloir
faichons,faire
assiduelx,assiduel
demoustrast,démontrer
fesissent,faire
cheste,cist
Comme,comme
sapienche,sapience
nombres,nombre
desmesurés,démesuré
orguex,orgueil
vo,votre
mués,muer
souvrain,souverain
Saichiés,savoir1
Esjoissiés,éjouir
justes,juste1
pecheours,pécheur
humelierent,humilier
pardonnast,pardonner
iex,œil
acraventerres,acravanteur
essauchierres,exhausseur
alegemens,allégement
creans,croyant
loiaus,loyal
espuisable,épuisable
resgarder,regarder
siecles,siècle
creons,croire
delivrement,délivrement2
cruele,cruel
chars,chair
esjoissiés,éjouir
vieut,vouloir
humeles,humble
afolés,affoler2
enfer,enfer
apercheu,apercevoir
corouchié,courroucer
soustraississent,soustraire
esgars,égard
conseillast,conseiller2
pekiés,péché
repentanche,repentance
loable,louable
Cris,Christ
merchis,merci
courous,courroux
abandonnés,abandonner
saurons,savoir1
alpha,alpha
w,oméga
commenchement,commencement
parfache,parfaire
obeissons,obéir
esgardés,égarder
creator,créateur
pourveans,pourvoir
lieus,lieu1
habitation,habitation
dout,douter
porveu,pourvoir
fachons,faire
Sainne,sain
vesteure,vêture
serjant,sergent1
servira,servir
plaisirs,plaisir
revenrra,revenir
chelui,celui
prophete,prophète
Oeuvre,ouvrir1
emplirai,emplir
Toute,tout2
sapience,sapience
ordennes,ordonner
porfit,profit
devisee,deviser
appareillie,appareiller1
deurent,devoir2
verités,vérité
iaue,eau
compaingnie,compagnie
assamlé,assembler1
douter,douter
deguerpissent,déguerpir
obeissoient,obéir
evangile,évangile
deguerpist,déguerpir
desciples,disciple1
deguerpirent,déguerpir
jovencel,jouvenceau
avirons,aviron1
conduisist,conduire
Normendie,Normandie
avironnés,avironner2
forés,forêt
Geme,Geme
manoit,manoir2
Phylebers,Philibert
ruille,règle
habitoit,habiter
sauvaige,sauvage
aprochiés,approcher
aperceu,apercevoir
arrestee,arrêter
terrien,terrien1
gouverneeur,gouverneur
lignaige,lignage
Adont,adonc
salués,saluer
oqoison,ochaison
affoleure,affolure
porqoi,pourquoi
religieuse,religieux
descouvrerent,découvrir
enquises,enquérir
abitation,habitation
prinche,prince1
apostres,apostle
esleechié,esliesser
doutent,douter
obeirent,obéir
vraie,vrai
soués,souef
devantdit,devantdire
raconta,raconter
volentieue,volentieux
emprise,emprendre1
cueurs,cœur
metés,mettre
voes,vœu
laissiés,laisser
perir,périr
desistes,dire1
boneuré,bonheuré
esperit,esprit
regnes,règne
chiex,ciel
waires,guère
edefier,édifier
multitude,multitude
enrikirent,enrichir
rentes,rente
loenge,louange
forjugié,forjuger
revinrent,revenir
glorefiant,glorifier
parsevererent,persévérer
propos,propos
dusc',jusque
trespasserent,trespasser
trespassast,trépasser
engenrra,engendrer
apelés,appeler
Clotaires,Clotaire
Childeric,Childéric
Theoderic,Théodoric
humaine,humain
dieseptime,dix-septième
recheus,recevoir
nomeement,nommément
Chrodobert,Chrodobert
Audoen,Ouen
Roem,Rouen
Evroïn,Ebroïn
pourcach,pourchas
Austraise,Austrasie
Clotaire,Clotaire
rechus,recevoir
Borgegnon,Burgundes
entregueroioient,entreguerroyer
mortelment,mortellement
acordees,accorder
enlaidie,enlaidir
soulleure,souillure
yresie,hérésie
acatoit,acheter
desloiautés,déloyauté
abatue,abattre1
atirement,attirement
communement,communément
religions,religion
usaige,usage
coraiges,courage
desirrex,désireux
qe,que
fondoit,fonder1
estora,estorer
abeie,abbaye
Chiele,Chelles
avironnee,avironner2
anuiast,ennuyer
chiax,celui
lirroient,lire1
gouvernent,gouverner
chartre,chartre
seelee,sceller
seaus,sceau
lequele,lequel
desfendi,défendre1
conjura,conjurer
trinité,trinité
tranlable,tremblable
ju,jugement
soustenanche,soutenance
manoient,manoir2
Judas,Judas
traitor,traître
querroit,querre
aumaires,armoire
abeesse,abbesse
Chele,cil
Berte,Berte
porcacha,pourchasser
Guerre,guerre
escrit,écrit
proposent,proposer
ramentevrai,ramentevoir
Amiens,Amiens
Godefrois,Godfrois
Lymoges,Limoges
fondee,fonder2
duerra,durer1
Courbuel,Courbuel
rice,riche
chainture,ceinture
chainte,ceindre
aumosne,aumône
donneur,donneur
escroissoit,escroistre
pretieuse,précieux
margerite,marguerite
rikeces,richesse
terriennes,terrien1
oublia,oublier
Fontenele,Fontenele
virges,vierge
Vile,ville
Nueve,neuf1
Vermendois,Vermandois
Fare,Fare
aveques,avec
religieuses,religieuse
soffiroie,suffire
amonestoit,admonester
mesissent,mettre
desous,dessous
castement,chastement
contrainssissent,contraindre
establis,établir
doutassent,douter
obeissent,obéir
confremer,confermer
privileges,privilège
ramenteverai,ramentevoir
jou,je
qoi,quoi
vendist,vendre
caitif,chétif
racata,racheter
religieusement,religieusement
blandiant,blandir1
amonnestemens,admonestement
apresure,apprésure
sousmetre,soumettre1
souef,souef
parchonniere,parçonnier
angeles,ange
Daniel,Daniel
ensegnemens,enseignement
justiche,justice
enseignent,enseigner
resplendiront,resplendir
pardurables,perdurable
saintisme,saintisme
renclus,renclos
croissoit,croître
abit,habit
devantdite,devantdire
primerain,premerain
retinrent,retenir
soustenus,soutenir
conversation,conversation
souffert,souffrir
Sigebrans,Sigobrand
ochisent,occire
contrecuer,contrecoeur2
otrierent,octroyer
vourrent,vouloir
damaige,dommage
entention,entention
ombre,ombre1
norries,nourrir
avanchies,avancer
percheue,percevoir
reporcacha,repourchasser
serours,soeur
essample,exemple
sereurs,soeur
quisine,cuisine
neteez,netee
nioit,nier2
cambres,chambre
privees,privé
ordures,ordure
cheli,celui
quidier,cuider
abandonnast,abandonner
plenniere,plénier
mellees,mêler
abandonnees,abandonner
carité,charité
doloit,doloir
esjoissoit,éjouir
joissans,jouir
prendoit,prendre
visitoit,visiter
devins,devin
enseignemens,enseignement
faloit,faillir
abeiesse,abbesse
entramoient,entraimer
establissement,établissement
apostre,apostle
maladiue,maladif
languir,languir
trenqoisons,tranchaison
yleos,yleos
tormentee,tourmenter
fisiciens,physicien
dolour,douleur
terriens,terrien1
celestiel,célestiel
miere,mère
tribulation,tribulation
estude,étude
amonnestoit,admonester
soustenue,soutenir
pardist,perdre
recheue,recevoir
Bone,bon
porfitable,profitable
tesmoignés,témoigner
cex,cil
hostes,hôte
venrroient,venir
honorast,honorer
Chou,ce1
fesistes,faire
abbeesse,abbesse
obei,obéir
amonestemens,admonestement
ramembranche,remembrance
aprochie,approcher
avision,avision
couvenable,convenable
eskiele,échelle
drechie,dresser
hauteche,hautesse
conduisoient,conduire
demoustree,démontrer
escaillons,échaillon
senefianche,signifiance
chieus,ciel
welent,vouloir
tierche,tiers
science,science
q',que
laist,laisser
sisime,sixième
entendemens,entendement
septime,septième
sente,sentir
saveur,saveur
moustree,montrer
conduite,conduire
escaillon,échaillon
fikié,ficher
esveillie,éveiller
recordee,recorder1
trespasseroit,trépasser
prochainnement,prochainement
descovrissent,découvrir
tristres,triste
penitances,pénitence
samlant,semblant1
assouagie,assouager
parfais,parfaire
esdrecha,esdresser
criatour,créateur
recheust,recevoir
agais,aguet
decevemens,décèvement
orison,oraison
enterer,enterrer
enfoir,enfouir
saigna,signer
Baltelx,Bathilde
euree,heuré
rechute,recevoir
clartés,clarté
veissent,voir1
Genesiunz,Genès
aumosniers,aumônier
parduraule,perdurable
faurra,faillir
corporelment,corporellement
celerent,celer
descouvrir,découvrir
receue,recevoir
acoururent,accourir
pleurs,pleur
tormentees,tourmenter
esperitel,espirital
nourriche,nourrice
coucherent,coucher
gemissemens,gémissement
serviges,service
obit,obit
Crois,Croix
enfoirent,enfouir
voust,vouloir
demoustrer,démontrer
pourcachie,pourchasser
umelité,humilité
debonaireté,débonnaireté
quilconques,quelconque
vretus,vertu
souffisse,suffire
Leudegangus,Leudegandus
familiers,familier
tormenta,tourmenter
cruelment,cruellement
mordoit,mordre
touchier,toucher
vallés,valet1
Segneur,seigneur
compaingnons,compagnon
conjoi,conjouir
amisté,amitié
mordre,mordre
forsenerie,forcenerie
roines,reine
Grohelx,Grohelx
nieche,nièce
Gondebalt,Gondebaud
amonesta,admonester
ensegna,enseigner
Rains,Reims
Remis,Rémi
Genevieve,Geneviève
Gorge,Georges
plenté,plenté
Estevene,Etienne
martyr,martyr
Childebert,Childebert
abandonnee,abandonner
norrissoit,nourrir
mesaaisiez,mésaisé
Raegons,Radegonde
relegions,religion
ramenteue,ramentevoir
nombraules,nombrable
ramenteu,ramentevoir
nomees,nommer
oimes,ouïr
veismes,voir1
perfection,perfection
diale,diable
ensivir,ensuivir
commandemenz,commandement
feni,finir
entiere,entier
kalende,calende
ovec,avec
regnera,régner
pardurablement,perdurablement
rechoive,recevoir
defalant,défaillant
cumencet,commencer
cançun,chanson
spiritel,spirituel
raisun,raison
iceol,cil
barun,baron
Eufemïen,Eufemien
sum,son3
boneürét,bonheuré
avum,avoir1
canter,chanter
divine,divin
volentét,volonté
desirrables,désirable
icel,cil
sul,seul
angendrat,engendrer
naisance,naissance
ço,ce1
emfes,enfant
methime,même
amét,aimer
certét,certeté
nurrit,nourrir
sue,suer1
juvente,jouvente
amistét,amitié
surerain,souverain
pietét,piété
spuse,épouse
juvene,jeune
cumandat,commander
spus,époux
veritét,vérité
ki,qui1
faitur,faiteur
trinitiét,trinité
Icesta,cist
istorie,histoire
suverain,souverain
consulaciun,consolation
memorie,mémoire
quels,quel
vivent,vivre
purement,purement
sulunc,selon
castethét,chasté
dignement,dignement
delitent,déliter
goies,joie
virginels,virginal
Katherine,Catherine
comman,commencer
ro,roman
beneu,bienheuré
vierge,vierge
ententis,ententif
romanz,roman
lestre,lettre
oient,ouïr
entendent,entendre
amendent,amender
touz,tout2
plesir,plaisir
voeil,vouloir
ainçoiz,ainçois
bourjoise,bourgeois
humble,humble
Severins,Sévère
deléz,delez
Nenterre,Nanterre
renom,renom
chaust,chaloir1
conquiert,conquerre
lingnage,lignage
ausint,aussi
Leur,leur2
eulz,oeil
afermer,afferme1
follie,folie1
mauvesse,mauvais
Germains,Germain
Leus,Leus
Arriens,Arrien
einçoiz,ainçois
fesoient,faire
peuples,peuple1
desloiaus,déloyal
apaiéz,apayer
Damedieu,Damedieu
afermoient,affermer1
regeneréz,régénérer
II,deux
engendréz,engendrer
noienz,néant
soufri,souffrir
travax,travail1
lavéz,laver
ailleurs,ailleurs
semoient,semer
mençonges,mensonge
voldrent,vouloir
convertiz,convertir
coureust,courir
viennent,venir
fesoit,faire
euls,eux
gracieulz,gracieux
mansion,mansion
joenne,jeune1
seingnacle,signacle
damptéz,dompter
eleesciéz,esliesser
isnellement,isnellement
Germain,Germain
bese,baiser2
courage,courage
moustré,montrer
oeuvre,oeuvre
beneuree,bienheuré
ensuz,ensus
celéz,celer
cachiéz,cacher
mentirai,mentir
hons,homme
ceulz,celui
Voirement,voirement
donnee,donner
donnons,donner
porteure,porture
engendreure,engendrure
avéz,avoir1
Sachiéz,savoir1
ange,angele
ciex,cieu
plost,plaire
enbelli,embellir
sachiéz,savoir1
confonduz,confondre
estanchera,étancher
pechaor,pécheur
rendra,rendre
creatour,créateur
seme,semer1
monteploit,moulteplier
engendré,engendrer
engendree,engendrer
devéz,devoir2
resjoir,réjouir
avilloit,avilir
soulieve,soulever
vouléz,vouloir
sacree,sacrer
estancelle,étincelle
Soies,être1
seure,sûr
acheveras,achever
penseras,penser
iglyse,église
Illuec,illuec
beneiçon,bénéisson
hostex,hôtel1
senblant,semblant1
Aléz,aller
menéz,mener
lessiéz,laisser
revenéz,revenir
ramenee,ramener
sainteé,saintée
descouverte,découvrir
seue,sien
debonneirement,débonnairement
reson,raison
aviéz,avoir1
premetiéz,promettre
ahora,adorer
liéz,lié
piéz,pied
Tenéz,tenir
joing,joindre
gardéz,garder
portéz,porter1
améz,aimer
aiéz,avoir1
percier,percer
pendéz,pendre
Améz,aimer
tenéz,tenir
Gardéz,garder
jourz,jour
fermanz,fermer
afichiéz,afficher
soiéz,être1
souviengne,souvenir1
oubliéz,oublier
commandéz,commander
deseur,dessure
pechiéz,péché
lairai,laisser
yglyse,église
meson,maison
maux,mal1
aviengne,advenir
reviengne,revenir
yglise,église
endementre,endementres
he,avoir1
garderoiz,garder
desplust,déplaire
soupira,soupirer
chasteé,chasté
enseingna,enseigner
corrouciee,courroucer
corrouz,courroux
enflambee,enflamber
mautalent,maltalent
venjance,vengeance
pardi,perdre
goute,goutte1
XXI,vingt-et-un
souvint,souvenir1
esjoirent,éjouir
nativité,nativité
damoisele,damoiselle
aléz,aller
aportéz,apporter
bontéz,bonté
demourance,demeurance
courent,courir
menton,menton
dolente,dolent
nuise,nuire
puisa,puiser
vessel,vaisseau
empli,emplir
Saigne,signer
seingneur,seigneur
governer,gouverner
espouz,époux
seingniee,signer
lava,laver
III,trois
penitence,pénitence
enluminee,enluminer
louenges,louange
Seingneur,seigneur
chiéz,chez
vanitéz,vanité
departiroit,départir
demorast,demorer
pourrissent,pourrir
compaingne,compagne
acompaingna,accompagner
pucelles,pucelle
Sains,saint
maintiennent,maintenir
Chartres,Chartres
veulent,vouloir
sacrees,sacrer
beneoites,bénir
Viliques,*Viliques
sacrer,sacrer
relygion,religion
ennee,aîné
pouoit,pouvoir2
ancelle,ancelle1
mainnee,maisnie
arestéz,arrêter
ennoura,honorer
entreprierent,entreprier
doucemant,doucement
souvenist,souvenir1
tolli,tolir
moururent,mourir
orpheline,orpheline
glorieus,glorïos
afoibloia,affaibloyer
plaissoit,plaire
effors,effort1
apeléz,appeler
pallazin,palasin1
destraingnoit,destreindre
membrez,membre
ostrooit,octroyer
asséz,assez
fuilz,fils
veraiement,vraiment
chastoie,chastoyer
chastoier,chastoyer
bati,battre
chastoia,chastoyer
recouvree,recouvrer
couvint,convenir
Einsint,ainsi
seufrent,souffrir
dampnéz,damner
Leurs,leur2
meriz,mérir
concience,conscience
Valentins,Valentin
Theodosie,Théodose
cointement,cointement
ceuls,celui
responnent,répondre
dions,dire1
apareilliéz,appareiller1
abessier,abaisser
haucier,hausser
mendre,moindre
metoient,mettre
Escripture,écriture
Endementiers,endementiers
raconté,raconter
Commant,comment2
vouloie,vouloir
passates,passer1
plourant,pleurer
commencemant,commencement
ieulz,oeil
couranz,courir
ariva,arriver
Nentuerre,Nanterre
apparissanz,apparissant
guaranz,garant
eglyse,église
iluecques,illuec
Arcles,Attila
effraéz,effrayer
redoute,redouter
mauveses,mauvais
citéz,cité
paor,peur
Arcle,Attila
enciennes,ancien
escoutéz,écouter
seingneurs,seigneur
guarentir,garantir
Efforciéz,efforcer2
jeuner,jeûner
mesagiers,messager
usure,usure1
Soiéz,être1
afflictions,affliction
deffende,défendre1
meste,mettre
henneurs,honneur
amonestees,admonester
Seingneurs,seigneur
guerpissiéz,guerpir
Remanéz,remanoir
auroiz,avoir1
metéz,mettre
fermetéz,fermeté
tourz,tour1
confondra,confondre
serois,être1
conquiz,conquérir
David,David
enclos,enclore
veillent,veiller
fauxe,faux2
propheite,prophétie
Touz,tout2
auna,aüner
prennent,prendre
esgardé,égarder
tourmentee,tourmenter
lapidee,lapider
droit',droit2
Aucerroiz,Auxerrois
arcediacre,archidiacre
néz,naître
Auceurre,Auxerrre
louéz,louer1
alieve,alever
destraindre,destreindre
tent,tendre2
aprent,apprendre
ensaingne,enseigner
semonnent,semondre
plainnement,pleinement
dampner,damner
Criéz,crier
fuiéz,fuir
conduiz,conduit
destruise,détruire
Destornéz,détourner
truist,trouver
vouliéz,vouloir
corroucier,courroucer
empirier,empirer
desloialté,déloyauté
sirez,sire
esleue,élire
crueux,crueux
eslevéz,élever
doutéz,douter
lessiees,laisser
foles,fou1
pensees,pensée1
repentirent,repentir
meffez,méfait
reconnurent,reconnaître
pourchacierent,pourchasser
deffent,défendre1
garenti,garantir
arcediacres,archidiacre
plesanz,plaisant
compains,compagnon
Aigniens,Aignan
estainz,éteindre
Orliens,Orléans
deffist,défaire
cruieux,crueux
armeure,armure
fermemant,fermement1
desgarniz,dégarnir
despeciee,dépecer
pouoir,pouvoir1
seult,souloir
aseur,assûr
confundue,confondre
tourmenta,tourmenter
crucefioit,crucifier
menbres,membre
mengoit,manger
mescredi,mercredi
conrois,conroi
confondoit,confondre
matoit,mater1
mangoit,manger
pestri,pétrir
lesive,lessive
feves,fève
baiennes,baien
cuisoit,cuire
duroient,durer1
semainnes,semaine
afoibli,affaiblir
soume,somme2
afobloiéz,affaibloyer
proions,prier
puissiéz,pouvoir2
Mangiéz,manger
joir,jouir
encloz,enclore
creéz,croire
compere,comparer2
euvangile,évangile
ceuz,celui
poisonz,poisson
menuz,menu
souspiroit,soupirer
plouroit,pleurer
afloibloiant,affaibloyer
nete,net
beneist,bénir
net,ne2
Aymes,Hermas
XII,douze
veritéz,vérité
Jerusalem,Jérusalem
nommerai,nommer
prumiere,premier1
amistiéz,amitié
innocence,innocence
charitéz,charité
simplesce,simplesse
decepline,discipline
afine,affiner2
anonçoient,annoncer
Polz,Paul
Athaines,Athènes
cruautéz,cruauté
chaloir,chaloir1
decolléz,décoller1
receuz,recevoir
escienteuz,esciencieux
illuecques,illuec
Climant,Clément
joieusemant,joyeusement
apostoile,apostole
chaere,chaire
moureust,mourir
apostoiles,apostole
emploia,employer
occiz,occire
martirié,martyrer
preeschoient,prêcher
reveil,revouloir
emprés,emprès
commencera,commencer
parfera,parfaire
Eleutiere,Eleuthère
Rustique,Rustique
comencier,commencer
aidiéz,aider
enseingnié,enseigner
faingne,feindre
planteureusement,plantureusement
racontéz,raconter
erranment,erramment
arrestéz,arrêter
porchiers,porcher
avantier,avant-hier
pourciax,pourceau
four,four
apareiliee,appareiller1
assenblee,accombler1
cheoist,choir
vens,vent
desouz,dessous
racines,racine
merveilleusement,merveilleusement
pastorel,pastoureau
pastourel,pastoureau
fosses,fosse
pastouriax,pastoureau
porchier,porcher
entendue,entendre
loua,louer1
ahoura,aorer
ploura,pleurer
encommencier,encommencer
travaillié,travailler
Genevisi,Genès
beneuréz,bienheuré
hennouréz,honorer
ainsint,ainsi
poissanz,puissant
fours,four
commence,commencer
resjoi,réjouir
efface,effacer
Genesis,Genès
aidassent,aider
commenciee,commencer
dolerent,doler
malbaillis,maubaillir
Moustréz,montrer
seulent,souloir
moustra,montrer
treissent,traire
remanoir,remanoir
envoiera,envoyer
esloingnié,éloigner
genoulz,genou1
faudra,falir
couple,coupe1
euvre,œuvre
abessa,abaisser
descrut,décroître
resjoirent,réjouir
consommee,consommer
venta,venter
coc,coq1
chanté,chanter
diemanche,dimanche
destaint,déteindre1
plaingnoit,plaindre
bailliéz,bailler1
baillierent,bailler1
ardi,ardre
Gloire,gloire
louenge,louange
henneur,honneur
guerredonne,guerdonner
ahorer,aorer
louerent,louer1
courant,courir
enfermetéz,enfermeté1
buvoient,boire1
guarissoient,guérir
recevoient,recevoir
Mainz,maint
achoison,ochaison
courtois,courtois
pourchace,pourchasser
droitement,droitement
abitacle,habitacle
chaucemente,chaussemente
destourna,détourner
avivee,aviver
soulers,soulier
malement,malement
deceue,décevoir
ennui,enui
decevra,décevoir
preudefame,prudefemme
repenti,repentir
enblé,embler
meffaite,méfaire
remestes,remettre
atouchié,attoucher
singne,signe
larronnesse,larronnesse
Loon,Laon
preeschoit,prêcher
paralisie,paralyser
langeur,langueur
garissiéz,guérir
douceur,douceur
umilité,umelité
comble,comble2
touchiee,toucher
reçoit,recevoir
chaucier,chaucier1
besse,baisser
estanchiee,étancher
douleur,douleur
desloiautéz,déloyauté
Childeus,Childéric
deservie,desservir1
jugiéz,juger
pardre,perdre
Childeuz,Childéric
emprisonnéz,emprisonner
destournéz,détourner
pouist,pouvoir2
trestourner,trestourner
juques,jusque
desconfortoit,déconforter
moustrer,montrer
soufréz,souffrir
honnie,honnir
paienne,peine
savéz,savoir1
lesses,laisser
boute,bouter1
sermonné,sermonner
pardonné,pardonner
ainmoit,aimer
quité,quitter
Aoréz,aorer
Criz,Crist
Secille,Sicile
Symeon,Siméon
coustumiers,coutumier
deci,deci
demandast,demander
oubliast,oublier
parfaiz,parfait
sachent,savoir
entresoient,entrêtre
Ambroise,Ambroise
Melan,Milan
Seurins,Séverin
Egrepine,Cologne
eus,avoir1
counurent,connaître
chantee,chanter
confessor,confesseur
presentee,présenter
precieux,précieux
Martins,Martin
trespasséz,trépasser
matines,matines
abés,abbé
ordres,ordre
ensaingnement,enseignement
moinnes,moine1
commencemenz,commencement
compas,compas
mireours,miroir
escriptures,écriture
demoustra,démontrer
entreconurent,entreconnaître
ciaulle,ceaule
Celimeste,Céline
jouvencel,jouvenceau
guerpi,guerpir
changoiz,changer
Donnéz,donner
hennours,honneur
atent,attendre1
Miauz,Meaux
chaciees,chasser
aconseues,aconcevoir2
lesir,loisir1
arrestees,arrêter
assemblees,assembler1
entréz,entrer
ouvri,ouvrir1
desfermast,desfermer
ferues,férir1
corrouciéz,courroucer
brisa,brisier
redreça,redresser
essauça,exhaucer
Miax,Meaux
contraite,contraire2
estandi,étendre1
novelement,nouvellement
haust,haut
joustice,justicier2
enpiriéz,empirer
ententif,ententif
enpaint,empeindre
brait,brait
jamés,jamais
orra,öir
greingneurs,graindre
descire,déchirer
cheveux,cheveu
assemblent,assembler1
geta,jeter
cris,cri
piteus,pitos
engoisseuz,angoisseux
Precieuse,précieux
auré,avoir1
atrait,attraire1
horer,orer
fenie,finir
resuscité,ressusciter
amees,aimer
anmor,amour1
remise,remettre
alors,alors
quaresme,carême
jeunoit,jeûner
prinseingnié,présigner
crestienné,chrétienner
enoint,enoindre
Celonniers,*Celonniers
baptiziéz,baptiser
avers,avers2
contreste,contrait
duqu',jusque
hauçoit,hausser
maaingne,mener
atouche,attoucher
saingne,signer
nercie,nercir
guerie,guérir
aeure,aorer
forsenéz,forcené
amenéz,amener
pouoient,pouvoir2
semonsisent,semondre
guarir,guérir
remeist,remanoir
devostement,dévotement
soustenoient,soutenir
umain,humain
images,image
aclina,acliner
ourer,orer
desvéz,desver
atouchoient,attoucher
Denise,Denis
deslier,délier
peussions,pouvoir2
icit,ici
veniéz,venir
ailliéz,aller
gardiéz,garder
bouchez,bouche1
Ainçoiz,ainçois
autresint,autressi
estiéz,être1
trestouz,trèstout
muéz,muet
fessel,faisceau
pavement,pavement
acoutee,accoter
commencierent,commencer
haide,aide1
veritables,véritable
martirz,martyr
chauscuns,chacun
concluz,conclure
saingniéz,signer
paours,peur
gueriz,guérir
delivréz,délivrer1
Thyfaine,tifaine
seson,saison
Typhainne,tifaine
juesdi,jeudi
apelons,appeler
asolu,absoudre
trahirent,trahir
gaaingnierent,gagner
resucita,ressusciter
habitacle,habitacle
Cienne,cène
folour,foleur
enquarroit,enquérir
apartement,apertement1
Einsintfaitement,sifaitement
destourne,détourner
voeille,vouloir
forfaite,forfaire
esmoiet,esmayer
desmesuree,démesurer
feussiéz,être1
decevance,décevance
aneur,honneur
maintient,maintenir
rendéz,rendre
viaire,viaire1
sité,cité
blé,blé
perie,périr
perisist,périr
trebuchast,trébucher
afferes,affaire
apartenoient,appartenir
nager,nager
arriverent,arriver
Arsise,Arcis
emplies,emplir
trovéz,trouver
arrestast,arrêter
enseingné,enseigner
perillier,périller
ostéz,ôter
notonniers,nautonier
apareillierent,appareiller1
apovreoit,apovrier
acoureus,accourir
arracherent,arracher
souzleverent,soulever
perz,pers
coulouré,colorer
doréz,dorer
puor,pueur
perirent,périr
pueur,pueur
atourna,atourner
deliteus,déliteux
souspira,soupirer
Ganevieve,Geneviève
Arsiz,Arcis
connoissoient,connaître
veingniéz,venir
venissiéz,venir
oil,oeil
umelia,humilier
consentist,consentir
louer,louer1
aperz,apert
nonnain,nonnain
Tours,Tours
changiéz,changer
vestemenz,vêtement
changié,changer
enlacement,enlacement
vestemanz,vêtement
deguerpesist,déguerpir
couvendroit,convenir
fouir,fuir
ort,ord
virgineté,virginité
violee,violer1
corronpue,corrompre
fausa,fausser
virginité,virginité
couvroit,couvrir
samblant,semblant1
gregneur,graindre
resonna,résonner
deboneirement,débonnairement
Suer,soeur
veuve,veuve
couvoite,convoiter
viola,violer1
avoutire,avoutire
desloialment,déloyalement
enfrainte,enfreindre
brisie,briser
pecherresse,pécheresse
couchia,coucher
meffiz,méfaire
anmoureuse,amoureux1
pardonne,pardonner
repantanz,repentir
repantance,repentance
ypocrites,hypocrite
couvoitent,convoiter
coumant,comment2
descouverz,découvrir
retraiz,retraire
foiblez,faible
douleurs,douleur
seuz,savoir1
hauça,hausser
seingniéz,signer
soudiacres,sous-diacre
fievre,fièvre
apressié,appresser
pouéz,pouvoir2
beue,boire1
Arci,Arcis
traveilloit,travailler
emplissoient,emplir
perissoient,périr
souspirs,soupir
Glorieus,glorieux
departéz,départir
sauvement,sauvement2
reméz,remettre
tourmente,tourmente
asouagiéz,assouager
nagié,nagier
notonnier,nautonier
einsint,ainsi
Besus,*Besus
afoibloiee,affaibloyer
Fuilz,fils
getéz,jeter
acouroient,accourir
mouroient,mourir
louee,louer1
repest,repaître
redoutoient,redouter
embloit,embler
trahoit,traire
treoit,traire
remuoient,remuer
chanberieres,chambrière
ahorerent,aorer
couvoitise,convoitise
daingna,daigner
monteplier,moulteplier
Couvoitise,convoitise
engingne,engigner
voisine,voisine
usuriers,usurier1
tourmenz,tourment
tourmentéz,tourmenter
oseront,oser
Geroimes,Jérôme
trou,trouver
deservir,desservir1
euvré,ouvrer2
troubles,trouble2
obscurs,obscur
monteploie,moulteplier
doubles,double
nouz,nœud
courpe,coulpe
mefféz,méfait
haine,haine
pitiéz,pitié
travailloit,travailler
despira,despire
membres,membrer
debrisa,débriser
esclarcir,éclaircir
baee,beer
soufloit,souffler
hours,ours
escume,écumer
desdeingna,dédaigner
hausa,hausser
seingnié,signer
ennouree,honorer
Loire,Loire
bouches,bouche1
guerir,guérir
morrons,mourir
matéz,mater1
descouvenue,déconvenue
couroit,courir
defroisiéz,défroisser
empiriee,empirer
coulor,couleur1
ennemi,ennemi
envieus,envieux
departiroiz,departir
esploiteroiz,exploiter
demouroiz,demeurer
ueil,œil
Issiéz,issir
istroiz,issir
ampoule,ampoule
huille,huile
foule,fouler
enpole,ampoule
encien,ancien
heritages,héritage
enchargié,encharger
enpolle,ampoule
achetai,acheter
Marcheanz,marchëant
souffla,souffler
honteulz,honteux
gaaingna,gagner
saingna,signer
uille,huile
achatee,acheter
soier,scier
bléz,blé
terrouer,terroir
Miaus,Meaux
soieurs,scieur
anuiz,ennui
secouriéz,secourir
vrai,vrai
abaise,abaisser
pleuve,pleuvoir
recueilliz,recueillir
oréz,oré2
tonna,tonner
souleil,soleil
raia,rayer2
destourbéz,détourber
saiéz,sayer1
Morechiers,*Morechiers
avogles,aveugle
clops,clop
sours,sourd
uile,ville
guariz,guérir
beneissant,bénir
esploiz,exploit
guerredonner,guerdonner
Damediex,Damedieu
racontoit,raconter
souffroient,souffrir
poine,peine
preudons,prudhomme
complaintes,complainte
vaingniéz,venir
vilainnement,vilainement
savonz,savoir1
guaries,guérir
priee,prier
toucha,toucher
touchiees,toucher
hennourer,honorer
Frarinne,*Frarine
Claudienne,Claude
mieuz,mieux
Frarine,*Frarine
tresparça,trespercer
benai,bénir
amenderent,amender
mesfaiz,méfait
Frumenin,*Frumenin
conneu,connaître
anor,onor
alejance,allégeance1
mehaingnié,mahaigner
contéz,conter
Yvulcres,Evurce
Mainte,maint
Banevant,Bénévent
seuls,seul
prumierement,premièrement
Icelui,cil
eslection,élection
pastour,pasteur
essauciéz,exhaucer
Ivultres,Evurce
muciéz,musser
seingnourie,seigneurie
Endementres,endementres
coulon,colombe
Yvultres,Evurce
agrea,agréer
demouree,demeurée
eveques,évêque
pastours,pasteur
plesoit,plaire
conjurer,conjurer
vilment,vilement
destruisoit,détruire
conmandoit,commander
conmandast,commander
Gens,gens
Seinne,Seine
plaisant,plaisant
hennieuse,ennuyeux
mast,mât
voeilles,vouloir
puisoient,puiser
angoisseuz,angoisseux
demoustrance,démontrance
apaisa,apaiser
forsenee,forcené
engoissoit,angoisser
garissoit,guérir
nepourquant,nonpourquant
vessiauz,vaisseau
monteploié,moulteplier
Iglise,eglise
conneue,connaître
destournee,détourner
demeurt,demeurer
deveure,dévorer
achevee,achever
teche,tache1
coronnee,couronner
angres,ange
couronne,couronne
pramise,promettre
sauroiz,savoir1
ensevelie,ensevelir
enterree,enterrer
muriax,mureau1
Parloer,parloir
Illec,illuec
plaiz,plaid
monz,mont
nommast,nommer
mençonge,mensonge
aida,aider
enfoie,enfouir
Quivres,*Quivres
espaumiz,espaumer
lieva,lever
haitiéz,haité
contraites,contrait
basties,bâtir
doulor,douleur
somis,soumettre1
Conmance,commencer
ouvraigne,ouvraigne
conme,comme
venge,venger
euvrent,œuvrer
lampe,lampe1
clerement,clairement
destaingnoit,déteindre1
huile,huile
garissoient,guérir
destaindre,déteindre1
tournee,tourner
Asséz,assez
pardue,perdre
Faciam,FACIA
tuam,TUUS
illumina,ILLUMINARE
donu,DOMINUS
domino,DOMINUS
super,super
servum,SERVUS
tuum,TUUS
cenefient,signifier
Enlumine,enluminer
traiz,traire
sepoulture,sépulture
acouta,accoter
creue,croire
Frelconis,*Frelconis
conmenciee,commencer
oïent,ouïr
deslié,délier
Trestouz,trèstout
Neis,neïs
françoiz,français
nenil,nenil
trenchié,trancher
lioit,lier
aouréz,aorer
abéz,abbé
Defurét,*Defurét
remaindréz,remanoir
avesques,avec
serviroiz,servir
movrai,movoir
ilecques,illuec
serviré,servir
amoreus,amoros
aourer,aorer
curoit,curer
delivroit,délivrer1
enfers,enfer
asseure,assurer
enluminé,enluminer
arragiéz,arager
enragié,enragé
vileste,villette
fiertre,fierte
Limegnis,Lumigny
empirié,empirer
empalie,empalir
poines,peine
charpisoit,charpir
gaaingneroit,gagner
chastioit,châtier
quer,cœur
ouvriere,ouvrière
viaires,viaire1
travailliee,travailler
Estanchiéz,étancher
prenéz,prendre
forfaiz,forfait
enclose,enclore
Ostéz,ôter
destresce,destrece
usmelie,humilier
ainma,aimer
eves,aigue
espandues,épandre
mesons,maison
moustiers,moutier1
porréz,pouvoir2
najant,nager
neste,net
avironna,avironner2
seiche,sec
batoient,battre
mesieres,maisière
mese,messe
hantee,hanter
auctorité,autorité
estee,être1
Reont,rond
conciderer,considérer
coviegne,convenir
grevéz,grever
Racon,*Racon
sesi,saisir
toutevoies,toutevoie
mainra,mener
soubite,subit
aquité,acquitter
enterrerent,enterrer
mauvessement,mauvaisement
erré,errer2
enporta,emporter
fesel,faisceau
repentanz,repentant
Norment,normand
conquerant,conquérant
gregneurs,graindre
enporterent,emporter
beneeoite,benoît
Normenz,normand
Arties,Athis
autiex,autel1
remua,remuer
mua,müer
alumast,allumer
Arcies,Athis
Deavel,Draveil
langors,langueur
toli,tolir
contret,contrait
Herberz,Hébert
dent,dent1
comparer,comparer2
aracha,arracher
traveilla,travailler
doulereus,douloureux
devenoit,devenir
muoit,muer
engoisseus,angoisseux
arrachiee,arracher
descharge,décharger
neu,nuire
senté,santé
chanoinnes,chanoine
crital,cristal
destainz,déteindre
enmee,aimer
eslevee,élever
ardoient,ardre
estaindrent,éteindre
creussent,croire
estéz,être1
tormentéz,tourmenter
crurent,croître
guerirent,guérir
confermerent,confermer
Ardanz,ardent
fesant,faire
guerison,guérison
oinsist,oindre
oinz,oindre
Normanz,normand
Dravel,Draveil
descenduz,descendre
contrait,contrait
aoura,aorer
vainquistes,vaincre
contraiz,contrait
levéz,lever
veil,vouloir
Poissi,Poissy
Orgaviax,Orgeval
loiax,loyal
occirre,occire
espardue,éperdu
sepulture,sépulture
repeira,repairer
resera,rêtre
Ainsint,ainsi
mouches,mouche1
endormiz,endormir
deceues,décevoir
ajorna,ajorner
chandelles,chandelle
alumee,allumer
gueri,guérir
Maresi,Marizy
Fouchiers,*Fouchiers
graciéz,gracier
beneesqui,bénesquir
renduz,rendre
Arbres,Arbres
moloit,moudre1
diemenche,dimanche
molle,meule
mosdre,moudre1
pardoit,perdre
laidist,laidir
caillié,cailler
contrefaiz,contrefait
liepreuz,lépreux
vosmi,vomir
Illuecques,illuec
Amide,*Amide
doleur,douleur
megre,maigre
ramenerent,ramener
dementoit,démenter
Gefroiz,Geoffroy
desciroit,déchier
aparoit,apparoir
voiens,voir1
haitié,haité
deslierent,délier
meschinete,meschinette
sepucre,sépulcre
contréz,contrait
redreciéz,redresser
pie,pied
repairierent,repairer
Marueil,Mareuil
nerciz,nercir
failiz,faillir
sourde,sourd
gueries,guérir
Lice,Lizy
Tre,Trilbardou
flestrie,flétrir1
sauroie,savoir1
Renauz,Renaud
trestiee,traiter
confessours,confesseur
deprions,déprier
envoit,envoyer
quialt,coillir
recoillir,recoillir
espande,espandre
seche,sechier
Phelipes,Phelipes
vices,vice1
gap,gap
estote,estout
Evangile,Evangile
ypocrisye,ipocrisie
segrez,secré
repostailles,repostaille
ypocrisie,ipocrisie
Charité,charité
coevre,covrir
charitez,charité
sachoiz,savoir
Felipes,Phelipes
chalut,chaloir
peinne,peine
rimoier,rimoiier1
graal,gräal
florissent,florir
boschaige,boschage
verdissent,verdir
anflame,enflamer
veve,veve2
Gaste,gast1
soutainne,soutain2
hercheors,hercëor
aveinnes,aveine
herchoient,hercier1
hierches,herce
serain,serein
peissant,paistre
verdeant,verdoiier
hurtoient,hurter
fremissoient,fremir
fuz,fût
anseing,enseing
desdaignerai,desdeignier
seignerai,seignier
aprocheront,aprochier
Ensins,ainsi
fremianz,formiier
soploier,soploiier
aorerai,aorer2
alions,aler
demandasse,demander
arestent,arester
vallez,vaslet
Veïs,vëoir
asenez,assener
bozon,bouzon
pan,pain
deïsses,dire
apreïsses,aprendre
charriere,charriere
muse,muser1
ancontras,encontrer
saiete,saiete
Fustes,estre1
redi,redire
devindrent,devenir
avirone,avironer
Valdone,Valdone
hercheor,hercëor
herchent,hercier1
diront,dire
avainne,aveine
semees,semer1
tranblerent,trembler1
apreïst,aprendre
boviers,bovier
Veïstes,vëoir
""",",""","
trueves,trover
anseignera,enseignier
destornez,destorner
apelerai,appeler
Frere,frère
vials,voloir
graignors,grant
acoree,acorer
Mere,mère
soliez,soloir
enge,angele
enges,angele
oïssiez,ouïr
redoté,redoter1
cremu,criembre
Isles,isle
decheez,dechëoir
decheü,dechëoir
mescheances,meschëance
avienent,avenir
Malvestiez,mauvaistié
decheoir,dechëoir
mahaigna,mahaignier
perdicion,perdicïon
Apovri,apovrir
Utherpandragon,Uterpandragon
essilliees,essillier
avilliees,avillier
esteiez,estre1
aveiez,avoir
aleitanz,alaitier
reax,roial2
Escavalon,Escavalon
Ban,Ban
Goremet,Gomeret
corbel,corbeau
cornoilles,corneille1
creverent,crever
sofferte,souffrir
areisonez,araisnier
chenevaz,chanevaz
irez,aller
direz,dire1
desconselliee,desconseillier
afierent,aferir
enel,anel1
ceinture,ceinture
portoiz,porter
doin,doner
demandiez,demander
forvoient,forvoiier
sacrefie,sacrefiier
Giu,Jüif
Traïz,träir
jugiez,jugier
estaiche,estache
iglises,eglise
revelins,revelin
reorte,rëorte
remoint,remanoir
giet,jeter
cheüe,chëoir
ceingle,cengler
çope,çoper
chevalcha,chevaucher
declin,déclin1
aparut,aparoir
oiselez,oiselet
fontenele,fontenele
doree,dorer
reluisoient,reluisir
anluminement,enluminement
Antor,entor
ramees,ramee
fuilliees,foillier1
dreciees,drecier
trovasse,trouver
tornasse,torner
Criator,crïator
andormie,endormir
alees,aler
floretes,florete
jonchier,jonchier
açopa,açoper
anseigna,enseignier
saluasse,salüer
tien,tenir
beiserai,baisier
beiseré,baisier
nicemant,nicement
deganchi,deguenchir
saiches,savoir
araiches,arrachier
boiche,boche
perdroies,perdre
tardast,tarder
jeüné,jëuner
bocel,bocel3
henap,hanap
trossel,torsel
sozlieve,soslever
pasté,pasté
andemantier,endementieres
recovri,recovrir2
guerredonerai,guerredoner
comandera,comander
chestive,chaitif
eniax,anel1
Beisa,baisier
jalosie,jalosie
borgnes,borgne
Antree,entrer
desferrera,desferrer
referrez,referrer
sivroiz,sivre
sivrez,suivre
charbonier,charbonier1
asne,âne
Vilains,vilain
mainnes,mener
diroies,dire
Ryon,Rion
demanderai,demander
bevoit,boivre
pavee,paver
deduisoient,deduire
Ionez,Yonet
Yonez,Yonet
sené,sénat
bonet,bonet
beissié,baissier
taigniez,tenir1
Vermauz,vermeil1
Quinqueroi,Quinqueroi
versa,verser1
cive,cive
Cler,clair1
salvaige,sauvage
ancontrai,encontrer
descende,descendre
descendrai,descendre
aprison,aprison
Vilenie,vilenie
Prodom,pro
bee,bëer
veer,véer
baer,béer
gabe,gaber
aaige,ëage
cheminee,cheminee1
rira,rire
Vermoil,vermeil1
aportoit,aporter
Metez,mettre
ferroie,ferir
feisiez,faire
javelot,javelot
desceigne,desceindre
charbonees,charbonee
esbraoné,esbräoner
departirai,departir
artoil,orteil
deschauce,deschaucier
chauce,chauce
vesteüre,vestëure
ganbeisiee,gambesier
vestoit,vestir
Deable,dïable
changerai,changier
autr',autre
chanvre,chanvre
tanve,tenve
cotele,cotele
tanroit,tenir1
Maudite,maudire
Grief,grief
asiet,asseoir
laschet,lâcher
ceigne,ceindre
cinglant,cengler
roorte,rëorte
saluez,saluer
fornira,fornir
Diz,dire
Ainme,amer1
oeilliere,oilliere
anuiose,enoios
oisose,oisose
valu,valoir
ahatine,aatine
tripe,triper
aprochent,aprochier
bufe,bufe
conparee,comparer2
eissele,aissele2
brisera,brisier
portera,porter
Qué,Keu
asené,assener
adrecié,adresser
ancontrera,encontrer
maaignier,mahaignier
mahaignié,mahaignier
bestiax,bestïal
anviax,envïal
regrate,regreter
arbalestee,arbalestee
retrete,retraire
roiche,roche3
naïve,näif
descendant,descendre
regort,regort
issoient,issir
barbacane,barbacane
gort,gort1
conbatoit,combatre
quarrel,carreau
dur,dor2
torneles,tornele1
seanz,seoir
establiz,établir
esbatant,esbatre
bastonet,bastonet
beneïe,benëir
sovenist,sovenir
Dona,doner
redemande,redemander
soloie,soloir
Jes,je.le
desarma,desarmer
conseillasse,conseillier1
creüsse,croire
cresroiz,croire
sote,sot
aprenez,aprendre
desploiee,desploiier
coveitise,covoitise
dasreainne,däerrain
ancontriez,encontrer
referroie,referir2
desfandroiz,defendre
asalt,assaillir
borriax,borrel
Gornemanz,Gornemant
Goorz,Gohort
antretienent,entretenir
afubler,afubler
escuele,escüele
burent,boivre
cheinsil,chainsil
bresil,bresil2
ynde,inde
tissuz,tistre
Ynde,Inde
vestiroiz,vestir
porreiez,pöoir
amenai,amener
chauça,chaucier1
abeissié,abaissier
chaucié,chaucier1
sovaingne,sovenir
covaingne,covenir
parlanz,parler
noveliers,novelier2
parliers,parlier
chasti,chastiier
consellier,conseillier1
apraing,aprendre
anseignié,enseignier
blas,blasmer
diseiez,dire
sostainnes,soutain2
requenuissoit,reconoistre
Defors,defors
sosteingne,sostenir
meigre,maigre
haiches,hache
esteüst,estovoir1
geüner,jëuner
vellier,veillier2
escovee,escover
anhermies,enermi
decheües,dechëoir
abaïes,abeie
esbaïes,esbäir
esgarez,esgarer
parez,parer
portanduz,portendre
descovertes,descovrir
Molins,molin
mialt,moudre1
paste,paste
sidre,sidre
atoise,ardoise
establé,establer1
acesmee,acesmer
papegauz,papegai
estelee,esteler2
pelee,peler
sebelin,sabelin
Desliee,desliier
brunez,brunet
antruel,entr'ueil
sinoples,sinople
passemervoille,passemervoille
deboneremant,debonairement
cuidereiez,cuidier1
samit,samit
sistrent,sëoir
tropeax,tropel
muiax,müel
muël,müel
aparlast,aparler
aresnoit,araisnier
jui,jesir
eslites,eslire
Gohorz,Gohort
apelastes,apeler
parlastes,parler
afichier,afichier
meüstes,movoir
queneüstes,conoistre
miches,miche
Sergent,serjant
veillierent,veillier2
mestent,metre2
antremestent,entremetre
saüst,savoir
andormi,endormir
ostesse,ostesse
afublé,afubler
corageuse,corajos
acline,acliner
sent,sentir
moilliee,moillier1
anbracié,embracier
annuit,anuit
ocirrai,ocire
cinquante,cinquante
seissante,soissante
Anguinguerrons,Anguingueron
Clamadeu,Clamadeu
anprisonez,emprisoner
morront,morir
amenuisiee,amenuisier
espuisiee,espuisier
remeis,remanoir
eis,issir
desfanduz,defendre
Clamadex,Clamadeu
remetrai,remetre
antandant,entendre
ceisus,ça
lesserez,laissier
beisoit,baisier
suefre,sofrir
ajorner,ajorner
vesti,vêtir
esvellierent,esveillier
conquier,conquerre
druerie,drüerie
prandroie,prendre
cointise,cointise
tanreiez,tenir1
deveigne,devenir
domaiges,damage
aaiges,ëage
basti,bastir
atalant,atalenter
Ausin,aussi
Anguinguerron,Anguingueron
ramaint,ramener
Viens,venir
sorcuidiez,sorcuidier
chalonges,chalongier
areisne,araisne
Fer,fer
freisne,fraisne
poignal,poignal
antrehaïrent,entrehäir
refurent,restre
jengler,jangler
mailliez,maillier2
esclaz,esclat
dolereusemant,dolorosement
devisasse,deviser
estolt,estout
aüsses,avoir
metras,metre2
toldroit,tolir
maçon,maçon
anvoies,envoiier
chaces,chacier
salueras,salüer
seneschaus,seneschal
randras,rendre
anterrai,entrer
oceïssiez,ocire
ancontra,encontrer
Biaurepaire,belrepeire
consoilles,conseillier1
aleiez,aler
esploitereiez,esploitier
Biaurepere,belrepeire
cenbeler,cembeler
anvoierons,envoiier
Blancheflor,Blancheflor
fauneant,faunoiier
vanrons,venir
aceindrons,aceindre
forsclose,forclose
panrons,prendre
desploiez,desploiier
confanons,gonfanon
ovrirent,ovrir
entaschiez,entaschier
aprantiz,aprentiz
santiz,sentir
perce,percier
sarré,serrer
atirié,atirier
sarreemant,serreement
retraient,retraire
flote,flotte1
esquaiche,escachier
consilt,consivre
forsclos,forclore
meschiet,meschëoir
Perduz,perdre
Cheoite,chëoir
maheignié,mahaignier
reperdront,reperdre
reprïera,repriier
logierent,loger
atornerent,atorner
querroient,querre
avalerent,avaler
Marcheant,marchëant
amenomes,amener
bacons,bacon
salez,saler
orce,orce
vandu,vendre
voldrez,voloir
donromes,doner
salee,saler
oiseus,oisos
cuisines,cuisine
crievent,crever
restuet,restovoir
afamez,afamer
nonciee,noncier1
anforce,enforcier1
angraigne,engraignier2
puisent,pöoir
comandees,comander
voidier,vider
anvoiee,envoiier
apoiee,apoiier
antrehaoient,entrehäir
altant,autant
ralast,raler
revandront,revenir
Costume,costume
Disnadaron,Dinasdaron
ravoit,ravoir2
nonain,none1
places,place
querolant,caroler
Aguinguerrons,Anguingueron
esforciee,esforcier2
mesconut,mesconoistre
antrancontrent,entr'encontrer
dejoste,dejoste
reïnes,röine1
contesses,contesse
treciez,trecier2
tresce,tresche
anpiroient,empirier
coloree,colorer
ceinz,ceindre
boclete,boclete
felenies,felonie
mangerez,mangier
anforciee,enforcier1
tiegne,tenir1
viegne,venir
andemantre,endementre
tesmoignent,tesmoignier
retraites,retraire
mesage,message1
cont,conter
donastes,doner
poësté,poësté
acointasse,acointier
joee,jöee
trufe,trufe
desnoee,desnöer
coardie,cöardie
croslé,croler
aconpaignent,acompagnier
maignent,mener
respassee,respasser
Dolors,dolor
viguereus,vigoros
refroide,refroidier
desreniee,deraisnier
aeise,aaise1
resovint,resovenir
vee,vëer
Acenssion,Acension
diemoinne,dïemaine
pailes,perle
afublees,afubler
velees,veler1
ramenez,ramener
Forez,forest
revandrai,revenir
velee,voiler1
Abrahan,Abrahan
ramoinne,ramener
avalee,avaler
troveroit,trover
esciantre,escïentre
aproiche,aprochier
toiche,tochier
avalant,avaler
najoit,nagier
esmeçon,ameçon
peschoit,peschier2
aencré,aancrer
aeschoit,aeschier
ameçon,ameçon
poissonet,poissonet
veironet,vaironel
Anseigniez,enseignier
pesche,peschier2
Barge,barge
herbergerai,herbergier
Montez,monter
frete,fraindre
bricoigne,bricoigne
avoié,avoiier
Barut,Barut
Quarree,carrer
avalez,avaler
carz,cart
queïst,querre
chenes,chienes
meslez,mesler
anchapelez,enchapeler
colomes,colombe2
aüst,avoir
cheminal,cheminel
lief,lever
bonemant,bonement
gaite,guette
cornee,corner
renges,range
pandue,pendre
forgiee,forgier
donroiz,doner
anploiee,emploiier
forja,forgier
forgier,forgier
ranges,renge2
Arrabe,Arrabe
Venece,Venece
ceigniez,ceindre
rasist,rassëoir
anpoigniee,empoignier
somet,somet
chandeliers,chandelier1
neel,nëel1
perdirent,perdre
tailleor,taillëoir
esmeré,esmerer
taire,taire
tempree,temprer
eschaces,eschace
ebenus,ebenus
porrisse,porrir
legaz,legat1
chardonax,chardenal
gresse,craisse
Vins,vin
raspez,rapé
morsiax,morsel
graax,gräal
retrespassa,retrespasser
dotoit,doter2
chastia,chastiier
respitiee,respitier
pleisant,plaire
vellierent,veillier2
aparellierent,apareillier1
dates,date2
figues,figue
noiz,noix
mugaces,muscade
pomes,pome
grenaces,grenade
gingenbre,gingembre
alixandrin,alexandrin
pimant,piment
moré,moré1
sirop,sirop
anuit,anuit
colcherez,couchier
acors,acor
seisissent,saisir
deschaucierent,deschaucier
couchierent,couchier
deliez,deliié
trovees,trover
fermez,fermer
Overt,ovrir
apoiez,apoiier
abessié,abaissier
pieges,piege
atarder,atarder
Trai,traire
anquerrai,enquerre
foloie,foloiier
maleüreuse,malëuros
Pis,pis1
regiete,rejeter
anquis,enquerre
aplaignié,aplaignier
paingnié,peignier1
crieroit,crïer2
geüstes,jesir
Riche,riche
Roi,roi2
Pescheor,peschëor
peschierres,peschëor
naigent,nagier
amedos,ambedos
aüz,avoir
angoissos,angoissos
peschant,peschier2
Peschierre,peschëor
riverer,riverer
rivereors,riverëor
veneors,venëor
repere,reparer
elués,eluec
tenisse,tenir1
levoit,lever
seïstes,sëoir
demandastes,demander
parlai,parler
Chandeliers,chandelier1
Demandastes,demander
revalt,revaloir
mesavantureus,mesaventuros
eüsses,avoir
amandé,amender
maheigniez,mahaignier
regaaigniez,regäaignier
tenoie,tenir1
veraiemant,veraiement
Felon,felon
voleiez,voloir
icist,cist
gaitiez,gaitier
sivons,sivre
partiroie,partir
anterré,enterrer
tanrez,tenir1
ferré,ferrer
alesiez,aler
traïra,träir
volera,voler
nieces,niece
refete,refaire1
lac,lac
Cotouatre,Cotoatre
rebatre,rebatre
retemprer,retemprer
Trabuchet,Trebuchet
fevre,fevre
santele,sentele
megres,maigre
travelliez,travaillier
peüz,paistre
tranbloit,trembler1
anfonduz,enfondre2
tonduz,tondre1
mastin,mastin
sailloient,salir2
rotures,roture
dehachiee,dehachier
gelee,gelée
traïn,train
coloient,coler1
comancent,comencier
quantque,cantque
descoloree,descolorer
atainte,ataindre
maleürté,malëurté
soferte,sofrir
ausins,aussi
conparé,comparer2
pleüsse,plaire
anbruncha,embronchier
saluee,salüer
Avoi,avoi2
mesfeïsse,mesfaire
donoie,doner
desprise,desprendre
Pechiez,pechié
Orguilleus,orgoillos
sorveigne,sorvenir
ocirroit,ocire
parolt,parler
retaigne,retenir
vilté,vileté
chestiveté,chaitiveté
arestas,arester
estas,ester
Saches,savoir
ocirroie,ocire
orras,öir
cresra,croire
beisast,baisier
vaincue,veintre
rancheoir,renchëoir
Aïrié,äirier
mangeroit,mangier
ferrez,férir1
bui,boivre
regeïe,rejehir
confés,confès
esteles,astele
voident,vider
prochien,prochain
fei,foi1
partiras,partir
senechal,seneschal
orront,ouïr
querras,querre
bufë,bufe
sejornee,sejorner
bleceüres,blecëure
aeisemant,aaisement
Carlion,Carlïon
.iii.m.,trois.mil1
prisoniers,prisonier
contees,conter
remuasse,remüer
anterra,entrer
frangiee,frengiee
Dan,Damnedeu
prochenemant,prochainement
gabas,gaber
gabois,gabois
anqueïsse,enquerre
dorees,dorer
prandroit,prendre
descendroit,descendre
lança,lancier3
Davi,Davi
girrai,jesir
anmaler,enmaler
covertors,covertor
orelliers,oreillier3
anplir,emplir
trosser,trousser
charretes,charrete
eschars,eschars
letrez,letré
escrire,escrire
annegiee,ennegier
tentes,tente1
esbloïes,esblöir
Veües,vëoir
bruiant,bruire
hurtee,hurter
seinna,saignier
espandirent,espandre
volee,voler
defolee,defoler
apoia,appuyer
Ausins,aussi
aparurent,aparoir
use,user
somellast,someillier
esvellast,esveillier
somoille,someillier
redemanda,redemander
porprant,porprendre
eslessié,eslaissier
ploie,ploiier
anpaint,empeindre1
troton,troton
isi,issi
verromes,vëoir
antandoit,entendre
esmie,esmiier
code,cote1
essele,aissele2
estele,astele
deviné,deviner
desconforz,desconfort
rapoia,rapoiier
esmait,esmaiier
chenole,chanole
raloient,ralöer
resoudé,resouder
esmié,esmiier
fortrete,forstraire
enuiot,enoiier
pleisirs,plaisir
trovoie,trover
amanroiz,amener
maudahez,maudehé
polies,polir
Maudahez,maudehé
otroiera,otroiier
belemant,belement
desloier,délier
Armer,armer
remises,remetre
remetant,remetre
toloient,tolir
anluminoient,enluminer
pansers,penser
remuoit,remüer
desplere,desplaire
manroie,mener
josta,joster
peçoié,peçoiier
desloiee,deslöer2
desirroie,desirrer
desseoir,dessëoir
deslacier,deslacier
vantailles,ventaille1
saille,salir2
sainnemant,sainement
heitieemant,haitieement
desmanti,desmentir
poïsmes,pöoir
chanberlains,chamberlenc
parleiez,parler
apraigniez,aprendre
amandemant,amendement
averi,averir
devinal,devinail
refirent,refaire2
treciee,trecier2
voires,voir
crot,crot
singe,singe
resanblent,resembler
moël,moiuel1
uef,uef
boce,boce1
croce,crosse
baules,baule
tortes,tort1
reortes,rëorte
dance,dance
chevelue,chevelu
retenis,retenir
Chiés,chiés
alas,aler
demandas,demander
anqueïs,enquerre
covaigne,covenir
taüs,taire
teüsses,taire
perdront,perdre
desconselliees,desconseillier
orfelines,orfenin
sissante,soissante
Montesclere,Montesclair
loanges,löenge
Espee,espee
Estranges,estrange
Ranges,renge2
Guiflez,Girflet
Kahedins,Kahedin
finerai,finer1
girra,jesir
Ensinques,ainsi
Guinganbresil,Guinganbresil
bande,bende
feris,férir1
areisonas,araisnier
Agrevains,Agrevain
honissiez,honir
provera,prover
sivrai,suivre
Guinganbreisil,Guinganbresil
.VII.,sept
esgratinee,esgratiner
espaignol,espaignol
Escuiers,escuier2
Traez,Traé
Anez,Anet
Traé,Traé
Anet,Anet
Tiebaut,Thiebaus
Tintaguel,Tintaguel
norriz,norrir
otroieroit,otroiier
preiere,priiere
josté,joster
bades,bades
dolces,douz
sades,sade
meteiez,metre2
siu,suivre
veisins,voisin
torneast,tornoiier
murer,murer
anduire,enduire
mortier,mortier
verne,verne
charre,charre
charrete,charrete
avromes,avoir
maaing,mahaing
armassent,armer
ississent,issir
aubre,arbre
montees,monter
nees,naistre
armeront,armer
teles,tel
cointemant,cointement
Manches,manche2
Petites,petit
escrites,écrire
tesmoin,témoin
delaient,delaiier1
Meliant,Melïens
peçaie,peçoiier
garce,garce
osastes,oser
enz,ens
seelez,sëeler
reparolent,reparler
juree,jurer
changierres,changëor
vesselemante,vaisselemente
vessiax,vaissel
lengues,langue1
marcheanz,marchëant
tornoieor,tornoiëor
changeor,changëor
hart,hart
chauf,chauf
testiere,testiere
estapez,estaper
hapez,haper
testieres,testiere
retros,retrois
plumez,plumer
movroit,movoir
retrous,retrois
agaitiez,agaitier
daigneroie,deignier
rafierent,rafïer
rasanbleroient,rassembler
tornoieroient,tornoiier
portees,porter1
marmetre,maumetre
honir,honir
marcheandise,marchëandise
Gerin,Gérin
aquiaut,acoillir
Bertain,Berte
beisant,baisier
frarin,frarin
ancontrent,encontrer
Gerins,Gerin
Gel,je.le
desavenant,desavenir
amonesté,amonester
tornoié,tornoiier
Acheison,ochaison
anbraça,embracier
clain,clamer
Fille,fille
refuserai,refuser
reporte,reporter
tesmoignoit,tesmoignier
eschevela,escheveler
abatist,abatre
anveier,envoiier
anveoie,envoiier
priseroit,prisier
ganches,guenche
adonee,adoner
tretes,traire
mueve,movoir
esveilliee,esveillier
conpaignes,compagne1
tardierent,tarder
amassent,amasser
tornele,tornele1
Garce,garce
sostaigne,sostenir
sovaigne,sovenir
deveiez,devoir
janbeter,jambeter
flat,flat
lessierent,laissier
antalantez,entalenter
rantrent,rentrer
icil,cil
pucelete,pucelete
essoinnes,essoigne
escondite,escondire
beisié,baisier
antancion,entencïon
obediance,obedïence
pessant,paistre
Yvonet,Yonet
estraigne,estreindre
guiches,guische
ronçoi,ronçoi
biche,bisse
arestast,arester
desferrast,desferrer
clochoit,clochier2
referrer,referrer
secorciee,secorcier
vaneor,venëor
detaing,detenir
vaing,venir
Saluez,salüer
pueplee,popler2
monoies,monoie
ovriers,ovrier1
forbissent,forbir
paignent,peignier1
tondent,tondre1
escueles,escüele
joiax,jöel
esmax,esmal1
ceintures,ceinture
fermax,fermail
panes,pene
grises,gris
marcheandises,marchëandise
agueitiee,agaitier
parlassent,parler
meslassent,mesler
antrefeisant,entrefaire
destruie,destruire
devroies,devoir
deüsses,devoir
arachié,arrachier
beises,baisier
eises,aise
ahert,aerdre
comune,commun
armerai,armer
asaillent,assaillir
marteleïz,martelëiz
desfandi,defendre
meüst,movoir
eslochier,eslochier
leiront,laiier2
abatront,abatre
meres,mère
eschevin,eschevin
maior,major
conselloit,conseillier1
asailliz,assaillir
ters,terdre
savreiez,savoir
travellier,travaillier
Guinganbresis,Guinganbresil
antressiez,entrer
joïse,jüise
respitiez,respitier
rëaumes,roiaume
Logres,Logres
ogres,orgene
seremant,sairement
lenguir,languir
desenors,desonor
remetez,remetre
seiez,être1
ralassent,raler
remenassent,remener
avrix,avril
esprova,esprover
.L.,cinquante
cheminant,cheminer
ancontrez,encontrer
chaperons,chaperon
langes,lange1
deschaucié,deschaucier
mervellierent,merveillier
sauvemant,sauvement2
vanredis,vendredi
aorez,aorer2
vanduz,vendre
antechiez,entechier
Espir,espir
conçut,concevoir
deïtez,dëité
sauva,sauver
suscita,susciter
salverent,sauver
abite,habiteur
queïstes,querre
demandames,demander
preïsmes,prendre
noames,nöer2
venismes,venir
antresaignes,entreseigne
esgarast,esgarer
repantoit,repentir
ermitage,ermitage
clerdon,clerjon
comançoient,comencier
comenion,comunïon
obliai,oblïer
criai,crïer2
estancha,estanchier
seüs,savoir
lanproies,lamproie
oiste,oiste
esperitax,esperital
anjoindre,enjoindre
voises,aler
barroche,paroisse
sonera,soner
cloche,cloche1
avanciee,avancier
comanciee,comencier
prestre,prêtre
siax,soloir
remaignes,remanoir
praignes,prendre
repanti,repentir
humblemant,umblement
estrain,estrain
vanredi,vendredi
comeniez,comuniier
oiez,öir
detrere,detraire
esforçoit,esforcier2
esvelliez,esveillier
esveilleroie,esveillier
avrei,avoir
plainsist,plaindre
esvellerai,esveillier
boté,boter1
Remanrai,remanoir
Galvoie,Galveide
perversse,pervers
esprovai,esprover
retorners,retorner
retornoie,retorner
pleit,plait
revaigniez,revenir
revanra,revenir
achemine,acheminer
vignobles,vignoble
aceingnoit,aceindre
yf,if
miroit,mirer
cercelet,cercelet
Mesure,mesure
Belemant,belement
apansee,apenser
amanbree,amembrer2
dahé,dehé
foletes,folet
porteras,porter
valoies,valoir
alasses,aller
maleurtez,malëurté
planche,planche
hastez,haster
toluz,tolir
Verité,verité
atoches,atochier
aproches,aprochier
atocheroies,atochier
avandront,avenir
monsegnor,seignor
solent,soudre
olivier,olivier1
tandes,tendre1
bailles,baille1
esteroie,être1
meschiee,meschëoir
manras,mener
leisseras,laissier
tanras,tenir1
oses,oser
entremetre,entremetre
duiz,duire
vaingnes,venir
taignes,tenir1
tochié,tochier
monterai,monter
voldras,voloir
tocheras,tochier
descovenue,descovenue
malbaillir,maubaillir
abesse,abaissier
lante,lent1
antremetes,entremetre
Doiz,devoir
afublee,afubler
coillie,coillir
messele,maissele
ostera,oster2
ancisiez,enciser
reprandroit,reprendre1
devandroit,devenir
fuillier,foillier1
florir,florir
ostee,ôter
redoteroie,redoter1
trot,trot
merlez,mesler
hericiez,hericier
autretés,autretel
covroient,covrir
tondue,tondre1
recercelee,recerceler
Talant,talent
ges,je.il
versse,verser1
rechancele,rechanceler
Andemantre,endementre
restraigniez,restreindre
aidiez,aidier
anhuliez,enoliier
cesser,cesser
resclarcie,resclarcir
Andemantres,endementre
porsaillir,porsalir
galopoit,galoper
porsailliez,porsalir
Descendez,descendre
escrever,escrever
pran,prendre
seisi,saisir
proverbe,proverbe
tox,tous
mesfere,mesfaire
Greorreas,Greoreas
Porquant,por2
asseürees,assëurer
haces,häir
musarz,musart
torneroiz,torner
sigue,sivre
igue,ive
trotant,troter
pandanz,pendre
vellesce,vieillece
levre,lièvre1
meigres,maigre
chevecine,chevecine
cordele,cordele
grapeus,crapos
ranponeuse,ramponos
sive,sivre
movanz,movoir
covanz,covent1
faudroiz,falir
mesdisanz,mesdire
anseignement,enseignement
chevauche,chevauchier
Voelle,voloir
hoche,hochier
coraille,coraille
gastes,gast1
tressist,traire
conpassez,compasser
marbre,marbre
floriz,florir
parurent,paroir
estachiee,estachier
aviron,aviron2
poucin,poucin
desaencrez,desäancrer
chalan,chalant
anterroiz,entrer
veïez,vëoir
fuireiez,fuir
gehui,jehui
poindres,poindre
ganchirai,guenchir
broiche,brochier
cloiche,clochier2
arçone,arçoner
desabeli,desabelir
nacele,nacelle
toilliez,tolir
perdras,perdre
puisses,pöoir
oseiez,oser
mesprandrai,mesprendre
recroi,recroire
notonier,notonier
Sathenas,Satanas
vanreiez,venir
rivaige,rivage2
ploviers,plovier
feisanz,faisan
Ostes,Ostes
alués,aluec
prestes,prêtre
forfaire,forfaire
fineroient,finer
lassees,lasser
conpassees,compasser
gaitiee,gaitier
anchantement,enchantement
astrenomie,astrenomie
paroilles,pareil
liuee,lieuee
avarice,avarice
muerent,mourir
barbez,barbe
reent,rere
reongnent,röoignier
ancienes,ancien
desheritees,desireter
marieroit,marïer
adoberoit,adober
osteroit,oster2
delais,délaisser
anchantemenz,enchantement
terai,taire
alers,aller
eroiz,aler
ratorne,ratorner
eschacier,eschacier1
eschace,eschace
oiseuses,oisos
eschaciers,eschacier1
quanivet,canivet
enuiassent,enoiier
condui,conduire
gon,gont
verdeles,verdele
pavemanz,pavement
poliz,polir
antrelaz,entrelaz
campane,champaine
quepouz,copel2
gocez,gocet
rechignoient,rechignier
gocet,gocet
roes,röe
botast,boter1
antrassent,entrer
painz,peindre1
devisier,deviser
closes,clore
antandeiez,entendre
desfandeiez,defendre
aprocheiez,aprochier
poior,pejor
morreiez,morir
seüstes,savoir
railliez,raler
conteroiz,conter
aseïsse,asseoir
apoiees,apoiier
recule,reculer
verrines,verrin
serrai,être1
geüst,jesir
liet,lié
rachat,rachat
quanpanes,champaine
oevrent,ovrir
descoevrent,descovrir
aperent,aparoir
volerent,voler
quarriax,carrel
treoient,traire
destandre,destendre2
reclostrent,reclore
sailloit,salir2
ovri,ovrir
mervellos,merveillos
famellos,fameillos
ongles,ongle
remeses,remanoir
flotes,flote3
presantomes,presenter
establer,établer
desarmoit,desarmer
sorecot,sorcot
Pane,pene
agenoilliees,agenoillier
ahan,ahan
assaiez,essaiier
ansancmeslé,ensancmesler
betist,betir
Merciez,mercïer
clameroit,clamer
avoé,avöé
gitereiez,jeter
.vii.xx.,set.vint
ississe,issir
muee,muer
mangeroiz,mangier
repeirie,repairier
afeitié,afaitier
saoler,säoler
eschargaite,eschargaite
peiors,pejor
ametez,ametre
Agravains,Agrevain
Kaeriez,Gaherïet
Gaerés,Guerehes
conuissiez,conoistre
haitiez,haitier
contenement,contènement
formee,former
andoctrine,endoctriner
desconselliez,desconseillier
desheitiez,deshaitier
parte,partir
dobleront,dobler
leeces,lëece
crestra,croistre
serra,être1
rissist,rissir
losangierent,losengier2
serree,serrer
feniz,fenir
colchassent,couchier
Lit,lit1
resvellier,resveillier
Clarissanz,Clarissant
anparlee,emparlé
aiole,aiuele
dresce,drecier
joieus,joios
essaucier,essaucier
cartiers,cartier
ersoir,ersoir
issoie,issir
retenez,retenir
ruis,rover
soferrai,sofrir
deïssiez,dire
nagierent,nager
brive,brive
randons,randon
Remontez,remonter
eües,avoir
jengles,jangle
jengle,jangle
engle,angle
lesseiez,laissier
veniez,venir
tesmoingneroie,tesmoignier
vaudreiez,valoir
tirent,tirer
dessirent,descirier
lasses,las
Lasses,las
anveié,envoiier
hardemenz,hardement
guez,gué
parfonz,parfont
pansai,penser
osessiez,oser
Guez,gué
Gué,gué
noé,nöer1
saute,sauter
essuier,essuier
acostee,acoster
passet,passer
gibeçoit,gibecier1
chiennez,chienet
iniax,isnel
dessiee,dessëoir
quartiers,quartier1
outrai,outrer
Mené,mener
deingnast,deignier
deingnoit,deignier
menai,mener
penai,pener
osas,oser
saillis,salir2
renoiee,renoiier1
noiee,noiier1
neier,nier1
hideuse,hisdos
pleviras,plevir
rediras,redire
mantiras,mentir
Feite,faire
Orquelenes,Orquelenes
Grinomalanz,Guiromelant
tesmoingnier,tesmoignier
desdeigneuse,desdeignos
Orguilleuse,orgoillos
Estroite,estroit
Voie,voie
icest,cist
requite,requiter
ausinc,aussi
orroie,öir
fableor,fablëor
juglerres,joglëor
esreses,esrere
cresté,crester
anchaenez,enchäener
anseingnes,enseigne
chenue,chenu
anqueïstes,enquerre
Uterpandragon,Uterpandragon
Ygerne,Ygerne
Loth,Loth
anchargiee,enchargier
tranchasse,trenchier1
haz,häir
ameroie,aimer
serviroie,servir
salueroiz,salüer
bailleroiz,baillier
acreant,acreanter
Chanpguin,Chanpguin
sanguin,sanguin
Demanderoiz,demander
haez,häir
annuie,enoiier
espargnasse,espargnier
osoies,oser
vanroie,venir
amanroie,amener
atandrons,atendre
sesme,setme
revandrons,revenir
ravrai,ravoir2
moies,mien
anblees,emblee
volront,voloir
aguait,agait
amanderai,amender
atandras,atendre
manderas,mander
Orcanie,Orcanie
Anvoie,envoiier
aviegne,advenir
anconbrement,encombrement
sormené,sormener
conpeignie,compagnie
anblai,embler
asanblai,assembler
ras,ravoir2
alue,alue2
ireus,iros
irestre,iraistre
travalz,travail
demené,demener
restoient,restre
dancier,dancier
ortoil,orteil
escoutoient,escouter
Consellié,conseillier1
hunbles,umble
serviables,servïable
resnables,raisnable
vezié,vezïé
recuit,recuire
volsissiez,voloir
nageors,nagëor
bainz,bain
chaufer,chaufer
estuver,estuver
agenoillierent,agenoillier
regretoient,regreter
perece,perece
Lore,Lore
loige,loge
Chanpaigne,Chanpaingne
anpraigne,emprendre
anprendrai,emprendre
tesmoignasse,tesmoignier
vivanz,vivre1
Vaut,valoir
sardines,sardine1
Charrete,charrete
Matiere,matiere
Manjoit,mangier
Sofrir,sofrir
fiasses,fïer
Baillier,baillier
estormie,estormir
manjoit,mangier
leit,lez
Seneschax,seneschal
porloignance,porloignance
desperé,desperer
Fera,faire
perdoie,perdre
Otroit,otroiier
otroierons,otroiier
Kes,Keu
sopira,sospirer
desdist,desdire
repesa,repeser
ramanrai,ramener
ennuit,enoiier
braidis,braidif
Mate,mat
sopiranz,sospirer
seüssiez,savoir
otroiesiez,otroiier
Guinables,Guinable
iriens,aler
alessiens,aler
seüssiens,savoir
devandra,devenir
contandra,contenir
aprochoient,aprochier
ronpues,rompre
estriviere,estriviere
arçonz,arçon
Apantoisant,apantoisier
tressuez,tressüer
randroie,rendre
baillessiez,baillier
choisissiez,choisir
siut,suivre
retrova,retrover
defoleïz,defolëiz
froisseïz,froissëiz
resanbla,resembler
pilori,pilori
murtre,mordre2
chanpcheü,champchëu
conjoïz,conjöir
ancontreras,encontrer
Fei,faire
avaigne,avenir
limons,limon1
charretons,charreton
Passer,passer1
pute,put
anpreigne,emprendre
montera,monter
chanjoit,changier
charretent,charreter
Vilenies,vilenie
Noiez,noiier1
traïnes,träiner
murtriers,mordrier
Avoecques,avuec
Entesmes,enteimes
parer,parer1
conparriez,comparer2
parra,paroir
jesir,jesir
deschauciez,deschaucier
estelé,esteler2
forreüre,forrëure2
metables,metable
glui,glui
paille,paille
nates,nate2
lates,late
coudre,cosdre
panon,penon
balance,balancier
recoucha,recouchier
esveillier,esveillier
requoi,recoi2
Conut,conoistre
antentis,ententif
demis,demi
desverie,desverie
gabé,gaber
ranponé,ramponer
acordance,acordance
Saluee,salüer
aparla,aparler
aconseüe,aconsivre
quarrefor,carrefor
nomeroie,nomer
doldroit,doloir
promete,prometre
Gorre,Gorre
servitune,servitume
Anconbriers,encombrier
Bademaguz,Bademagu
perilleuses,perillos
Ponz,pont
Evages,evage
Avantures,aventure
Pont,pont
Eve,aigue
charretiers,charretier
rancune,rancune
Quele,quel1
Venue,venir
contredi,contredire
Saut,salir2
soivre,sevrer
estormiz,estormir
aviez,avoir
contredis,contredire
foiees,foiiee
contredeïstes,contredire
feristes,ferir
Pran,prendre
fuiroies,fuir
ganchisse,guenchir
plevisses,plevir
ganchisses,guenchir
aprocheras,aprochier
flotant,flotter
avaloient,avaler
flot,flot2
reclot,reclore
treit,traire
brant,brant
flanbeant,flamboiier
Traient,traire
aoevrent,aovrer
antredoner,entredoner
paumetons,paumeton
mesfist,mesfaire
fianceras,fïancier1
semondrai,semondre
deslias,desliier
Deslie,desliier
Clainme,clamer
conseilliez,conseillier1
herbergeroiz,herbergier
coucheroiz,couchier
Plusor,plusor
randissent,rendre
tristesce,tristece
baile,baile
Thessaile,Tesaile
Chevauchant,chevauchier
herberjage,hébergeage
tiules,tiule
Antrent,entrer
tablier,tablier2
esprises,esprendre2
croc,croc2
hantier,hanstier1
eidast,aidier
luisoient,luisir
Tortices,tortiz
Lavez,laver
asseez,asseoir
lavez,laver
panseroiz,penser
tendrai,tenir
anversee,enverser
antraversee,entraverser
descoverte,descovrir
Crioit,crïer2
Aïe,aïe3
honira,honir
secor,secorre1
vileinnemant,vilainement
Tenoit,tenir1
Descoverte,descovrir
nonbril,nombril
talentos,talentos
genoivre,genoivre
geneste,geneste
Meüz,movoir
ateindrai,ataindre
remaing,remanoir
morroie,morir
Detenir,detenir
peçoiees,peçoiier
prisiees,prisier
anprés,emprès
emples,ample
Randre,rendre
fandre,fendre
desjoint,desjoindre
paroi,paroi2
laienz,laienz
soffrist,sofrir
delié,deliié
diaspres,dïaspre
deschaucier,deschaucier
desnuer,desnüer
Covanz,covent1
Couchier,couchier
gueite,gaitier
convers,convers2
pleist,plaire
redoit,redevoir1
justisoit,justicier2
requerroit,requerre
angevin,angevin
resvoille,resveillier
ajornez,ajorner
osiez,oser
deviez,devoir
tranchast,trenchier1
esforçast,esforcier2
aparole,aparler
Pansers,penser
escrieve,escrever
anplastre,emplastre
lia,liier3
emplastre,emplastre
peigne,peigne
Ysoré,Ysoré
chevos,chevel
paigniee,peignier1
poigniee,poigniee
tornerai,torner
oan,öan
Doient,devoir
peignes,peigne
Venistes,venir
gueitiee,gaitier
escharboncles,escharboncle
reoncles,räoncle
Diamargareton,dïamargariton
desdaigne,desdeignier
pleüriche,pleuris
tiriasque,tirïaque
Jasque,Jaques
Lendi,Lendit
Ors,or1
esmerez,esmerer
autantes,autant
recuiz,recuire
saing,sein
Truevent,trover
estresce,estrecier
eürez,ëurer
veignanz,venir
palue,palüer
descheitivez,deschaitiver
desraist,deraisnier
vantance,vantance
gastez,gaster
Tolue,tolir
conbatroie,combatre
voliens,voloir
desqu',desque
crien,criembre
brit,brisier
antre ancontré,entr'encontrer
rejooit,rejöer
Redemenoient,redemener
anfances,enfance
Baules,baule
dances,dance
tunbent,tomber
luitier,luitier
retravaillent,retravaillier
chienes,chienes
.xxiij.,vint.trois
irois,Irois
sorvienent,sorvenir
daingnera,deignier
antretant,entre_tant
gahaignié,gäaignier1
gaainz,gäaing
vieng,venir
Chalongier,chalongier
retien,retenir
Ronpue,rompre
espoanter,espöenter
aceint,aceindre
recresra,recroire
angingnier,engignier1
nuisiez,nuire
blasmé,blasmer
conbatrai,combatre
tiegnent,tenir1
desdit,desdire
tanront,tenir1
Mau,mal1
Siudrons,sivre
siudront,sivre
siudra,sivre
poomes,pöoir
Lessera,laissier
Ralons,raler
fauchié,fauchier1
chancel,chancel
Menez,mener
tonbes,tombe1
Donbes,Donbes
Panpelune,Pampelune
girroient,jesir
Looys,Loöys
antendues,entendre
senefïent,senefiier
veissiax,vaissel
tonbe,tombe1
lame,lame
levera,lever
lanme,lame
Gitera,jeter
meïssent,metre2
Direiez,dire
delivrera,delivrer
regeïst,rejehir
Seüremant,sëurement
sivoient,sivre
marbrine,marbrin
secorra,secorre1
leües,lire1
nasquié,naistre
feriens,faire
suiens,sivre
siudres,sivre
ralons,raler
conplie,complie
trossee,torser2
Avant,avant
anserré,enserrer
Voloit,voloir
conjoïssent,conjöir
anquist,enquerre
ancomancent,encomencier
servage,servage
servitume,servitume
Maleoite,malëir
detaigne,detenir
istroient,issir
Istra,issir
desnoez,desnöer
sarradine,Sarrasin
peior,pejor
Sarrazin,Sarrasin
tesoil,tesillier
Conseilliez,conseillier1
Anprise,emprendre
venroiz,venir
Passages,passage
gierres,gaire
prandroiz,prendre
enbedeus,ambedos
Passage,passage
Peçoie,peçoiier
asanne,assener
panne,pene
vaignes,venir
Adobé,adober
alomes,aler
herberjasse,herbergier
vendroiz,venir
Gras,cras
deliverra,delivrer
eidons,aidier
bailes,baile
aresterons,arester
Cheoir,chëoir
anfermé,enfermer2
Secorre,secorre1
barré,barrer
Aval,aval
atremprez,atemprer
vaigniemes,venir
Feriemes,faire
peinte,peindre1
Tranchant,trenchier1
maintenuz,maintenir
afolt,afoler1
desconfisoit,desconfire
refeisoient,refaire1
gitera,jeter
esvertuent,esvertüer
tuent,tüer
cheitif,chaitif
debatent,debatre
anreidie,enredie
Noise,noise
haite,haitier
apeise,apaisier
Vost,voloir
poroffre,porofrir
Cel,cil
Virent,voir1
descendrons,descendre
prendrons,prendre
Desarmer,desarmer
anresniee,enraisnier
Destrossent,destrosser
deslïent,desliier
recontent,reconter
aver,avoir1
charjable,charjable
orguelleus,orgoillos
orguilleuse,orgoillos
anpreïsses,emprendre
resovenir,resovenir
montas,monter
Pansee,penser
retez,reter1
charretez,charreter
resanblast,resembler
assanblast,assembler
passeras,passer1
paagier,pëagier1
prandrai,prendre
desavanture,desaventure
sofferroie,sofrir
aportassent,aporter
mescontez,mesconter
anprunté,emprunter
acreü,acroire
Point,poindre
dolent,dolent
Tranchent,trenchier1
plaient,plaiier
antrepaient,entrepaiier
cropes,crope
saolent,säoler
antranvaïssent,entr'enväir
failles,faille3
Ainçois,ainçois
rete,reter1
reprant,reprendre1
ronpe,rompre
coler,coler3
sormonte,sormonter
savroies,savoir
montoies,monter
reprochas,reprochier1
Desafublee,desafubler
anblast,ambler
parfite,parfit
besoig,besoing
Viaut,voloir
Largece,largece
veast,véer
baast,bëer
vehera,vëer
Ton,ton4
reconquist,reconquerre
Crie,crïer2
espargnast,espargnier
angignera,engignier1
Tranche,trenchier1
rangignera,rengignier
criers,crïer2
respitié,respitier
creiez,croire
amoneste,amonester
trant,trenchier1
haoie,häir
doloie,doloir
relevent,relaver
Né,naistre
voudriens,voloir
annors,onor
avriens,avoir
Devriens,devoir
demandesiez,demander
couchent,couchier
anjorner,enjorner
Lievent,lever
Monter,monter
acheminerent,acheminer
espoantable,espöentable
fluns,flum
cheoit,chëoir
betee,beter2
forbie,forbir
chasque,chasque
closfichiee,clofichier
brist,brisier
ploit,ploiier
freor,frëor
charpantez,charpenter
vantassent,venter
chantassent,chanter
renestre,renaistre
Poez,pöoir
anchaené,enchäener
sucent,sucier
voinnes,veine1
manjucent,mangier
rungent,rongier2
ronpuz,rompre
arachiez,arrachier
Souler,soler1
avanpié,avantpié
plaioit,plaiier
rasoage,rassöagier
leisarde,laisarde
tert,terdre
desleautez,deslëauté
chalongiee,chalongier
desleaus,deslëal
reposast,reposer
Peresce,perece
Veü,vëoir
afeite,afaitier
ateïne,atäine
estrangier,estrangier2
Joinz,joindre
devaigne,devenir
devandroie,devenir
lessoies,laissier
toloies,tolir
Doter,doter2
charitables,charitable
consantiromes,consentir
Desleauté,deslëauté
Offrir,ofrir
estanche,estanchier
tarir,tarir
Porroit,pöoir
esvertuer,esvertüer
esbaïs,ébahir
anprendra,emprendre
antemes,enteimes
esperez,esperer
Autres,autre
garies,garir
Maries,Maries
forssena,forsener
forssene,forsener
altresi,autressi
doteroiz,doter2
menacié,menacier
truise,trover
sejorz,sejor
sosferoie,souffrir
conbatessiez,combatre
Respit,respit
atendrai,atendre
atandroie,atendre
ranz,rendre
Criens,criembre
desenor,desonor
detreire,detraire
antanz,entendre
esproveras,esprover
matemant,matement
troblé,torbler
anploie,emploiier
Monpellier,Monpeslier
chevalchoient,chevauchier
anjusqu',enjusque
enjorner,enjorner
Lacié,lacier
Peitiers,Poitiers
respitiers,respitier
acostumeemant,acostumeement
aüné,äuner
geüné,jëuner
lenges,lange
estrenges,estrange
Donast,doner
aversaire,aversaire
Reprioient,repriier
sonast,soner
Meliaganz,Meleagant
Meliagant,Meleagant
detient,detenir
Couchiez,couchier
senees,sené2
antantives,ententif
prisonieres,prisonier
anbraciees,embracier
braciees,braciee
antranbatent,entr'embatre
esclatent,esclater
esmient,esmiier
brandon,brandon
hurté,heurter
toné,toner
cengle,cengle
Estriés,estrieu
varengle,waraingle
peçoient,peçoiier
antreheent,entrehäir
aspremant,asprement
fornissent,fornir
estoutoient,estoutoiier
leidissent,laidir
antredonerent,entredoner
afebloiez,afebliier
plaiees,plaiier
esmaiees,esmaiier
afebloier,afebliier
esgardast,esgarder
regardast,regarder
Preu,pro
Trestorne,trestorner
desfandoit,defendre
enchauçoit,enchaucier
contiens,contenir
Torne,torner
Meleagant,Meleagant
haïe,häir
acointa,acointier
reüse,rëuser
ferant,férir1
loiee,löer2
Proier,priier
feïsiez,faire
Dite,dire
obeïssanz,obëir
Piramus,Piramus
darriens,däerrain
tochast,tochier
desjuglez,desjugler
Avuglez,avogler
lesseroit,laissier
conquerroie,conquerre
destorbeiez,destorber
bastie,bastir
aloigne,aloigne
semoigne,semondre
acordez,acorder
beneïssoient,benëir
esjoïsmes,esjöir
serions,estre1
pansif,pensif
resqueusse,rescorre
enploié,emploiier
demantast,dementer
escoutast,escouter
escolt,escouter
Anquiert,enquerre
oignemanz,oignement
parrastre,parâtre
sofrist,sofrir
Noex,Noé
arche,arche2
comun,commun
deviseor,devisëor
estrangemant,estrangement
desprisonez,desprisoner
taignent,tenir1
vaingnent,venir
movra,movoir
desgarni,desgarnir
ramainnent,ramener
Novele,novele
vait,aller
ancolpe,encouper1
crualté,crüauté
geüne,jëuner
deignai,deignier
veai,vëer
dessevrai,dessevrer
Breibançon,Brabançon
sechié,sechier
tarie,tarir
reconforz,reconfort
dedui,deduire
Malveise,mauvais
adolez,adoler
Noe,nöer2
agueitié,agaitier
desheitié,deshaitier
Desheitiez,deshaitier
cliner,cliner
estaigne,esteindre
redrecié,redrecier
relievent,relever
justisiee,justicier2
oceïsses,ocire
volsis,voloir
daignas,deignier
lessas,laisser
forfez,forfait
montai,monter
apartenist,apartenir
clamast,clamer
provai,prover
sachant,savoir1
despisant,despire
pardonable,pardonable
escotee,escouter
Atahine,atäine
Vis,vis2
abregier,abregier
conduisoie,conduire
gaberoiz,gaber
adrecier,adrecier
bailloit,baillier
sonastes,soner
dotastes,doter2
montastes,monter
demorastes,demorer
Pardoner,pardoner
parleroie,parler
dormiront,dormir
Asanbler,assembler
lenguist,languir
enduré,endurer
luitié,luitier
chape,chape
enublé,enubler
gloser,gloser
dormist,dormir
esternue,esternüer
ferree,ferrer
desirrant,desirrer
ferreüre,ferrëure
Roide,roit1
anconbree,encombrer
passeroie,passer1
esveilloit,esveillier
traveillerai,travaillier
esveillerai,esveillier
mame,merme
Estroit,estroit
frarine,frarin
departirs,departir
tachié,tachier
redreciez,redrecier
ploié,ploiier
soploié,soploiier
Andeus,ambedos
ancortinee,encortiner
Veillant,veillier2
tachiez,tachier
gotez,goté1
aparcevanz,apercevoir
Esgarde,esgarder
escrevees,escrever
regardee,regarder
prové,prover
Sanc,sang
sanglanz,sanglant
senié,saignier
provees,prover
failliez,falir
sanglante,sanglent
aprendront,aprendre
Contee,conter
regiet,rejeter
escondirai,escondire
seinnié,saignier
ansanglanté,ensanglenter
mescroit,mescroire
grevastes,grever
escrevastes,escrever
contrueve,contrueve
Droiz,droit
amise,ametre
oënt,öir
mescroie,mescroire
anprandrai,emprendre
quauses,cause
jugemanz,jugement
parjur,parjur
rejur,rejurer
Praigne,prendre
sairemant,sairement
aleinne,aleine
teis,taire
dotes,douter
remassissent,remanoir
tochent,tochier
Vien,venir
querront,querre
tordent,tordre
trabuchié,trebuchier
essort,essordre
afonde,afonder
aerdent,aerdre
cros,croc2
suor,süor1
anruïlliees,enröillier
sofferz,sofrir
Rot,ravoir2
Bademagu,Bademagu
boçuz,boçu
rechigniez,rechignier
Laidemant,laidement
engigniez,engignier1
Veniemes,venir
partirons,partir
Irons,aler
aroterent,aroter2
conblez,combler
Mostre,mostrer
passejoie,passejoie
semoingne,semondre
anqueste,enqueste
soploie,soploiier
anquise,enquerre
anvoieront,envoiier
rosine,rosin2
Queus,Keu
entresaignes,entreseigne
Salue,salüer
retoiche,retochier
escheitivee,eschaitiver
Failli,falir
oïmes,öir
traïrent,träir
deçurent,decevoir
anbla,embler
fortrest,forstraire
desconseilliees,desconseillier
Marier,marïer
prochienemant,prochainement
Pomelegoi,Pomelegloi
Noauz,Noauz
prochienes,prochain
loingtienes,lointain
Crier,crïer2
dun,don
otreast,otroiier
retolez,retolir
contredira,contredire
envoient,envoiier
Amener,amener
criez,crier
bevez,boivre
desconseilliez,desconseillier
leissessiez,laissier
contanroie,contenir
revandroie,revenir
destrucion,destructïon
destruiroit,destruire
parjurerai,parjurer
detaingne,detenir
aseüreroiz,assëurer
neporcant,neporcant
contendroiz,contenir
revandroiz,revenir
Coverte,covrir
chanve,chanvre
garnemant,garnement
hyraut,hiraut
chauceüre,chaucëure
Desafublez,desafubler
treiz,traire
hyrauz,hiraut
aunera,auner
garz,garçon
hyra,hiraut
assanblees,assembler
raprestoient,raprester
chevaleries,chevalerie
sonbre,sombre1
esmer,esmer
hirauz,hiraut
Pomelesglai,Pomelegloi
saillanz,salir2
retreites,retraire
Jus,jus2
saigemant,sagement
risees,risee
afiz,afit2
auné,auner
prisiee,prisier
mespoise,mespois
Plot,plaire
bahé,bëer
prandront,prendre
ancomancierent,encomencier
querrons,querre
aseïst,asseoir
degenglent,dejangler
estrenglent,estrangler
Refu,restre
croisié,croisier
Antr',entre
bernic,beslic
Governauz,Governail
dragon,dragon
Ignaurés,Ignaures
bec,boire1
Coguillanz,Coguillanz
Mautirec,Mautirec
pomelez,pomelé2
Semiramis,Semiramis
Piladés,Pilades
golose,goloser
Tolose,Tolose
Estrax,Estraus
Lyon,Lyon
trosne,tron
Deserte,deserte1
arondres,aronde
poitevins,poitevin
Thoas,Thoas
Meschins,meschin
deboissent,deboissier
anblez,embler
assanblez,assembler
semons,semondre
reseroit,restre
avoiee,avoiier
huier,huier
Revenuz,revenir
malvestiez,mauvaistié
reporter,reporter
Piece,piece
solacié,solacier
ais,ais
seches,sec
descochent,descochier1
brochent,brocher
enconbrer,encombrer
mesla,mesler
estaintes,esteindre
Huimés,ui
aparra,aparoir
redelitent,redelitier
trabuchier,trebuchier
Gaires,gaire
aponde,apondre
osoient,oser
hauteces,hautece
Deignast,deignier
prouz,pro
vouz,vo
marïent,marïer
mariees,marïer
vantant,vanter
Leissa,laissier
marieront,marïer
apareillies,appareiller1
seneschauz,seneschal
noaus,nöaus
perilliez,perillier
essilliez,essillier
confaitemant,comfaitement
revandroit,revenir
maçons,maçon
charpantiers,charpentier
Firent,faire
merrien,mairrien
parfeite,parfaire
barrer,barrer
savroient,savoir1
loierai,löer2
encomance,encomencier
troveroie,trover
Semondre,semondre
anpreïsmes,emprendre
anvoieromes,envoiier
rabat,rabat
Bade,Bath
natevité,nativité
antassez,entasser
mancion,mencïon
matire,matiere
boceier,boçoiier
forceier,forçoiier
Doivent,devoir
desservir,deservir
teü,taire
amanteü,amentevoir
esgarz,esgart
Verrai,vëoir
venons,venir
descuidiez,descuidier
amitié,amistié
tesmoingnera,tesmoignier
besoingnera,besoignier
aloer,alöer2
forssené,forsener
resvez,resver
desvez,desver
apere,aparoir
leidoiez,laidoiier
ancomancié,encomencier
forssan,forsen
dahait,dehé
anserrez,enserrer
serrez,être1
serie,seri2
amantui,amentevoir
celot,celer1
Torner,torner
aconsivre,aconsivre
porquiert,porquerre
demort,demorer
avenanmant,avenanment
anpanssé,empenser
contoie,conter
gistes,giste1
tornees,torner
Meison,maison
buiron,buiron1
chié,chief1
manjut,mangier
Savra,savoir
Apeler,apeler
despisoit,despire
Foiblemant,foiblement
Malemant,malement
bestornee,bestorner
plores,plorer
rioies,rire
feisoies,faire
Croiz,croiz
secorez,secorre1
repostaille,repostaille
debatant,debatre
Puet,pöoir
redeüssiez,redevoir1
Cervestre,Selvestre
define,definer2
coise,coisier
Parlez,parler
antroï,entr'oïr
Fantosme,fantosme
porvoit,porvëoir
dor,dormir
Cuidasse,cuidier1
huchié,huchier1
guerredonez,guerredoner
Aucun,aucun
truissiez,trover
pic,pic2
Porquiert,porquerre
alegemant,alegement
essor,essor
espanduz,épandre
ofrist,ofrir
desserré,desserrer
chancelot,chanceler
feblece,feblece
Aucuns,aucun
eschive,eschiver
repeires,repaire
Erent,être1
planteïs,plentëif
baigne,baignier
Soef,söef
atire,atirier
roigneus,roignos
forsligniez,forlignier
angigniez,engignier1
Gant,Gant
Eschaper,eschaper
covenance,covenance
Foiz,foi
tasche,tasche2
Prendrai,prendre
relasche,relasche
grondre,grondir
desfublé,desfubler
chanpaigne,champagne
Bucifax,Bucifal
Monta,monter
seigniez,seignier
soudainnemant,sodainement
Mervoilles,merveille
decevant,decevoir
mescreez,mescroire
esleüst,eslire
rapele,rapeler
bienvenue,bienvenue
sivoit,sivre
conjoïssoit,conjöir
Aparceüssent,apercevoir
anferme,enfermer2
racenssé,rassenser
anfermer,enfermer2
menasse,mener
porchacié,porchacier
delaiemant,delaiement
delait,delaiier1
iceste,cist
deteur,detor
leiroit,laiier2
afia,afïer
aquitez,aquiter
Oltre,outre1
ancusez,encuser
cheoiz,chëoir
fonduz,fondre
desmanbrez,desmembrer
Faudra,falir
durera,durer
gardasse,garder
laidure,laidure
andure,endurer
atante,atente
reconfortant,reconforter
assaille,assalir
tropiax,tropel
sagremor,sagremor
plantez,planter
Sort,sordre
graviers,gravier
argenz,argent
tuiax,tüel
espargnerai,espargnier
taingnant,tenant
troez,tröer
conseüz,consivre
randoner,randoner
esfort,esforz2
quassees,casser
parvenues,parvenir
Esfreé,esfrëer
regibe,regiber
portraites,portraire
barrez,barrer
anbarrez,embarrer
colpé,coper
porcuide,porcuidier
osche,osche
antraille,entraille1
nasal,nasel
daingne,deignier
desansaingne,desenseignier
enprisone,emprisoner
anlace,enlacier
ganche,guenche
definer,definer1
Godefroiz,Godefroi
Leigni,Leigni
parfinee,parfiner
anmurez,enmurer
durez,durer
Carles,Charles
magnes,maigne
tuz,tous
pleins,plein
estet,être1
cunquist,conquérir
altaigne,hautain
Mur,mur
citet,cité
Sarraguce,Saragosse
muntaigne,montagne1
Marsilie,Marsile
aimet,aimer
Mahumet,Mahomet
recleimet,réclamer
poet,pouvoir
guarder,garder
mals,mal1
ateignet,atteindre
AOI,aoi
esteit,être1
verger,verger1
suz,sous
perrun,perron1
bloi,bleu
culchet,coucher
Envirun,environ
milie,mille1
humes,homme
apelet,appeler
cuntes,comte
pecchet,péché
encumbret,encombrer
dulce,doux
cunfundre,confondre
Jo,je
dunne,donner
derumpet,dérompre
Conseilez,conseiller2
mei,moi
cume,comme
savie,sage1
hume,homme
guarisez,guérir
hunte,honte
respundet,répondre
Blancandrins,Blancandrin
Castel,château
Valfunde,Val-Fonde
saives,sage1
Prozdom,prudhomme
sun,son4
seignur,seigneur
aider,aider
Ore,or2
vus,vous
Mandez,mander
Carlun,Charles
orguillus,orgueilleux
Fedeilz,fidèle
amistez,amitié
durrez,donner
urs,ours
leons,lion
camelz,chameau
hosturs,autour1
muers,muier
cargez,charger
Cinquante,cinquante
carre,charre
ferat,faire
carïer,charrier3
Ben,bien
purrat,pouvoir2
luer,loyer
soldeiers,soudoyer1
osteiet,ostoyer1
deit,devoir2
repairer,repairer
seint,saint
chrestïens,chrétien
Serez,être1
honur,honneur
enveiez,envoyer
U,ou1
afïancer,afiancer
Enveiuns,envoyer
muillers,moillier
ocire,occire
enveierai,envoyer
men,mon1
melz,mieux
chefs,chef
perduns,perdre
onur,honneur
deintet,deintié
seiuns,être1
cunduiz,conduire
mendeier,mendier1
Pa,par1
meie,mien
ventelet,venteler
Franceis,Français
sempres,sempres
desfere,défaire
Francs,Franc
irunt,aller
lur,leur2
serat,être1
capele,chapelle1
tendrat,tenir
halte,haut
Vendrat,venir
jurz,jour
passerat,passer1
orrat,ouïr
nuveles,nouveau
curages,courage
trecher,trancher
aiuns,avoir1
suffraites,souffrète
Dient,dire1
Issi,issir
cunseill,conseil
finet,finer1
Sin,si4.en
apelat,appeler
Clarin,Clarin
Balaguet,Balaguer
Estamarin,Estamarin
Eudropin,Eudropin
Priamun,Priamon
Guarlan,Guarlan
barbet,barbé
Machiner,Machiner
uncle,oncle
Maheu,Maheu
Joüner,Joüner
Malbien,Malbien
ultre,outre2
cunter,conter
feluns,félon
Seignurs,seigneur
baruns,baron
Carlemagne,Charlemagne
Cordres,Cordres
Branches,branche
olive,olive1
portereiz,porter1
Ço,ce1
senefiet,signifier
saveirs,savoir1
sem,si3.me
puëz,pouvoir2
durrai,donner
Teres,terre1
vuldrez,vouloir
avun,avoir1
ireiz,aller
Pur,pour
soen,sien
mercit,merci
verrat,voir1
premer,premier1
od,o1
fedeilz,féel
chrestïene,chrétien
Serai,être1
amur,amour1
voelt,vouloir
avrat,avoir
Mult,moult
avreiz,avoir1
mules,mule1
Marsilies,Marsile
Suatilie,Suatille
muntez,monter
Enz,ens
alques,auques
engignent,engigner
balz,baud
peceiez,peçoyer
Od,o1
cadables,chäable
turs,tour1
abatied,abattre1
eschech,eschiec
unt,avoir1
guarnemenz,garnement2
seit,être1
chrestïen,chrétien
Ensembl',ensemble
Rollant,Roland
Oliver,Olivier
Sansun,Samson
Anseïs,Anseïs
Gefreid,Geoffroy
gunfanuner,gonfalonier
Gerers,Gerier
milliers,millier1
palies,poêle1
blancs,blanc
siedent,seoir
cevaler,chevalier
juent,jouer
esbaneier,esbanoyer
eschecs,échec
saive,sage1
veill,vieux
escremissent,escremir
leger,léger
Desuz,dessous
eglenter,églantier
faldestoed,fauteuil
Blanche,blanc
flurit,fleurir
cuntenant,contenant
kil,qui1.le
demandet,demander
estoet,estovoir
enseigner,enseigner
pied,pied
Sil,si4.le
premereins,premerain
parled,parler
Salvet,sauver
Glorius,glorieux
devuns,devoir2
aürer,aorer
Iço,ce1
mandet,mander
Enquis,enquérir
salvetet,sauveté
duner,donner
Urs,ours
leuns,lion
veltres,vautre
enchaignez,enchaîner
cameilz,chameau
muez,muer
trussez,trousser
care,charre
Dunt,dont
purrez,pouvoir2
sivrat,suivre
avoez,avoué
Baisset,baisser
hastifs,hâtif
custume,coutume
parolet,parler
redrecet,redresser
lu,le
Vus,vous
purrai,pouvoir2
Voet,vouloir
hostages,otage
Sarrazins,Sarrasin
sin,si4.en2
quid,cuider
seignurill,seigneurial
Peril,péril
vuldrat,vouloir
respunt,répondre
Uncore,encore
Bels,beau
soleilz,soleil
mulez,mulet1
hosteler,hosteler
.XII.,douze
serjanz,sergent1
cunreez,conréer
demurent,demeurer
levet,lever
escultet,écouter
desuz,dessous
Oger,Ogier
Turpin,Turpin
Velz,vieux
nevold,neveu
Gascuigne,Gascogne
quens,comte
Acelin,Acelin
Tedbald,Tedbald
Reins,Reims
Milun,Milon
cusin,cousin
caeignables,chäenable
muables,muable
Arabe,Arabe
iço,ce1
alge,aller
mun,mon1
recevrat,recevoir
Chrestïens,chrétien
jo,je
cuvent,convenir
guarde,garde1
otriet,octroyer
drecet,dresser
cuntredire,contredire
crerez,croire
cunquis,conquérir
Noples,Noples
Commibles,Commibles
Valterne,Valterne
Pine,Pine
Balasgued,Balaguer
Tuele,Tuele
Sezilie,Sezille
enveiat,envoyer
portout,porter1
Nuncerent,noncer
presistes,prendre
Loerent,louer1
legerie,légerie
Dous,deux
tramesistes,tramettre
Basan,Besan
Basilies,Basile
Haltilie,Haltilie
guer,guerre
banie,bannir2
tute,tout2
vengez,venger
fels,félon
enbrunc,embronc
duist,duire2
afaitad,affaiter
gernun,grenon1
nevuld,neveu
taisent,taire
Guenelun,Ganelon
fierement,fièrement
bricun,bricon
prod,preu
nun,nom
Marsiliun,Marsile
devendrat,devenir
tenum,tenir
Ki,qui1
lodet,louer1
degetuns,déjeter
muriuns,mourir
Cunseill,conseil
orguill,orgueil
dreiz,droit2
munt,mont
Laissun,laisser
fols,fou1
tenuns,tenir
Neimes,Naimes
venud,venir
entendud,entendre
respondud,répondre
Saveir,savoir1
vencud,vaincre
castels,château
caables,chäable
fruiset,froisser
arses,ardre
vencuz,vaincre
Pecchet,péché
fereit,faire
dunc,donc
soürs,sûr
munter,monter
parlet,parler
enveieruns,envoyer
Marsilïuns,Marsile
Respunt,répondre
Livrez,livrer
bastun,bâton
uan,oan
luign,loin
sedeir,seoir
sumunt,semondre
purruns,pouvoir2
enveier,envoyer
Al,à.le
Nu,ne1
crendreie,craindre
meslisez,mêler
Ambdui,ambedeux
taisez,taire
porterez,porter1
blancher,blanchoyer
duze,douze
serunt,être1
jugez,juger
aquisez,accoiser
Turpins,Turpin
Laisez,laisser
oüd,avoir1
peines,peine
ahans,ahan
Dunez,donner
Sarazin,Sarrasin
vedeir,voir1
maltalant,maltalent
desur,dessure
cumant,commander
eslisez,élire
parastre,parâtre
lessez,laisser
trametrez,tramettre
anguisables,angoissable
getet,jeter
grandes,grand
pels,peau
martre,martyr
blialt,bliaud
Vairs,vair
oilz,oeil
esguardent,égarder
Tut,tout2
quei,no_lem
esrages,esrager
parastres,parâtre
juget,juger
dunet,donner
muvra,mouvoir
durerat,durer1
trestut,trestout
tun,ton2
edage,âge
Orgoill,orgueil
manace,menacer
comandet,commander
frai,faire
esclair,éclairer
cumençat,commencer
Dunc,donc
doel,deuil
fent,fendre
cunte,comte
turnet,tourner
fals,fausser
Dreiz,droit2
veiz,voir1
Ademplir,aemplir
voeill,vouloir
Hom,homme
Ensurquetut,ensurquetout
soer,soeur
Baldewin,Baudoin
prozdoem,prudhomme
honurs,honneur
fieus,fief
Guardez,garder
Tro,trop
coer,coeur
Oït,ouïr
jugent,juger
cumpainz,compagnon
Desfi,défier
veiant,voir1
jol,je.le
guarant,garant
Basant,Basan
iloec,illuec
caït,choir
avendrat,advenir
dunez,donner
cungied,congé
dei,doigt
asols,absoudre
seignet,signer
livrat,livrer
bref,bref
cunreer,conréer
recuvrer,recouvrer
Esperuns,éperon
Ceint,ceindre
Murglies,Murgleis
costed,côté
Tachebrun,Tachebrun
destrer,destrier1
munted,monter
estreu,étrier
Guinemer,Guinemer
veïsez,voir1
mare,mar
ested,ester
Noble,noble1
jugat,juger
doüsez,devoir2
Charlemagne,Charlemagne
tensez,tenser
doüst,devoir
estrait,extraire
parented,parenté
placet,plaire
Damnedeu,Damedieu
Mielz,mieux
moerge,mourir
muiller,moillier
aidez,aider
Entret,entrer
veie,voie
achiminez,acheminer
chevalchet,chevaucher
Asemblet,assembler1
sarrazins,sarrasin
atarget,atarger
Merveilus,merveilleux
trestute,trèstout
Engletere,Angleterre
passat,passer1
salse,salse
oes,ues
Perre,père
chevage,chevage
requert,requérir
Itels,tel
Jamais,jamais
encuntre,encontre2
funt,faire
dunent,donner
altrui,autrui
cunfundent,confondre
més,mais1
uncore,encore
Er,Er
sedeit,seoir
predet,preder
dejuste,dejoste
Carcasonie,Carcasoine
vermeille,vermeil1
pume,pomme
trestuz,trèstous
curunes,couronne
soens,sien
orgoilz,orgueil
devreit,devoir2
Kar,car
abandunet,abandonner
Seit,être1
ociet,occire
avriumes,avoir1
tutes,tous
teres,terre1
chalengement,chalongement
quiet,cuider
espleiter,exploiter
franceise,français
faldrunt,faillir
Muls,mul
destrers,destrier1
Cunquerrat,conquérir
Orient,Orient
chevalcherent,chevaucher
plevit,plevir
querreient,quérir
if,if
faldestoet,fauteuil
Envolupet,envelopper
alexandrin,alexandrin
entur,entour
celoi,celui
vuldreient,vouloir
Blanchandrins,Blancandrin
puig,poing
Salvez,sauver
Mahum,Mahom
seintes,saint
leis,loi1
fesime,faire
Charlun,Charles
Ambes,ambe
levat,lever
cuntremunt,contremont
Loat,louer1
respuns,répons
enveiet,envoyer
diet,dire1
orrum,ouïr
purpenset,pourpenser
saver,savoir1
Cume,comme
devum,devoir2
Carlemagnes,Charlemagne
seinte,saint
chrestientet,chrétienté
Demi,demi
fiu,fief
cest',cist
vulez,vouloir
otrier,octroyer
poësted,poësté
amenet,amener
murrez,mourir
viltet,vileté
esfreed,effrayer
algier,algier
enpenet,empenné
desturnet,détourner
culur,couleur1
algeir,algier
hanste,hanste
crollee,crouler
Cuntre,contre3
deie,doigt
furrer,fourreau
getee,jeter
dirat,dire1
suls,seul
cuntree,contrée
avrunt,avoir1
cumperee,comparer2
Desfaimes,défaire
mellee,mêlée
preierent,prier
Algalifes,augalie
baillit,baillir
asmastes,esmer
doüssez,devoir2
esculter,écouter
avent,advenir
suffrir,souffrir
lerreie,laisser
poësteïfs,poesteif
Afublez,affubler
sabelin,sabelin
cuvert,couvrir
Getet,jeter
sil,si4.le
receit,recevoir
Blancandrin,Blancandrin
puign,poing
orié,oré1
punt,pont
aproismet,approismer
curuciez,courroucer
Quar,car
durat,donner
fiet,fief
meitet,moitié
orguillos,orgueilleux
parçuner,parçoneur
vendrat,venir
aseger,assiéger
poëstet,poësté
lïez,lier
Menet,mener
dreit,droit2
palefreid,palefroi
puissez,pouvoir2
chevalcher,chevaucher
sumer,sommier1
perdrez,perdre
poign,poing
livret,livrer
esculurez,escoloré
Freint,fraindre
Guardet,garder
Carle,Charles
remembre,remembrer
dolur,douleur
Basilie,Basile
Haltoïe,Haltoïe
envei,envoyer
algalife,augalie
Altrement,autrement
amerat,aimer
parlat,parler
erret,errer2
vivet,vivre
branlie,branler
Vait,aller
apuier,appuyer
tige,tige
meinet,mener
ensembl',ensemble
canud,chenu
peil,poil1
Jurfaret,Jurfaret
heirs,hoir
algalifes,augalie
Apelez,appeler
ameneiz,amener
deiz,doigt
josqu',jusque
purparolent,pourparler
traïsun,trahison
seinz,saint
demustrai,démontrer
Guaz,gager
sabelines,sabelin
Melz,mieux
amendise,amendise
desotrei,desoctroyer
sacez,savoir1
vielz,vieux
uset,user
Men,mien
escïent,escient
demened,démener
Tanz,tant
colps,coup
escut,écu
bucler,bouclier2
cunduit,conduire
mendisted,mendicité
osteier,ostoyer1
preiser,priser1
bontet,bonté
purreit,pouvoir2
acunter,acompter
enluminet,enluminer
Meilz,mieux
murir,mourir
barnet,barné
merveiller,merveiller
canuz,chenu
escïentre,escient
traveillet,travailler
cols,cou
mendistiet,mendicité
cape,cape1
Funt,faire
enguardes,angarde
Soürs,sûr
crent,craindre
Merveille,merveille
C.,cent
alet,aller
cunquerant,conquérir
trenchanz,tranchant
Orïent,Orient
cumpain,compagnon
verreiz,voir1
cumbatre,combattre
Carlle,Charles
feiz,fois
Lessez,laisser
empereür,empereur
merveilt,merveiller
enveiereiz,envoyer
repairerat,repairer
rereguarde,reregarde
lerrat,laisser
derere,derrière
curteis,courtois
creit,croire
Carlles,Charles
cadeir,choir
guerreit,guerroyer1
Cumfaitement,confaitement
Sizer,Cize
detrés,derrière
cumpaignie,compagnie
rendent,rendre
blecee,blesser
blesmie,blêmir
martirie,martyre1
Altre,autre
livrez,livrer
estuertrat,estordre
Chi,qui1
perdreit,perdre
remeindreient,remanoir
merveilluses,merveilleux
asemblereit,assembler1
Tere,terre1
Major,Majeur
remeindreit,remanoir
Quan,quand
baiset,baiser2
parlereient,parler
dunt,dont
jurrez,jurer
Murgleis,Murgleis
jurat,jurer
forsfait,forfait
Tervagan,Tervagan
juret,jurer
troevet,trouver
Cumbatrat,combattre
murrat,mourir
veirement,voirement
Valdabruns,Valdabron
meillur,meilleur
helz,heut
manguns,mangon1
duins,donner
poüsum,pouvoir2
mentuns,menton
Climorins,Climorin
helme,heaume
unches,onques
marchis,marquis
poüssum,pouvoir2
hunir,honnir
respundit,répondre
buches,bouche1
reine,reine
Bramimunde,Bramimonde
priset,priser1
nusches,noche2
matices,améthyste
jacunces,jacinthe
Rume,Rome
hoese,house
butet,bouter1
Malduit,Malduit
tresorer,trésorier
cargiez,charger
espalle,épaule
turnez,tourner
curage,courage
dunner,donner
.X.,dix
altretel,autretel
presentez,présenter
Pois,puis
Liverrai,livrer
Mei,moi
entret,entrer
veiage,voyage
Galne,Galne
treüd,treü
albe,aube1
esclairet,éclairer
verte,vert
parjurez,parjurer
veisdie,voisdie
Halbers,haubert
alquanz,alquant
healmes,heaume
Ceintes,ceindre
punz,pont
neielez,nieller1
conduistrent,conduire
Marcilie,Marsile
chrestïentet,chrétienté
oüssent,avoir1
siglet,cingler2
Sis,son4
aquillit,accueillir
ored,oré2
neiez,nier1
oüsse,avoir
Jointes,joindre
Gracïet,gracier
grailles,grêle3
suner,sonner
desherbergent,deshéberger
sumers,sommier1
guastede,gâter
violees,violer1
cuntre,contre3
Paien,païen
greignurs,graindre
Halbercs,haubert
Healmes,heaume
lacez,lacer
ceintes,ceindre
adubees,adouber
bruill,breuil
ajurnee,ajournée
dulur,douleur
Tresvait,tresaller
aserie,asserir1
Sunjat,songer
eret,être1
teneit,tenir
fraisnine,fraisnin
estrussee,estrousser
brandie,brandir
escicles,éclisse
esveillet,éveiller
avisiun,avision
sunjat,songer
morst,mordre
Ardene,Ardenne
leuparz,léopard
Sun,son4
demenie,demaine
avalat,avaler
galops,galop
salz,saut1
oreille,oreille
ver,voir2
trenchat,trancher
Ireement,irément
cumbat,combattre
lepart,léopard
liquels,lequel
veintrat,vaincre
esveillat,éveiller
host,ost
destreiz,détraire
reguardet,regarder
vifs,vif
dïables,diable
ansguarde,angarde
Denemarche,Danemark
facet,faire
juger,juger
cher,cher
jugiet,juger
perdrat,perdre
deiet,devoir2
runcin,roncin
eslegiet,esliger1
culvert,culvert
put',put
aire,aire2
Quias,cuider
caïst,choir
tei,toi
reproverunt,réprouver1
chedet,choir
detoerst,détordre
muer,muer
plurt,pleurer
Anprés,emprès
entendut,entendre
irascut,iraistre
jugee,juger
tendut,tendre2
truvez,trouver
aiut,aider
lerrai,laisser
salvement,sauvement2
nïent,néant
cunfunde,confondre
desment,démentir
retendrai,retenir
Passez,passer1
soürement,sûrement
crendrez,craindre
muntet,monter
Otes,Oton
Berengers,Bérengier
Astors,Astor
veillz,vieux
Gerart,Gérard
Rossillon,Roussillon
Gaifiers,Gaifier
Gualters,Gautier
Gualter,Gautier
Hum,Hum
Pernez,prendre
purpernez,pourprendre
nis,neïs
perdet,perdre
desrenget,déranger
destreit,détroit1
descendrat,descendre
Enceis,ainçois
seient,être1
Almaris,Almaris
Belferne,Belferne
Halt,haut
tenebrus,ténébreux
merveillus,merveilleux
.XV.,quinze
rimur,rumeur
venent,venir
Majur,Majeur
Guascuigne,Gascogne
remembret,remembrer
fius,fils
pulcele,pucelle
oixurs,oisour
pitet,pitié
anguissus,angoisseux
lesset,laisser
Pitet,pitié
cumpaigne,compagne
Nen,ne1
poür,peur
dutance,doutance
repairet,repairer
Suz,sous
cuntenance,contenance
Dejuste,dejoste
pleigne,plaindre
Enoit,anuit
un',un
angele,ange
puinz,poing
depeçout,dépecer
escange,échange
tendrur,tendreur
merveilluse,merveilleux
duns,don
ciclatuns,siglaton
chevals,cheval
Cuntes,comte
vezcuntes,vicomte
almaçurs,aumaçor
amirafles,amirafle
cunturs,contour2
ajustet,ajuster
taburs,tambour
tur,tour1
cuntençun,contençon
Certaine,Certane
vals,val1
munz,mont
gunfanuns,gonfalon
cumpaignuns,compagnon
lesserat,laisser
mulet,mulet1
tuchant,toucher
servit,servir
oüt,avoir
vencues,vaincre
colp,coup
ocirai,occire
espiet,espiet
trenchant,tranchant
aquiterai,acquitter
entresqu',entresque
Durestant,Durestant
recrerrunt,recroire
Eslisez,élire
Sim,si4.me
cumbatrai,combattre
premerein,premerain
Falsaron,Falsaron
irum,aller
ferum,faire
ocirum,occire
Corsalis,Corsalis
Barbarins,Barbarin
cuard,couard1
Malprimis,Malprimis
Brigant,Brigant
piet,pied
escriet,écrier
cunduirai,conduire
Rencesvals,Roncevaux
amurafles,amuafle
Balaguez,Balaguer
oüst,avoir1
juer,jouer
murrunt,mourir
viltiet,vileté
Recreanz,recroire
remeindrat,remanoir
quitedet,quitëé
mercïet,mercier2
Moriane,Maurienne
felun,félon
guierai,guyer
pleignet,plaindre
Turgis,Turgis
Turteluse,Tortelose
vode,voeu
juindre,joindre
guarantisun,garantison
lunge,long
Durendal,Durandal
laquele,lequel
irat,aller
desure,dessure
abandunent,abandonner
deol,deuil
porterat,porter1
curone,couronne
Escremiz,Escremiz
orgoill,orgueil
desfaire,défaire
cadelet,chadeler
vassals,vassal
suffraite,souffrète
Esturganz,Esturgant
Estramariz,Estramariz
traïtur,traître
suduiant,souduire
aiderez,aider
cunduire,conduire
respundent,répondre
asaldrum,assaillir
feruns,faire
vermeilles,vermeil1
chald,chaud
metrum,mettre
Curant,courir
Margariz,Margariz
Sibilie,Séville
entrequ',entresque
Cazmarine,Cazmarines
beltet,beauté
esclargisset,éclargir
riet,rire1
enheldie,enheuder
amiralz,amiral
vermeill,vermeil1
hunie,honnir
flurie,fleuri
jurn,jour
avrum,avoir
Gesir,gésir
porrum,pouvoir2
burc,bourg
parfundement,parfondément
enclinet,encliner
Chernubles,Chernuble
Munigre,Munigre
Josqu',jusque
chevoel,cheveu
balient,baloyer
Greignor,graindre
portet,porter1
giu,jeu
enveiset,envoiser
sumeient,someiier
Icele,cil
Soleill,soleil
blet,blé
creistre,croître
Pluie,pluie
chet,choir
rusee,rosée1
adeiset,adeser
Piere,Pierre
neire,noir
meignent,manoir2
teindrai,teindre1
asaill,assaillir
creire,croire
cunquerrai,conquérir
alient,allier1
meinent,mener
arguënt,arguer
hasteient,hâter
Vunt,aller
aduber,adouber
sapide,sapine
adubent,adouber
osbercs,haubert
sarazineis,sarrasinois
plusur,plusieurs
dublez,doubler
Lacent,lacer
elmes,heaume
sarraguzeis,sarragoçois
Ceignent,ceindre
acer,acier
vianeis,viennois
valentineis,valenciennois
blois,bleu
vermeilz,vermeil1
Laissent,laisser
palefreiz,palefroi
muntent,monter
estreiz,étroit1
guarnement,garnement2
reflambeit,reflamber
Sunent,sonner
purum,pouvoir2
otreit,octroyer
susfrir,souffrir
chalz,chaud
freiz,froid
quir,cuir
guart,garder
empleit,employer
malvaise,mauvais
chantet,chanter
Malvaise,mauvais
su,sud
herbus,herbu
paienur,païenor
cumpaignun,compagnon
vei,voir1
bruur,bruior
flambius,flambïos
Icist,cist
ferunt,faire
irur,ireur
sout,savoir1
Tais,taire
suns,sonner
asemblez,assembler1
Luisent,luire1
elme,heaume
gemmez,gemmer
safrez,safrer
gunfanum,gonfalon
Sul,seul
escheles,eschelle2
esguaret,égarer
avalet,avaler
acuntet,acompter
Unc,onques
Helmes,heaume
Dreites,droit2
hanstes,hanste
luisent,luire1
vertut,vertu
seium,être1
Dehet,dehé
faldrat,faillir
semblet,sembler1
Cumpaign,compagnon
kar,car
sunez,sonner
corn,corne1
returnerat,retourner
fereie,faire
perdreie,perdre
Sempres,sempres
Sanglant,sanglant
Felun,félon
Cumpainz,compagnon
olifan,olifant
returner,retourner
Succurrat,secourir
blasmet,blâmer
cheet,choir
costet,côté
ensanglentet,ensanglanter
returnerunt,retourner
seie,être1
cornant,corner1
reproece,reproche
sanglent,sanglant
ferrunt,férir1
vassalment,vassalement
veüt,voir1
Cuverz,couvrir
muntaignes,montagne1
lariz,larris
trestutes,trèstous
plaignes,plaine
talenz,talent
graigne,graindre
angles,ange
valur,valeur
huntage,hontage
venget,venger
eschiverunt,esquiver
Bon,bon
haltes,haut
prés,près
loinz,loin
oüssum,avoir1
damage,dommage
amunt,amont
Veeir,voir1
ultrage,outrage
cuardet,couarder
remeindrum,remanoir
caples,chaple
leon,lion
leupart,léopard
laisat,laisser
hum,homme
Fier,férir1
dunat,donner
moerc,mourir
sermun,sermon
Chrestïentet,chrétienté
sustenir,soutenir
Clamez,clamer
culpes,coulpe
preiez,préer
Asoldrai,absoudre
anmes,âme
esterez,être1
Sieges,siège
pareïs,paradis
beneïst,bénir
cumandet,commander
drecent,dresser
pecchez,péché
seignez,signer
curanz,courant2
Adobez,adouber
apareillez,appareiller1
savïez,savoir1
espïez,épier1
deners,denier
venger,venger
marchet,marché
estuvrat,estovoir
esleger,esliger1
Veillantif,Veillantif
curant,courant2
Portet,porter1
palmeiant,paumoyer1
turnant,tourner
Laciet,lacer
gunfanun,gonfalon
sivant,suivre
cleiment,clamer
dulcement,doucement
curteisement,courtoisement
suef,souef
matirie,martire
Encoi,enqui2
eschec,eschiec
Nuls,nul
unkes,onques
vunt,aller
ajustant,ajouter
chevalchez,chevaucher
purpensez,pourpenser
receivre,recevoir
ublïer,oublier
escrïet,écrier
Munjoie,montjoie
poüst,pouvoir2
remembrer,remembrer
fiertet,fierté
Brochent,brocher
fereient,férir1
dutez,douter
ajustez,ajouter
Aëlroth,Aelroth
Feluns,félon
hoi,hui2
justerez,jouter
Traït,trahir
Fols,fou1
Enquoi,enqui2
brochet,brocher
laiset,laisser
curre,courir
freint,fraindre
osberc,haubert
desclot,déclore
Trenchet,trancher
briset,briser
Tute,tout2
desevret,dessevrer
anme,âme
Enpeint,empeindre
brandir,brandir
Pleine,plein
meitiez,moitié
leserat,laisser
Ultre,outre2
laisad,laisser
Oi,hui2
Ferez,férir1
premers,premier1
glutun,glouton
Dathun,Dathon
Balbiun,Barbion
encrisme,encrieme
mesurer,mesurer
Ist,issir
prese,presse1
bandun,bandon
paienor,païenor
cuntrarius,contrarieux
oriez,oré1
esperuns,éperon
derumpt,dérompre
arçuns,arçon
manaces,menace
essoign,essoing
veintrum,vaincre
Corsablix,Corsablix
estrage,étrange
apelad,appeler
puum,pouvoir2
Cels,cil
guarit,guérir
entendit,entendre
voeillet,vouloir
freinst,fraindre
descumfist,déconfire
Empeint,empeindre
arere,arrière
laisserat,laisser
Culvert,culvert
mentit,mentir
fuïr,fuir
restifs,rétif1
Nuveles,nouvelle
ublit,oublier
Brigal,Brigal
dener,denier
bucle,boucle
meitiet,moitié
cuntreval,contreval
rumpt,rompre
entresque,entresque
charn,chair
enbat,embattre
quat,cat
Sathanas,Satan
amurafle,amirafle
desmailet,démailler
curaille,coraille
pleine,plein
almaçur,aumaçor
flurs,fleur1
firie,firie
pulmun,poumon
peist,peser1
oree,oré1
derumpit,dérompre
dubles,double
Empeinst,empeindre
tresturnet,trestourner
produme,prudhomme
Engelers,Engelier
Guascuinz,Gascon
Burdele,Bordeaux
escantelet,eschanteler
rompit,rompre
furceles,forcelle
Turnet,tourner
Estorgans,Estorgans
trenchet,trancher
rumput,rompre
trechant,tranchant
Berenger,Bérengier
Astramariz,Astramariz
isnels,isnel
legers,léger
ell,en1.le
tuchet,toucher
fruisset,froisser
abatiet,abattre1
desturber,détourber
Sunet,sonner
cumune,commun
asoüret,assurer
duret,durer1
Trait,traire
Chernuble,Chernuble
carbuncle,carboucle
cheveleüre,chevelure
faiture,faiture
maile,maille1
furcheüre,forchëure
aresteüe,arrêter
pred,pré
moüstes,mouvoir
aiude,aider
vencue,vaincre
Tient,tenir
taillet,tailler
espalles,épaule
target,targer1
deivent,devoir
caplent,chapeler1
Moerent,mourir
trunçun,tronçon
Malsarun,Malsaron
flur,fleur1
ansdous,ambedeux
Esturguz,Esturgoz
esclicet,éclisser2
Fers,fer
acers,acier
Halteclere,Hauteclaire
bosoign,besoin
mustree,montrer
Justin,Justin
Ferree,Ferrée
bronie,broigne
safree,safrer
gemmee,gemmer
ceval,cheval
trenchee,trancher
itels,tel
eimet,aimer
escriee,écrier
Sorel,Sorel
Passecerf,Passecerf
Laschent,lâcher
reisnes,rêne
amdui,ambedeux
Timozel,Timozel
tresturnent,trestourner
guaret,guéret
Liquels,lequel
Espuers,Esprieris
Burdel,Bordeaux
Siglorel,Siglorel
encanteür,enchanteur
artimal,artimaire
cundoist,conduire
Jupiter,Jupiter
Vencut,vaincre
aduree,adurer1
endementres,endementres
merveilus,merveilleux
Fierent,férir1
defendent,défendre1
Tant',tant
sanglente,sanglant
rumpu,rompre
tant',tant
reverrunt,revoir
Karles,Charles
pluret,pleurer
demente,démenter
calt,chaloir1
sucurance,secourance
Malvais,mauvais
rendit,rendre
maisnee,maisnie
alat,aller
perdit,perdre
parenz,parent
trente,trente
ourent,avoir
targent,targer1
cumunement,communément
millere,millier1
guarent,garant
Voillet,vouloir
laisset,laisser
turment,tourment
Orez,oré2
tuneire,tonnerre
Pluies,pluie
gresilz,grésil
desmesureement,démesurément
Chiedent,choir
fuildres,foudre1
menut,menu
suvent,souvent
terremoete,terremote
Seinz,saint
Dés,dès
Besentun,Besançon
Guitsand,Wissant
cravent,cravanter
tenebres,ténèbres
clartet,clarté
Hume,homme
espoant,épouvanter
definement,définement1
secle,siècle
dulors,douleur
ferut,férir1
vigur,vigueur
millers,millier1
fuls,foule
poent,pouvoir2
Geste,geste
Francor,francor
requerent,requérir
Plurent,pleurer
surt,sourdre
asemblee,assemblée
anumbrees,anombrer
perres,père
gemmees,gemmer
bronies,broigne
sasfrees,safrer
graisles,grêle3
sunent,sonner
compaign,compagnon
prendrat,prendre
Unches,onques
ajustee,ajouter
compainz,compagnon
Tantes,tant
afinees,affiner1
chançun,chanson
cantee,chanter
Abisme,Abisme
cumpagnie,compagnie
Teches,tache1
felonies,félonie
neirs,noir
peiz,pis1
demise,démettre
murdrie,meurtre
Galice,Galice
Vasselage,vasselage
estultie,estoutie
drud,dru1
dragun,dragon
desiret,désirer
quiement,coiement
herite,hérite
cuardie,couardie
tolit,tolir
Grossaille,Grossaille
aates,aate
Piez,pied
coplez,coupler
gambes,jambe
Curte,court
quisse,cuisse
crupe,croupe
Lungs,long
cue,queue1
crignete,crignete
jalne,jaune
falve,fauve
Beste,bête
asaillet,assaillir
amiracle,amiracle
topazes,topaze
Esterminals,esterminal
carbuncles,carboucle
Metas,Métas
Galafes,Galafe
esparignet,épargner
vaillet,valoir
voide,vide
veient,voir1
Suvent,souvent
regretent,regretter1
mespensant,mépenser
prozdom,prudhomme
malvaisement,mauvaisement
moerium,mourir
cumbatant,combattre
Pramis,promettre
prendrum,prendre
surum,être1
Seint,saint
abandunant,abandonner
Innocenz,Innocent
ebaldissent,ébaudir
Climborins,Climborin
Fïance,fiance
amistiet,amitié
baisat,baiser2
escarbuncle,escarboucle
metrat,mettre
toldrat,tolir
cleimet,clamer
Barbamusche,Barbamousche
esprever,épervier
arunde,aronde
Brochet,brocher
Engeler,Engelier
Guascoigne,Gascogne
derumpre,dérompre
avïum,avoir1
doinst,donner
mier,mier
Brandist,brandir
aversers,adversier
Alphaïen,Alphaïen
Escababi,Escababi
Arrabiz,Arabi1
deschevalcet,déchevaucher
guerreier,guerroyer1
Encuntre,encontre2
Valdabrun,Valdabron
Celoi,celui
drodmunz,dromon
eschipre,eschipre
cleimt,clamer
vïolat,violer1
Salomon,Salomon
funz,fonts
fïance,fiance
Gramimund,Gramimond
falcuns,faucon
Poëz,pouvoir2
Desur,dessur
gemmet,gemmer
Ambure,Amborre
quil,qui1.le
orguilz,orgueil
Affrike,Afrique
Affrican,Africain
venut,venir
Malquiant,Malquiant
Malcud,Malcud
batud,battre
Salt,saillir
Perdut,perdre
poisset,pouvoir2
Barun,baron
chantat,chanter
proecces,prouesse
tramette,tramettre
regrette,regretter1
esdemetre,esdemetre
Tulette,Tolède
Grandonies,Grandoine
Capuel,Capuel
Marmorie,Marmoire
volet,voler
Laschet,lâcher
Aprof,apruef
enseingne,enseigne
bloie,bleu
Guiun,Gui
Antonie,Antoine
Austorje,Austorge
Valeri,Valence
decheent,déchoir
dementent,démenter
quïet,cuider
fendre,fendre
consente,consentir
cuntence,contence
cumpert,comparer2
Grandonie,Grandoine
vertuus,vertueux
encuntret,encontrer
recunut,reconnaître
reguart,regard
espaent,épouvanter
Fuïr,fuir
vertuusement,vertueusement
nasel,nasel
Trestut,trèstout
jazerenc,jaseran
alves,auve1
recoevrement,recouvrement
ferent,férir1
Trenchent,trancher
eschines,échine
sancs,sang
afilet,afiler
maldie,maudire
criet,crier
Cevalche,chevaucher
Bosuign,besoin
merveillose,merveilleux
brunisant,brunir
veïssez,voir1
dulor,douleur
nasfret,navrer
Voelent,vouloir
guerpissent,guerpir
encacerent,enchaucier
cumpaign,compagnon
aluns,aller
recumencet,recommencer
Dur,dur
grefs,grief2
capler,chapeler1
brefs,bref
avenut,advenir
gref,grief2
Tuz,tous
franceis,français
seisante,soixante
esparniez,épargner
moergent,mourir
vendrunt,venir
haitet,haiter
Pleindre,plaindre
poüms,pouvoir2
remeint,remanoir
purrum,pouvoir2
manderum,mander
cument,comment2
quere,quérir
Cornerai,corner1
sereit,être1
reprover,réprouver1
dureit,durer1
loement,louement1
cornez,corner1
ambsdous,ambedeux
Colps,coup
cornerai,corner1
oüsum,avoir1
veeir,voir1
sorur,soeur
Alde,Aude
jerreiez,gésir
Karlon,Charles
Sem,si3.me
creïsez,croire
proecce,prouesse
Magnes,maigne
juïse,juise
defalt,défaillir
leial,loyal
cuntrarïer,contrarier
castïer,châtier
cuntralïez,contrarier
corners,corner1
avreit,avoir1
mester,métier
nepurquant,nonpourquant
Venget,venger
turner,tourner
descendrunt,descendre
Truverunt,trouver
detrenchez,détrancher
Leverunt,lever
plurrunt,pleurer
Enfuerunt,enfouir
aitres,aître
musters,moutier1
mangerunt,manger
porc,porc
chen,chien
sunet,sonner
.XXX.,trente
liwes,lieue
respundre,répondre
cumpaignes,compagne
desist,dire1
mençunge,mensonge
peine,peine
rumpant,rompre
Naimes,Naimes
oïd,ouïr
escultent,écouter
sunast,sonner
veilz,vieux
fluriz,fleuri
resemblez,ressembler
soefret,souffrir
eissirent,issir
cumbatirent,combattre
ewes,eau
lavat,laver
chevalcez,chevaucher
arestant,arrêter
aleine,haleine
traït,trahir
roevet,rover
feindre,feindre
Adubez,adouber
sucurez,secourir
dementet,démenter
corns,cor1
helmes,heaume
veïssum,voir1
durrïums,donner
demuret,demeurer
Esclargiz,éclargir
soleil,soleil
adub,adoub
Osbercs,haubert
getent,jeter
flabur,flambor
peinz,peindre
oret,orer
cevalchet,chevaucher
curoçus,courrouceux
cous,queux1
maisun,maison
Besgun,Besgon
cumpaignons,compagnon
peiurs,pire1
peilent,peler
gernuns,grenon1
Cascun,chacun
batirent,battre
bastuns,bâton
caeignun,chaignon
encaeinent,enchaîner
deshonor,déshonneur
guardent,garder
parfunt,parfond
graisle,grêle2
rachatent,racheter
ireement,irément
curuçus,courrouceux
dement,démenter
guarisset,guérir
Josque,jusque
vengent,venir
Demurent,demeurer
poedent,pouvoir2
Puignent,poindre
demeint,démener
irance,irance
cataigne,capitaine
blecet,blesser
meillurs,meilleur
cataignes,capitaine
gentill,gentil1
Tutes,tous
Meillors,meilleur
lungement,longuement2
Carlon,Charles
dulz,doux
desertet,déserter2
ruboste,rubeste
exill,exil2
Barons,baron
tenser,tenser
guarantir,garantir
Aït,aider
murra,mourir
alum,aller
referir,reférir
Faldrun,Faldrun
Pui,puis
.XXIIII.,vingt-quatre
preisez,priser1
cerfs,cerf
Itel,tel
altrement,autrement
monie,moine
mustiers,moutier1
prierat,prier
peccez,péché
esparignez,épargner
prisun,prison1
bataill,bataille
defensïon,défension
barunt,baron
Gaignun,Gaignon
Bevon,Bevon
Belne,Beaune
Digun,Dijon
descunfisun,desconfusion
Yvoeries,Ivoire
Ivon,Ivon
Gerard,Gérard
Russillun,Roussillon
guaires,guère
loign,loin
Damnesdeus,damedieu
duinst,donner
ociz,occire
Colp,coup
departum,départir
enquoi,enqui2
Jurfalen,Jurfaleu
Blund,blond
escrient,écrier
guerpirunt,guerpir
fuiums,fuir
rapelt,rappeler
fuït,fuir
uncles,oncle
Marganices,Marganice
Kartagene,Carthage
Garmalie,Garmalie
Ethiope,Éthiopie
maldite,maudire
paienime,païenime
recevrums,recevoir
matyrie,martire
vende,vendre
furbies,fourbir
calengez,challenger
discipline,discipline
truverat,trouver
beneïsse,bénir
arrement,arrement
murrum,mourir
recumenz,commander
lenz,lent
orgoil,orgueil
cunfort,confort
descust,descorre2
agut,aigu
cristaus,cristal
acraventet,acravanter
abatut,abattre1
perdut,perdre
muiler,moillier
veüd,voir1
vanteras,vanter
tolut,tolir
buclers,bouclier2
desmembrer,démembrer
haltement,hautement
justez,jouter
ermes,être
desevrez,dessevrer
Teint,teindre1
desculuret,décolorer
raiet,rayer3
cheent,choir
esclaces,esclace
cuntrevaillet,contrevaloir
cun,comme
remendras,remanoir
guaste,gast1
cunfundue,confondre
chaiete,choir
pasmet,pâmer
naffret,navrer
seinet,saigner
trublet,troubler
gemet,gemmer
detrenchet,détrancher
adeset,adeser
soelt,souloir
desfïet,défier
veied,voir1
Ferut,férir1
pardunez,pardonner
Jol,je.le
parduins,pardonner
clinet,cliner
desevred,dessevrer
angoisset,angoisser
Ansdous,ambedeux
turnent,tourner
Durement,durement
culpe,coulpe
ambesdous,ambedeux
juintes,joindre
priet,prier
dunget,donner
Karlun,Charles
Falt,faillir
embrunchet,embroncher
justet,jouter
duluset,doulouser
Ensemble,ensemble
Nem,ne1.me
fesis,faire
forsfis,forfaire
Afermet,affermer1
estreus,étrier
alt,aller
chaïr,choir
aperceüt,apercevoir
pasmeisuns,pâmoison
apareüt,apparoir
Senz,sans
senz,sans
Repairez,repairer
cumbatuz,combattre
vencut,vaincre
Voeillet,vouloir
reclaimet,réclamer
Unkes,onques
Maëlgut,Maelgut
Droün,Droon
vieill,vieux
canut,chenu
suleie,souloir
drut,dru1
percet,percer
murrai,mourir
vendut,vendre
maltalentifs,maltalentif
.VI.,six
algent,aller
recumencent,recommencer
revunt,raller
guerrer,guerrier
essaiet,essayer
laisser,laisser
.XL.,quarante
aproismer,approismer
wigres,guivre
museras,migerat
agiez,algier
gieser,gieser
Quasset,casser
Dedesuz,dedesuz
ocient,occire
Isnelement,isnellement
resailit,resaillir
curut,courir
recreüt,recroire
Almace,Almace
esparignat,épargner
Tels,tel
Alquanz,alquant
nafrez,navrer
icels,cil
Gilie,Gilles
muster,moutier1
Loüm,Laon
gentement,gentement
tressuët,tressuer
Rumput,rompre
cornat,corner1
fieblement,faiblement
sunat,sonner
escultat,écouter
corner,corner1
vivrat,vivre1
chevalzt,chevaucher
Sunez,sonner
grasles,grêle3
Seisante,soixante
oëz,ouïr
novelet,nouveler
Perdud,perdre
avuns,avoir1
asemblent,assembler1
quient,cuider
estur,estour
endreit,endroit
maneviz,manevi
lerat,laisser
Enseml',ensemble
avruns,avoir1
Encui,enqui2
rendruns,rendre
ferrat,férir1
vengerat,venger
ajurnez,ajourner
repeiret,repairer
odum,ouïr
Lançuns,lancer
laissums,laisser
Espiez,espiet
museraz,migerat
enpennez,empenné
eströet,eströer
nafret,navrer
laisent,laisser
tendent,tendre2
encalcer,enchaucier
Voellet,vouloir
deslaçat,délacer
enbracet,embrasser
preiet,prier
cunget,congé
oümes,avoir1
laiser,laisser
Joes,je.le
voell,vouloir
entercer,entercier
Dedevant,dedevant
juster,jouter
enrenger,enranger
repairez,repairer
Cercet,chercher
cercet,chercher
Iloec,illuec
truvat,trouver
Gerer,Gerier
Attun,Aton
Truvat,trouver
reng,rang
dedevant,dedevant
genuilz,genou1
Lievet,lever
beneïçun,bénéisson
Mare,mar
metet,mettre
sentes,saint
recercer,rechercher
truvet,trouver
estreit,étreindre
embracet,embrasser
Idunc,donc
agreget,agréger2
Reiner,Renier
Runers,Runers
freindre,fraindre
peceier,peçoyer
orgoillos,orgueilleux
veintre,vaincre
prozdomes,prudhomme
cunseiller,conseiller2
poeit,pouvoir2
Tendrur,tendreur
plurer,pleurer
desculurez,décolorer
pasmer,pâmer
Tendit,tendre2
ewe,eau
durrat,donner
cancelant,chanceler1
fieble,faible
arpent,arpent
chaeit,choir
angoissant,angoisser
guardet,garder
nobilie,nobile
Cleimet,clamer
amsdous,ambedeux
juinz,joindre
campiuns,champion
buele,boëlle
frunt,front
buillit,bouillir
Cruisiedes,croiser
Forment,fortement
bon',bon
Hoi,hui2
celeste,céleste
volenters,volontiers
apostles,apôtre
sufraite,souffrète
uverte,ouvrir1
apelt,appeler
Gabriel,Gabriel
Prist,prendre
reproce,reproche
Dun,dont
arcbaleste,arbalète
Muntet,monter
perruns,perron1
caeit,choir
esguardet,égarder
feinst,feindre
luat,löer
astet,hâter
saisit,saisir
tireres,tirer
Uvrit,ouvrir1
Fruisset,froisser
Amsdous,ambedeux
tienget,tenir
Fenduz,fendre
olifans,olifant
Caiuz,choir
cristals,cristal
esvertuet,évertuer
perre,père
byse,bis1
Cruist,croissir
esgruignet,esgrumer
aiüe,aide1
perd,perdre
escumbatues,escombattre
canue,chenu
fuiet,fuir
lung,long
asolue,absoudre
ferit,férir1
sardonie,sardoine
esgrunie,esgrumer
pleindre,plaindre
luises,luire1
reflambes,reflamber
dunast,donner
cataignie,capitaine
Peitou,Poitou
Maine,Maine
Equitaigne,Aquitaine
Lumbardie,Lombardie
Romaine,Romagne
Baiver,Bavière
Burguigne,Bourgogne
Puillanie,Pouille
Costentinnoble,Constantinople
Saisonie,Saxe
Vales,Galles
Islonde,Islande
Cunquis,conquérir
cruist,croissir
resortie,ressortir1
freindrat,fraindre
pleinst,plaindre
seintisme,saintisme
oriet,oré1
chevels,cheveu
vestement,vêtement
baillisent,baillir
cunquises,conquérir
tresprent,tresprendre
Turnat,tourner
paiene,païen
puroffrid,pouroffrir
tues,tien
dés,dès
ure,heure
consoüt,consuivre
Angles,ange
plusurs,plusieurs
lign,lin2
suspirt,soupirer
ubli,oubli1
Veire,voir2
Patene,paterne
mentis,mentir
Lazaron,Lazare
resurrexis,résurrexi
guaresis,guérir
Guaris,guérir
puroffrit,pouroffrir
Juntes,joindre
Cherubin,Chérubin
parvient,parvenir
senter,sentier
alne,aune
Ive,Ivon
Ivorie,Ivoire
aveie,avoir1
Veilz,vieux
chelt,chaloir1
respundiet,répondre
cumencer,commencer
Tiret,tirer
iret,iré
nevolz,neveu
Vedeir,voir1
puldrus,poudreux
Vengez,venger
luinz,loin
Cunsentez,consentir
dreiture,droiture
Gebuin,Geboin
Otun,Oton
Tedbalt,Tedbald
adeist,adeser
lïon,lion
esquier,écuyer
garçun,garçon
defend,défendre1
revengum,revenir
Tenent,tenir
enchalz,enchaus
cumunel,communal
decliner,décliner
Culchet,coucher
demurer,demeurer
falt,faillir
Venger,venger
Karlemagne,Charlemagne
chalcent,chasser
Tenebrus,ténébreux
enchalcent,enchaucier
pleners,plénier
ocïant,occire
Tolent,tolir
Sebre,Ebre
parfunde,parfond
drodmund,dromon
caland,chaland1
Paiens,païen
recleiment,réclamer
Tervagant,Tervagan
adubez,adouber
turnerent,tourner
miez,mieux
boüd,boire1
neiet,noyer2
descendut,descendre
graciet,gracier
Tens,temps
herberger,héberger
ennuiez,ennuyer
Tolez,tolir
freins,frein
laisez,laisser
refreider,refroider
Respundent,répondre
toleites,tolir
Livrent,livrer
cunreid,conroi
poeënt,pouvoir2
escalguaite,échauguette
culcet,coucher
pret,prêt1
vestut,vêtir
sasfret,safrer
Ceinte,ceindre
Joiuse,Joyeuse
muët,muer
savum,savoir1
cruiz,croix
manuvrer,manoeuvrer
nums,nom
Baruns,baron
ublier,oublier
Enseigne,enseigne
cuntrester,contrester
Clere,clair1
peiset,peser
sanglenz,sanglant
muër,muer
Endormiz,endormir
dorment,dormir
puisset,pouvoir
avisium,avision
anunciet,annoncer
Senefïance,signifiance
demustrat,démontrer
guardat,garder
Veit,voir1
tuneires,tonnerre
giels,gel
orez,oré2
tempez,tempest
flambes,flambe
Ardent,ardre
fraisne,frêne
pumer,pommier
jesqu',jusque
bucles,boucle
Fruissent,froisser
Cruissent,croissir
manger,manger
Serpenz,serpent
guivres,guivre
averser,adversier
Grifuns,griffon
agiet,ajeter
gualt,gaut
loiter,lutter
chaeines,chaîne
brohun,brohon
veeit,voir1
Diseient,dire1
rendez,rendre
sucurs,secours
acurt,accourir
asaillit,assaillir
greignur,graindre
veint,vaincre
mustret,montrer
angoiset,angoisser
Pluret,pleurer
doluset,doulouser
maldient,maudire
Apolin,Apollin
curent,courir
crute,crote
Tencent,tancer
despersunent,despersonner
dunes,donner
sceptre,sceptre
curune,couronne
pendent,pendre
culumbe,colombe2
defruisent,défroisser
fosset,fossé
butent,bouter1
mordent,mordre
defulent,défouler
Fait,faire
voltice,voûtis1
Plusurs,plusieurs
culurs,couleur1
caitive,chétif
desguarnie,dégarnir
bataillie,bataille
fuirat,fuir
plens,plein
Prent,prendre
chastels,château
alquantes,alquant
purcacet,pourchasser
seieler,sceller
Babilonie,Babylone
Baligant,Baligant
amiraill,amiral
antiquitet,antiquité
survesquiet,survivre
Virgilie,Virgile
sucurre,secourir
guerpirat,guerpir
ydeles,idole
quë,que
adorer,adorer
Mandet,mander
regnez,règne
Eschiez,esquif
nefs,nef1
navilie,navilie
empeintes,empeindre
averse,adverse
Siglent,cingler2
nagent,nager
guvernent,gouverner
vernes,verne
lanternes,lanterne1
pargetent,parjeter
Jesqu',jusque
parvunt,parvenir
Issent,issir
dulces,doux
Laisent,laisser
Marbrise,Marbrise
Marbrose,Malbrose
naviries,navilie
issut,issir
calan,chaland1
Espaneliz,Epaneliz
adestrant,adextrer
.XVII.,dix-sept
siwant,suivre
lorer,laurier
Oiez,ouïr
genoill,genou1
afichet,afficher
lairat,laisser
plaider,plaider
lodent,louer1
cunseillet,conseiller2
Clarifan,Clarifin
Clarïen,Clarien
Maltraïen,Maltraien
soleit,souloir
algez,aller
Marsilïun,Marsile
nunciez,noncer
pleiet,plier
chalcer,chausser1
bastuncel,bâtonceau
culzt,coucher
guerpisset,guerpir
toldrai,tolir
corune,couronne
alte,autre
Cher,cher
Passent,passer1
traversent,traverser
burgeis,bourgeois
estunt,ester
aproisment,approismer
fremur,fremeur
demeinent,démener
Pleignent,plaindre
Caitifs,chétif
devendrum,devenir
confusïun,confusion
Jurfaleu,Jurfaleu
blunt,blond
Trestute,trèstout
Lur,leur2
dedesuz,dedesuz
mantels,manteau
altisme,hautisme
bel',beau
Salvent,sauver
Rencesval,Roncevaux
devendrai,devenir
duluruse,douloureux
Messages,message1
sumes,être1
calant,chaland1
galees,galée1
Drodmunz,dromon
puisant,puissant
Rendre,rendre
quidet,cuider
truver,trouver
l,le
creint,craindre
Laissez,laisser
heir,hoir
her,hier1
seir,soir
Mun,mon1
vienge,venir
Quite,quitte
cleim,clamer
defendet,défendre1
deguastee,dégâter
vïolees,violer1
cel',cil
cunté,comté
liwees,lieue
amein,amener
mand,mander
justee,jouter
messager,messager
esfreet,effrayer
vuleit,vouloir
rereguarder,rieregarder
cumbatit,combattre
sevret,sevrer
suleit,souloir
Fuiant,fuir
enchacet,enchaucier
desvet,desver
Clarïens,Clarien
perdiet,perdre
enchalcet,enchaucier
Francés,Français
aproeciez,approcher
joüs,joyeux
faldestod,fauteuil
targez,targer1
Eissez,issir
cevalciez,chevaucher
enqui,enqui2
liverai,livrer
eissut,issir
amirals,amiral
Gemalfin,Gemalfin
chevalchat,chevaucher
Saraguce,Saragosse
tenut,tenir
Bramidonie,Bramidoine
Dolente,dolent
Chet,choir
sim,si4.me
drecez,dresser
guanz,gant
apent,appendre
receif,recevoir
plurant,pleurer
puignant,poindre
ures,heure
Esveillez,éveiller
Sein,saint
Levet,lever
signacle,signacle
rendut,rendre
veiez,voie
lunges,longues
Segnus,seigneur
vuldreie,vouloir
Eis,Aix
esteie,être
anoel,annuel
vanterent,vanter
esturs,estour
murreit,mourir
Cunquerrantment,conqueranment
finereit,finer1
jeter,jeter
herbes,herbe
parvenuz,parvenir
aled,aller
curs,corps
Gefrei,Geoffroy
Unques,onques
defenir,defenir1
astenir,abstenir
gaillard,gaillard
Turnez,tourner
tenebros,ténébreux
pleint,plaindre
glorius,glorieux
venis,venir
decarrat,déchoir
baldur,baudeur
sustienget,soutenir
crignels,crine
pleines,plein
Loün,Laon
Demanderunt,demander
dirrai,dire1
reialme,royaume
plur,pleurer
Vendrunt,venir
demanderunt,demander
cunquere,conquérir
revelerunt,révéler
Seisne,Saxon
Hungre,Hongrois
Bugre,Bulgare
Puillain,Pouille
Palerne,Palerne
Califerne,Califerne
enterrunt,entrer
guierat,guyer
remeines,remanoir
detraire,détraire
voldreie,vouloir
duinset,donner
Sirie,Cize
aluee,allouer1
enfuïe,enfouir
Ploret,pleurer
tiret,tirer
carner,charnier1
cumandez,commander
greisle,grêle3
Munies,moine
canonies,chanoine
proveires,provoire
coronez,couronner
Mirre,myrrhe
timonie,thymiame
Gaillardement,gaillardement
encensez,encenser
enterrez,enterrer
costeïr,costëir
uvrir,ouvrir1
quers,coeur
sarcou,cercueil
quirs,cuir
piment,piment
carettes,charrette
guiez,guyer
cuverz,couvrir
galazin,galaciien
surdent,sourdre
nuncent,noncer
alges,aller
Veiz,voir1
ameinet,amener
verrum,voir1
adubet,adouber
Lacet,lacer
escunset,esconser
Pent,pendre
Biterne,Biterne
Tencendur,Tencendur
Marsune,Marsonne
getat,jeter
Malpalin,Malpalin
Nerbone,Nerbone
esperonet,éperonner
Recleimet,réclamer
apostle,apôtre
Guarnemenz,garnement2
atalentet,atalenter
Cevals,cheval
scïence,science
troevent,trouver
quident,cuider
cuntenances,contenance
Jozeran,Jozeran
Naimon,Naimes
Antelme,Antelme
Maience,Mayence
repentent,repentir
cherement,chèrement
cunsente,consentir
Rabel,Rabel
Guineman,Guinemant
Seiez,être1
altretant,autretant
Gibuins,Giboin
Loranz,Lorant
Jozerans,Jozeran
Icez,cist
premeres,premier1
establisent,établir
terce,tiers
Baivere,Bavière
preiserent,priser1
lessee,laisser
cunquerent,conquérir
Daneis,Danois
puinneres,poigneur1
Treis,trois
establist,établir
guarniz,garnir
Hermans,Herman
murat,mourir
cuardise,couardise
eschele,eschelle2
Normans,Normand
cevals,cheval
Bretuns,Breton
Peintes,peindre
Oedun,Eudon
Nevelun,Nevelon
Guiez,guyer
sedme,septième
Peitevins,Poitevin
Alverne,Auvergne
Chevals,cheval
Els,eux
Godselmes,Godselme
oidme,huitième
Flamengs,Flamand
Frise,Frise
Chevalers,chevalier
Rembalt,Rembalt
Hamon,Hamon
guierunt,guyer
noefme,neuvième
Loherengs,Lorrain
curtes,court
Tierris,Thierry
gaillarz,gaillard
fieres,fier1
brunies,broigne
dubleines,doblain
franceises,français
multes,moult
cunoisances,connaissance
orie,oire
levant,lever
escordusement,escordosement
Paterne,paterne
Jonas,Jonas
baleine,baleine1
esparignas,épargner
Niniven,Ninive
Danïel,Daniel
fou,feu1
amurs,amour1
cunsent,consentir
poisse,pouvoir2
Seignet,signer
poisant,puissant
Jocerans,Jozeran
gaillart,gaillard
aficheement,affichément
bundist,bondir
reconoisable,reconnaissable
parfunz,parfond
emplein,esplain
repairent,repairer
Sulïans,Syrien
Veüd,voir1
sacet,savoir
greisles,grêle3
Vest,vêtir
campel,champel2
cevalers,chevalier
escrïer,écrier
listet,lister
roet,rouer1
Maltet,Maltet
tinels,tinel
trusset,trousser
Marcules,Marcules
forcheüre,fourchure
Graisles,grêle2
flancs,flanc
Gros,Gros
mollet,mouler1
Lees,lé
recercelet,recerceler
esprovet,éprouver
tressalt,tressaillir
edet,âge
resemblet,ressembler
orgoillus,orgueilleux
Malpramis,Malpramis
chevalerus,chevalereux
anceisurs,ancessor
cevalchum,chevaucher
merveill,merveiller
gestes,geste
altrer,autrier
cumbatanz,combattant
Trestuz,trèstout
nunciet,noncer
racatet,racheter
cumpaignz,compagnon
cevalcent,chevaucher
altretanz,autretant
orgoillusement,orgueilleusement
otri,octroyer
merrez,mener
Torleu,Torleu
persis,persis
Dapamort,Dapamort
leutiz,leutice
matir,matir
Cheriant,Cheriant
Marchis,Marchis
Passet,passer1
requeillit,recueillir
Flurit,Flori
Torleus,Torleu
establissent,établir
menur,mineur1
premere,premier1
Butentrot,Botentrot
seiet,soié
Nubles,Nubles
Blos,Blos
Bruns,Brun
Esclavoz,Esclavons
Sorbres,Sorbres
Sorz,Sors
Ermines,Arménien
Mors,Maure
Jericho,Jéricho
oitme,huitième
Nigres,Nigres
Balide,Balide
destolt,destordre
Canelius,Chananéen
laiz,laid
Füit,Fuiten
traver,travers1
Pers,Perse
Pinceneis,Petchenèque
Soltras,Solteras
Ormaleus,Ormaleus
Eugiez,Eugiez
Samuel,Samuel
Bruise,Bruise
Clavers,Clavers
Occian,Occiant
Durs,dur
soign,soin
justedes,jouter
Malprose,Malprose
Hums,Hum
Hungres,Hongrois
Baldise,Baldise
Penuse,Peneuse
Maruse,Marose
Astrimonies,Astrimoine
Argoilles,Argoille
Clarbone,Clarbonne
Fronde,Fronde
numbrent,nombrer
Dedavant,dedevant
ymagene,image
envirun,environ
guarison,guérison
servet,servir
afflictïun,affliction
bassent,baisser
mentun,menton
suzclinent,soscliner
guarantisez,garantir
chevalchereiz,chevaucher
guiereiz,guyer
Ormaleis,Ormaleis
Malpreis,Malprose
Ociant,Occiant
justerunt,jouter
buc,bu
Selve,selve
asconse,esconse
entreveient,entrevoir
Amborres,Amborre
Oluferne,Oluferne
Preciuse,Précieuse
renuvelent,renouveler
girunees,gironné
safrees,safrer
Canabeus,Canabeu
Floredee,Floredée
Sevree,Sevrée
mustrees,montrer
darere,derrière
barbee,barber
getees,jeter
Altresi,autressi
neif,noif
lancet,lancer
trespassees,trépasser
dit',dire1
jon,je.en2
estree,estrée1
branlee,branler
turnee,tourner
porprises,pourprendre
camps,champ
cuart,couard1
Tencendor,Tencendur
Chevalchez,chevaucher
Justees,jouter
Rabels,Rabel
Guinemans,Guinemant
Lascent,lâcher
boissun,buisson
devom,devoir2
leutice,leutice
descunfite,déconfire
kin,qui1.en2
Cunduit,conduire
trescevant,tréchever
calunjant,challenger
Succurez,secourir
enceis,ainçois
merveillusement,merveilleusement
brisees,briser
fruisez,froisser
desmaillees,démailler
junchee,joncher1
delgee,deugié
afichee,afficher
otriee,octroyer
durai,donner
caple,chaple
dulurus,douloureux
Regnes,Rennes
desordenet,désordonner
gueredun,guerdon
Respondent,répondre
Cumunement,communément
prametent,promettre
demaneis,demanois
vertudable,vertuable
desaffret,dessafrer
esporuns,éperon
Naimun,Naimes
fruissed,froisser
capelers,chapelier
coife,coiffe
estonat,étonner
enbraçat,embrasser
recuvrast,recouvrer
nobilies,nobile
succurrat,secourir
anguissables,angoissable
hastet,hâter
baillastes,bailler1
quasset,casser
desrumpt,dérompre
caeir,choir
gluz,glout1
fierge,férir1
capleit,chapeler1
deseivret,dessevrer
Lorain,Lorant
Veill,vieux
avom,avoir1
Occiant,Occiant
Argoillie,Argoille
Bascle,Bascle
moerent,mourir
Entresqu',entresque
Doel,deuil
departed,départir
Arrabit,Arabi1
furbit,fourbir
cruisir,croissir
caïr,choir
braire,braire
suvenir,souvenir1
damnedeu,Damedieu
ymagenes,image
aportet,apporter
resenblet,ressembler
Blanc',blanc
avrill,avril
enbrunket,embroncher
quiad,cuider
Jangleu,Jangleu
Ultremarin,outre-mer
tenz,temps
Avrum,avoir1
victorie,victoire
Occïant,Occiant
Enfruns,Enfrun
Arabiz,Arabi1
Jaianz,Géant
demurant,demeurer
espine,épine
Cument,comment2
buisine,buisine
ralient,rallier
braient,braire
henissent,hennir
Arguille,Argoille
Requerent,requérir
rumpent,rompre
jetent,jeter
vestit,vêtir
rumpre,rompre
Tierri,Thierry
araisunet,arraisonner
laissent,laisser
encuntrent,encontrer
Geifreid,Geoffroy
Ogers,Ogier
Puint,poindre
espleit,exploit
cravente,cravanter
remaneir,remanoir
aperceit,apercevoir
aidereiz,aider
demandereiz,demander
fierget,férir1
païen,païen
ajusterent,ajouter
ubliees,oublier
renumee,renommer
encuntrerent,encontrer
entredunerent,entredonner
roees,rouer1
Fraites,fraindre
desevrerent,désevrer
Dedenz,dedans
adeserent,adeser
Rumpent,rompre
verserent,verser
Cheent,choir
releverent,relever
destornee,détourner
dutet,douter
mustrent,montrer
entredunent,entredonner
clou,clou
peceient,peçoyer
nud,nu
fuus,feu1
escarbunet,encharboner
reconuisset,reconnaître
purpenses,pourpenser
pren,prendre
repentes,repentir
escïente,escient
calenges,challenger
Deven,devenir
fedeltet,fidélité
Ven,venir
Orïente,Orient
sembl,sembler1
Pais,paix
Receif,recevoir
apresentet,aprésenter
omnipotente,omnipotent
cumences,commencer
fendut,fendre
carn,chair
palme,palme
cancelet,chanceler1
caüt,choir
Repairet,repairer
remembrance,remembrance
gemme,gemme
reflambent,reflamber
recuvrance,recouvrance
reconuisance,reconnaissance
remainent,remanoir
Encalcent,enchaucier
doels,deuil
esclargiez,esclargier
coers,coeur
Cascuns,chacun
Poi,peu
estoerstrent,estordre
calz,chaud
puldre,poudre
anguissent,angoisser
Em,en1
muntee,monter
canonie,chanoine
false,faux2
Ordres,ordre
Aiez,aider
pareit,paroi
enbrunchet,embroncher
diables,diable
alquant,alquant
defendue,défendre1
espleitet,exploiter
aiuet,aider
flambient,flamber
cercer,chercher
sinagoges,synagogue
mahumeries,mahomerie
mailz,mail
cuignees,cognée
falserie,fausserie
beneïssent,bénir
Meinent,mener
entesqu',entresque
baptisterie,baptistère
cuntredie,contredire
ardeir,ardre
Baptizet,baptiser
cunvertisset,convertir
guarnist,garnir
puigneürs,poigneur1
Guardent,garder
Burdeles,Bordeaux
alter,autel1
Sevrin,Seurin
oliphan,olifant
Girunde,Gironde
Blaive,Blaye
sarcous,cercueil
cumandent,commander
nuns,nom
sujurn,séjour
halçur,hauçor
jugeors,jugeur
Baivers,Bavière
Saisnes,Saxon
Loherencs,Lorrain
Frisuns,Frison
Borguignuns,Bourguignon
sied,sié
damisele,damoiselle
catanie,capitaine
Soer,soeur
cher',cher
esforcet,efforcer1
Loewis,Louis
culor,couleur1
plurent,pleurer
Quidet,cuider
clinee,cliner
truvee,trouver
cuntesses,comtesse
nuneins,nonnain
guaitent,guetter
Lunc,long
dunee,donner
caeines,chaîne
atachet,attacher
lient,lier
curreies,courroie
jamelz,gemait
deservit,desservir1
ancïene,ancien
Asemblez,assembler1
Halz,haut
Silvestre,Sylvestre
ceil,celer
forfist,forfaire
otrei,octroi
tendrum,tenir
leials,loyal
resemblast,ressembler
jugeürs,jugeur
escriat,écrier
voeiz,voix
entendez,entendre
Serveie,servir
coillit,cueillir
haür,haïeur
Message,message1
vinc,venir
guarisun,guérison
desfiai,défier
poigneor,poigneur1
tuiz,tous
irums,aller
Sorence,Sorence
dreite,droit2
Vassals,vassal
defendre,défendre1
Getez,jeter
calunje,challenge
asemble,assembler1
desmente,démentir
presente,présent1
Bavier,Bavière
Peitevin,Poitevin
Norman,Normand
Tiedeis,Thiois
Icels,cil
cuntienent,contenir
Laisum,laisser
preium,prier
revereiz,revoir
recuvret,recouvrer
cumbatreit,combattre
graant,créanter
dam,dan
Geifreit,Geoffroy
prium,prier
Vivre,vivre1
gerun,gerun
recuverum,recouvrer
faillid,faillir
enbrunchit,embroncher
caitifs,chétif
Heingre,haingre
eschewid,eschevi
Neirs,noir
Curteisement,courtoisement
dementez,démenter
forsfesist,forfaire
juz,juger
desmentir,démentir
Bons,bon
pleges,pleige
plevissent,plevir
recrerai,recroire
presentet,présenter
recreit,recroire
hostage,otage
bancs,banc
kis,qui1.le
malez,maler
purparlat,pourparler
cunfés,confès
Oent,ouïr
acumuniez,acommuner
offrendes,offrande
calcez,chausser1
Vestent,vêtir
Ceinent,ceindre
enheldees,enheuder
quarters,quartier1
destres,dextre
plurerent,pleurer
pitiet,pitié
lasquent,lâcher
fruissent,froisser
esquassent,escasser
ambdui,ambedeux
Pinabels,Pinabel
detrencher,détrancher
recreiz,recroire
mollez,mouler1
Sustenir,soutenir
parentet,parenté
recrerrai,recroire
reprovet,réprouver1
cumencent,commencer
gemez,gemmer
afinet,affiner1
esprendre,éprendre
josque,jusque
espandut,épandre
Brandit,brandir
Escrient,écrier
pendut,pendre
plaidet,plaider
Danemarche,Danemark
Geifrei,Geoffroy
Willalme,Guillaume
Tert,terdre
afublent,affubler
suavet,suave
Munter,monter
ocisïun,occision
veier,voier
Basbrun,Basbrun
pent,pendre
escapet,échapper
cunfunduz,confondre
altroi,autrui
Aleman,Allemand
Bretun,Breton
moerget,mourir
acoeillent,accueillir
perdicïun,perdition
estendant,étendre1
derumpant,dérompre
Baviere,Bavière
sermuns,sermon
essamples,exemple
Creire,croire
Baptizez,baptiser
marrenes,marraine
linees,lignée
baptizent,baptiser
Truvet,trouver
Chrestïene,chrétien
conoisance,connaissance
Culcez,coucher
sumun,semondre
emperie,empire1
Bire,Bire
Vivien,Vivien
succuras,secourir
Imphe,Imphe
penuse,peineux
Turoldus,Turoldus
declinet,décliner
EST,être1
AUCASIN,Aucassin
NICOLETE,Nicolette
antif,antif
Nicholete,Nicolette
Aucassins,Aucassin
paines,peine
proueces,prouesse
dox,doux
cans,champ
amaladis,amaladir
oit,huit
garis,guérir
resbaudis,resbaudir
OR,or2
DIENT,dire1
CONTENT,conter
FABLENT,fabler
Bougars,Bougard
Valence,Valence
Garin,Garin
Biaucaire,Beaucaire
seux,seul
ajornés,ajourner
bares,barre
cevaliers,chevalier
argoit,ardre
garins,Garin
frales,frêle
Aucasins,Aucassin
damoisiax,damoiseau
tailliés,tailler
ganbes,jambe
caviax,cheveu
blons,blond
menus,menu
recercelés,recerceler
vairs,vair
rians,rire1
traitice,traitif
enteciés,entacher
teces,tache1
soupris,sousprendre
fare,faire
Fix,fils
defenderont,défendre1
mix,mieux
miue,mien
Dix,Dieu
cevalier,chevalier
Nocholete,Nicolette
Nicolete,Nicolette
laise,laisser
acata,acheter
visquens,vicomte
Sarasins,Sarrasin
bautisie,baptiser
fillole,filleule
baceler,bachelier
gaaignera,gagner
fenme,femme
file,fille1
honers,honneur
tresdouce,doux
enploiie,employer
enpereris,empereris
Colstentinoble,Constantinople
entecie,entacher
SE,se1
CANTE,chanter
vex,vouloir
jetee,jeter
Cartage,Carthagène
acatee,acheter
Saisne,Saxon
moullié,moillier
biautés,beauté
esclaire,éclaire
FLABLENT,fabler
Garins,Garin
Biaucare,Beaucaire
Aucassin,Aucassin
traist,traire
visconte,vicomte
filole,filleule
saciés,savoir1
arderai,ardre
porés,pouvoir2
gaegnast,gagner
volentés,volonté
envoierai,envoyer
rices,riche
gardin,jardin
canbre,chambre
aveuc,avec
conpagnie,compagnie
soisté,soisté
seeler,sceller
iscir,issir
vautie,voûtis1
devisse,devise
panturee,peinturer
miramie,miramie
mescine,meschine
crigne,crine
sorcille,sourcille
ainc,ainc
Esgarda,égarder
espanie,épanir
oisax,oiseau
orphenine,orphelin
misse,mettre
haés,haïr
longement,longuement2
mordrir,meurtrir
Avés,avoir1
Saciés,savoir1
faide,faide
arés,avoir1
laisciés,laisser
acatai,acheter
nourie,nourrir
donasce,donner
prendés,prendre
Enseurquetot,ensurquetout
cuideriés,cuider
gaegnié,gagner
asognentee,assoignanter
ariés,avoir1
infer,enfer
enterriés,enterrer
clop,clop
manke,manchet
cropent,crouper
autex,autel1
viés,vieux
creutes,crote
capes,cape1
ereses,esrere
tatereles,taterele
decauc,déchaux
estrumelé,estrumelé
moeurent,mourir
faim,faim
mesaises,mésaise
tornois,tournoi
avoc,avec
argens,argent
herpeor,harpeur1
jogleor,jangleur
arderoit,ardre
tornés,tourner
abosmés,abosmer
douer,douer
degrés,degré
esters,ester
deduis,déduit
borders,bourder
jouers,jouer
baisiers,baiser2
acolers,accoler
adolés,adouler
menés,mener
Entreusque,entruès.que
regretoit,regretter1
qeurent,courir
desfendre,défendre1
borgois,bourgeois
aleoirs,alloir
quariax,carreau
peus,pieu
aguisiés,aiguiser
Entroeusque,entruès.que
asaus,assaut
pleniers,plénier
Biacaire,Beaucaire
deul,deuil
caitis,chétif
maleurox,malheureux
saces,savoir1
desiretés,déshériter
defen,défendre1
aiues,aide1
desfenderont,défendre1
pués,pouvoir2
farre,faire
perdisse,perdre
euses,avoir1
mollier,moillier
venés,venir
couvens,convent
covens,convent
ramaine,ramener
lairés,laisser
parles,parler
baisie,baiser2
octroi,octroyer
baisier,baiser1
ara,avoir1
Garnemens,garnement2
ciers,cher
aparelliés,appareiller1
auberc,haubert
dublier,doublier3
laça,lacer
iaume,heaume
cief,chef
çainst,ceindre
poin,poing
espiel,épieux
andex,ambedeux
sissent,seoir
mervelle,merveille
esperona,éperonner
renge,range
hance,hanche
fornis,fournir
cevaus,cheval
corans,courant
quidiés,cuider
vaces,vache
civres,chèvre
cevax,cheval
prendent,prendre
dessaisisent,dessaisir
mannent,mener
estrousement,estroussément
porparlant,pourparler
creature,créature
çou,ce1
cauperont,couper
arai,avoir1
caupee,couper
siec,seoir
destrir,destrier1
remuans,remuer
caupe,couper
naseus,nasel
puins,poing
senglers,sanglier
cien,chien
asalent,assaillir
navre,navrer
jete,jeter
estroseement,estroussément
galopiax,galopel
penderoit,pendre
mescoisi,méchoisir
enbare,embarrer
estonés,étonner
caï,choir
hiame,heaume
ves,voir1
gerroié,guerroyer1
iestre,être1
acievee,achever
sermonant,sermonner
Ba,ba
oblit,oublier
Enne,enne
covent,couvent
ramenoit,ramener
lairiés,laisser
aroie,avoir1
tenrai,tenir
arderoie,ardre
ment,mentir
Quens,comte
Bailiés,bailler1
afiés,affier1
destorbier,détourber
faciés,faire
gabés,gaber
sarés,savoir1
ciens,chien
doinse,donner
ene,enne
connissiés,connaître
Borgars,Bougard
fac,faire
Enondu,en1.nom.Dieu
pora,pouvoir2
sosterin,souterrain
roisins,raisin
soupe,soupe
maserin,maderin
Limosin,Limousin
esvertin,esvertin
passas,passer1
soulevas,soulever
peliçon,pelisson
ermin,hermin
cemisse,chemise
ganbete,jambette
Doce,doux
venirs,venir
bordirs,bourder
delis,délit2
sentirs,sentir
sousterin,souterrain
FABLOIENT,fabler
caut,chaloir1
coies,coi
series,seri1
feneste,fenêtre
lorseilnol,lossignol
center,chanter
garding,jardin
porpenser,pourpenser
remanroit,remanoir
acusee,accuser
touailes,touaille
noua,noer1
piler,pilier
vesture,vêture
deriere,derrière
escorça,escorcier
rousee,rosée1
caviaus,cheveu
levretes,levrette2
vremelletes,vermeillet
cerisse,cerise
mameletes,mamelette
souslevoient,soulever
fuissent,être1
gauges,gauge
graille,grêle2
peusciés,pouvoir2
enclorre,enclore
margerites,marguerite
ronpoit,rompre
ortex,orteil
gissoient,gésir
menuisse,menuisse
deseure,dessure
droites,droit2
mescinete,meschinette
postic,postis
deffrema,desfermer
isci,issir
faelee,fêler
luis,lieu1
quatist,catir
delés,delez
pilers,pilier
creveure,crevure
anciienne,ancien
dementer,démenter
plaindres,plaindre
plurers,pleurer
gorés,jouir
trestos,trèstous
parentés,parenté
passerai,passer1
regné,régné
caupés,couper
rüés,ruer
honerés,honorer
baisiés,baiser2
acolés,accoler
boutés,bouter1
recomence,recommencer
courecier,courroucer
irés,aller
ariis,avoir1
prenderoit,prendre
meteroit,mettre
asoignenteroit,assoignanter
ariiés,avoir1
atendisse,attendre1
peusce,pouvoir2
atenderoie,attendre1
esquelderoie,escueillir
maisiere,maisière
bisse,biche1
hurteroie,heurter
escerveleroie,écerveler
seusce,savoir1
eusciés,avoir1
amissiés,aimer
Fenme,femme
oume,homme
oeul,oeil
cateron,quarteron
mamele,mamelle
orteil,orteil
cué,cöer
plantee,planter
escargaites,échauguette
desos,dessous
conmandé,commander
ocesissent,occire
maneçoient,menacer
damages,dommage
aperceuscent,apercevoir
preus,preu
saçans,sachant
comencié,commencer
cant,quand
Mescinete,meschinette
ciere,cher
morant,mourir
entens,entendre
souduians,soudoyer1
brans,brant
maneçant,menacer
messeant,messeant
ten,tendre2
benooit,bénir
depeciés,dépecer
rehordés,rehorder
briserai,briser
remain,remanoir
prendera,prendre
ardera,ardre
pules,peuple1
segna,signer
bleçast,blesser
quaissies,casser
escorcies,écorcher
sali,saillir
dose,douze
forceur,forçor
ileuc,illuec
aguisié,aiguiser
jeté,jeter
serpentine,serpentine
ocesiscent,occire
repensa,repenser
remenroit,remener
Jhesum,Jésus
reclamer,réclamer
maïsté,majesté
ramé,ramé
mengeront,manger
alumés,allumer
enbrasés,embraser
mengucent,manger
voisse,aller
dementa,démenter
conmanda,commander
sauvaces,sauvage
soumax,sommeil
dusqu',dusque
iscirent,issir
jeterent,jeter
bos,bois
traien,traire
estendirent,étendre1
missent,mettre
mengoient,manger
esveille,éveiller
pastoriax,pastoureau
enbati,embattre
Damedix,damedieu
benie,bénir
enparlés,emparlé
conissiés,connaître
counisçons,connaître
cacier,chasser
esmari,esmarrir
dehait,deshait
borse,bourse
mehaig,mahaing
pastoriaus,pastoureau
acoilli,accueillir
cemin,chemin
foilli,feuillir1
sentier,sentier
anti,antif
aforkent,affourcher
esprovera,éprouver
garris,jarris
foille,feuille
ainques,ainc
foilles,feuille
buison,buisson
apoiiés,appuyer
puie,puie
souples,souple
demenast,démener
volés,vouloir
cier,cher
Montés,monter
esbanoiier,esbanoyer
oisellon,oiselon
enble,embler
cevauca,chevaucher
estendue,étendre1
mangoient,manger
tresgrant,grand
asanlent,assembler1
pastouret,pastouret
Esmerés,Emeret
Martinés,Martinet
Früelins,Fruelin
Johanés,Jeannot
Robeçons,Robichon
Aubriés,Aubriet
conpaignet,compagnet
Aucasinet,Aucassin
corset,corset
blondet,blondet
vairet,vairet
denerés,deneret
acatrons,acheter
gastelés,gâtelet
gaïnes,gaine
coutelés,coutelet
flaüsteles,flûtelle
cornés,cornet1
maçüeles,maçüele
pipés,pipet
garisse,guérir
eperons,éperon
cançon,chanson
disiés,dire1
Dehait,deshait
cantera,chanter
enne,enne
Os,ouïr
cuerbé,cœur.bieu
canteroie,chanter
mé,mon1
brebis,brebis
herdis,hardi
ossast,oser
canterai,chanter
estiiens,être1
orains,orains
mangiens,manger
quidames,cuider
esclarci,éclaircir
veniés,venir
desisiens,dire1
alissiés,aller
poiiés,pouvoir2
donriiés,donner
covien,convenir
prisse,prendre
caciés,chasser
laiscié,laisser
acuités,acquitter
mos,mon1
cac,chasser
oiel,oeil
reverai,revoir
esparnaiscent,épargner
desronpent,dérompre
nouer,noer1
desu,dessus
costés,côté
suir,suivre
caoit,choir
faitement,faitement
aproçoit,approcher
herbeuse,herbeux
cevaucoit,chevaucher
Grans,grand
mervellex,merveilleux
hidex,hideux
hure,hure1
carbouclee,charboclee
planne,plein
grandisme,grandisme
narines,narine
levres,lèvre
rouges,rouge
carbounee,charbonnée
gaunes,jaune
cauciés,chausser1
housiax,houseau
sollers,soulier
fretés,fretter
tille,tilleul
genol,genou2
afulés,affubler
sorvit,survoir
Nient,néant
plourés,pleurer
Oie,oui
plorés,pleurer
vig,venir
levrer,lévrier
pleur,pleurer
plorastes,pleurer
puant,puissant
prisera,priser1
quinse,quinze
esteroit,être1
luiés,louer2
caçoie,chasser
carue,charrue
Roget,Rouget
mengai,manger
saure,soudre1
keutisele,keutiselle
sacie,sacher
desou,dessous
gaaignerai,gagner
sorrai,soudre1
plouerai,pleurer
longaigne,longaigne1
benois,bénir
maaille,maille2
sol,soudre1
querés,quérir
cevauce,chevaucher
descure,dessure
descenderai,descendre
piere,pierre
efforça,efforcer1
ataca,attacher
souvins,souvin
trau,Trau
conmença,commencer
Estoilete,étoilette
amïete,amiette
s,être1
recaoir,rechoir
fuisse,être1
baiseroie,baiser2
soiiés,être1
entrebaissent,entrebaiser
bleciés,blesser
senc,sentir
portasta,pourtaster
mania,manier1
blances,blanc
porsaca,pourchasser
amans,amant1
fresce,frais2
verdes,vert
loia,lier
cerquier,chercher
trouve,trouver
ocira,occire
Certe,certes
tenront,tenir
baisant,baiser2
acolant,accoler
amorous,amoureux1
baise,baiser2
bouce,bouche1
aillons,aller
vaus,val1
conmencent,commencer
acena,assigner
missen,mettre
tormente,tourmente
estragne,étrange
Torelore,Torelore
gerre,guerre
marceans,marchand
conmanderent,commander
çainte,ceindre
gissoit,gésir
enfent,enfant
gentis,gentil1
alec,aluec
arestit,arrêter
fau,fou1
gis,gésir
conplis,complir
sarai,être1
ancestre,ancêtre
esbaudir,ébaudir
CONTEN,conter
houla,houler1
dervé,desver
batés,battre
putain,putain
gerra,gésir
afié,affier1
canbres,chambre
cevaucierent,chevaucher
poms,pomme
waumonnés,waumoné
ueus,oeuf
esmevella,émerveiller
arestés,arrêter
acoutés,accoter
coumence,commencer
canpel,champel2
aportés,apporter
puns,pomme
waumonés,waumoné
canpegneus,champigneul
canpés,champel2
torble,troubler
gués,gué
prex,preux
FLABENT,fabler
vouriiés,vouloir
venjasse,venger
Aucasssins,Aucassin
conmence,commencer
ociés,occire
Conment,comment2
entrocions,entroccire
cast,chasser
detiegne,détenir
Nichole,Nicole
grasse,gras1
baus,bal1
carole,carole
harpe,harpe1
gigle,gigue
viole,viole
nimpole,nimpole
FLABOIENT,fabler
aisse,aise
estores,estore1
asalirent,assaillir
prissent,prendre
kaitives,chétive
loierent,lier
espartist,espartir
waucrant,vaucrer
cururent,courir
lagan,lagan
fisent,faire
devinrent,devenir
parenté,parenté
quester,quêter
quidoie,cuider
quesisce,quérir
FABLOIEN,fabler
desox,dessous
norie,nourrir
arivee,arriver
astages,étage
amuaffle,amuafle
hastent,hâter
oncor,encore
baissiés,baiser2
esmaiiés,esmayer
preée,préer
fissen,faire
vourent,vouloir
paiiens,païen
porpensa,pourpenser
vieler,vieller
paiien,païen
enbla,embler
herbega,héberger
ciés,chez
oinst,oindre
marounier,marinier
drecierent,dresser
vielant,vieller
oisellons,oiselon
prox,preux
peron,perron1
vïele,vielle
Escoutés,écouter
prous,preux
dongon,donjon
roion,roion1
Doner,donner
dansellon,dancelon
ameor,aimeur
canté,chanter
presist,prendre
voliiés,vouloir
dississçiés,dire1
oseriés,oser
voul,vouloir
atenc,attendre1
eusce,être1
faissiés,faire
viscontesse,vicomtesse
parrins,parrain
gehi,gehir
recounut,reconnaître
uit,huit
cueute,couette1
dementés,démenter
aveuques,avec
mosterai,montrer
duce,doux
longes,longues
Aveuc,avec
recoulli,recueillir
baisse,baiser2
cantefable,chantefable
secuns,second1
liures,livre1
uie,vie
comencent,commencer
capitel,chapitre
secund,second1
liure,livre1
brisiet,briser
tamis,tamis
refermeit,refermer
uencue,vaincre
ampolete,ampoulette
uoire,verre
rumpit,rompre
ensenge,enseigne
moine,moine
uable,wable
remeneiz,remener
haltece,hautesse
VI,six
retornat,retourner
VII,sept
disciple,disciple1
VIII,huit
enfait,infaire
uenin,venin
getteiz,jeter
parmei,parmi
VIIII,neuf2
alegie,alléger
eschernissable,escharnissable
esprendement,esprendement
coisine,cuisine
XI,onze
enfanzon,enfançon
debrisiez,débriser
saneiz,saner
reule,règle
XIII,treize
Valentinien,Valentinien
alsi,aussi
dessore,dessure
XIIII,quatorze
Totile,Totila
deprise,déprendre1
prophetie,prophétie
XVI,seize
turbeilhon,tourbillon
XVII,dix-sept
deliureit,délivrer1
auoit,avoir1
diable,diable
XVIII,dix-huit
destruisement,destruisement
Sabie,Sabie
XVIIII,dix-neuf
flaische,flasque1
embleie,embler
napeles,napele
orgailhouse,orgueilleux
conute,connaître
espir,espir
XXII,vingt-deux
farine,farine
troueit,trouver
deuant,devant
XXIII,vingt-trois
Terracinense,Terracine
ordineie,ordiner
uision,vision
XXIIII,vingt-quatre
anceles,ancelle1
oblation,oblation1
communion,communion
enseuelit,ensevelir
gettat,jeter
XXVI,vingt-six
hainous,häinos
alanz,aller
trouat,trouver
uoie,voie
XXVII,vingt-sept
elefantie,éléphancie
XXVIII,vingt-huit
detteor,detteur
XXVIIII,vingt-neuf
phiole,fiole
getteie,jeter
pieres,pierre
tonel,tonneau
uuid,vider
raemplit,raemplir
oile,huile
XXXI,trente-et-un
deliureiz,délivrer1
XXXII,trente-deux
uilain,vilain
loiet,lier
desloiez,délier
soule,seul
ueue,voir1
XXXIII,trente-trois
resusciteiz,ressusciter
XXXIIII,trente-quatre
Scolastike,Scholastique
anrme,âme
astoit,être1
eissue,issue
XXXVI,trente-six
mund,monde1
colgiez,colliger1
ueske,évêque
citeit,cité
Capuane,Capoue
XXXVII,trente-sept
Ke,que
riule,règle
XXXVIII,trente-huit
annuncie,annoncer
az,à.le
XXXVIIII,trente-neuf
saneie,saner
comencet,commencer
onorable,honorable
Benoiz,Benoît
portat,porter1
uielhar,vieillard
trespassanz,trépasser
constumes,coutume
despitat,dépiter
ia,jà
auoc,avec
useir,user
neiz,naître
lingie,lignée
contreie,contrée
Nursie,Nursie
doneiz,donner
liberaz,libéral
estuides,étude
iceaz,cil
ueoit,voir1
pluisors,plusieurs
aleir,aller
uisces,vice1
retrast,retraire
entreie,entrée
alcune,aucun
auenist,advenir
alaist,aller
trebuchement,trébuchement
Gieres,gieres
despitiez,dépiter
laissie,laisser
soul,seul
desiranz,désirer
conuersation,conversation
Dunkes,donc
sachanment,sachamment
sachanz,savoir1
raconterai,raconter
racontanz,raconter
disciples,disciple1
sauoir,savoir1
Constantin,Constantin
redotable,redoutable
uint,venir
gouernement,gouvernement
alsiment,aussiment
dessoure,dessure
Lateranense,Latran
Simplice,Simplicien
gouernat,gouverner
congregation,congrégation
Honoreit,Honoré
conuersat,converser1
promiers,premier1
iciz,cist
pensat,penser
deserz,désert1
ameuet,aimer
sewit,suivre
astoient,être1
uenut,venir
Effide,Effide
honestes,honnête
cariteit,charité
detenanz,détenir
illokes,illuec
demoreuent,demeurer
glise,église
bieneurous,bienheureux
Perron,Pierre
proiat,prier
uoisines,voisin
prestast,prêter
purgier,purger
frument,froment
queiz,quel
maluoisousement,malvoisosement
auenant,advenir
auenture,aventure
brisat,briser
troueiz,trouver
queil,quel
manes,manois
repairanz,repairer
comenzat,commencer
ploreir,pleurer
uaissel,vaiselle
presteit,prêter
religious,religieux
larmes,larme
leuanz,lever
deleiz,delez
traces,trace1
brisure,brisure
troueies,trouver
confortat,conforter
queile,no_lem
conue,connaître
merueilhe,merveille
maneor,maneur
pendirent,pendre
deuoient,devoir2
uenir,venir
conistroient,connaître
comencie,commencer
illoc,illuec
ioskes,jusque
Lumbars,Lombard
pendit,pendre
huisses,huisse1
lasseiz,lasser
traualz,travail1
bienuoloirs,bienvouloir
sorleueiz,surlever
fuianz,fuir
repunsement,reponsement
secreit,secret
Sublacus,Subiaco
estanz,être1
gettet,jeter
parueables,parvëable
ilokes,illuec
habundance,abondance
colt,cueillir
estendut,étendre1
bruec,bruec
derrains,derrain
deriueie,dériver1
fluet,fluet
demandat,demander
desier,désier
aiue,aide1
ministrat,ministrer
liut,loisir2
paruenanz,parvenir
conuz,connaître
uiuoit,vivre1
lonz,loin
Deudoneit,Dieudonné
houres,heure
piement,piuement
sostraire,soustraire
iors,jour
aparissoit,apparoir
entreteissit,entretistre
clokete,clochette
conistroit,connaître
eissanz,issir
portanz,porter1
refection,réfection
ior,jour
Nequedent,nequedent
cessat,cesser
ministreir,ministrer
mesures,mesure
couenables,convenable
uoloit,vouloir
cesseir,cesser
trauailh,travail1
mostreir,montrer
exemple,exemple
luserne,luiserne
chandeleir,chandelier2
clarteit,clarté
k',que
luiroit,luire1
ceaz,cil
paske,pâques
appareilhie,appareiller1
deniat,daigner
disanz,dire1
apareilhes,appareiller1
delices,délice1
cruciez,crucier
leuat,lever
enhelement,isnellement
sollempniteit,solennité
appareilhiez,appareiller1
falises,falaise
caueies,cavée1
uaz,val1
atapir,atapir
benissant,bénir
seissent,seoir
duz,doux
parlemenz,parlement
uenuz,venir
Lieue,lever
prendons,prendre
deserui,desservir1
ueoir,voir1
sauoit,savoir1
pascale,pascal
sollempniteiz,solennité
affermoit,affermer1
Veritablement,véritablement
pascaz,pascal
resurrection,résurrection
sanior,seigneur
couient,convenir
abstenir,abstenir
poruec,poruec
enuoiez,envoyer
dones,donner
benistrent,bénir
paremplie,paremplir
trouerent,trouver
atapissant,atapir
uirent,voir1
boissons,buisson
uestut,vêtir
peaz,peau
creirent,croire
conissant,connaître
seriant,sergent1
pluisor,plusieurs
eaz,eux
mueit,muer
pieteit,piété
bestial,bestial1
uoisins,voisin
frequenteiz,fréquenter
reporterent,reporter
souz,seul
presenz,présent1
tempteires,tenteur
oiseaz,oiseau
pople,peuple1
apeleiz,appeler
merle,merle
uoleir,voler
engressement,engressement
enchalcier,enchaucier
uiaire,viaire1
uolsist,vouloir
doneit,donner
aleiz,aller
esproueit,éprouver
ueut,voir1
iadiz,jadis
malignes,maligne
espirs,espir
remenat,remener
ensprist,emprendre2
bealteit,beauté
celei,celui
flamme,flamme1
uencuz,vaincre
penseuet,penser
eremitage,ermitage
regardeiz,regarder
souraine,souverain
regardanz,regarder
spes,épais
urties,ortie
roinsses,ronce
trast,traire
uestiment,vêtement
aguilhons,aiguillon
esprendemenz,esprendement
tornoiez,tournoyer
eissit,issir
estinst,éteindre
loisablement,loisablement
uenkit,vaincre
pechiet,pécher
muat,muer
ensprendement,éprendement
donteie,dompter
teile,tel
comencierent,commencer
deguerpir,déguerpir
hasteir,hâter
maisterie,maîtrie
uisce,vice1
uertuz,vertu
Moysen,Moïse
comandeit,commander
Exodo,Exode
Leuite,Levite
doiuent,devoir2
cincantisme,cinquantième
uaisseaz,vaisseau
Pirres,Pierre
Ia,jà
entendemenz,entendement
entreluist,entreluire
nekedent,nequedent
espons,espondre
engueilment,engalement
Gregoires,Grégoire
Cleire,clair1
Pieres,Pierre
iuuente,jouvente
refroidet,refroider
feoz,féal1
ellit,élire
seruir,servir
lasseit,lasser
seruises,service
paisieble,paisible
chalres,chaure
dunkes,donc
deuinent,devenir
anrmes,âme
regehis,rejehir
defermeit,desfermer
doiues,devoir2
parcurre,parcorir
comencies,commencer
iuste,juste1
aleie,aller
spines,épine
getteies,jeter
enhaneie,enhaner
bleif,blé
portablement,portablement
honoreiz,honorer
monstiers,moutier1
assembleie,assemblée
deuroit,devoir2
respitat,répiter
denoiant,dénier
couenir,convenir
assenz,assens
reguleir,réguler
loisoit,loisir2
fleckir,fléchir
loisables,loisable
anzois,ainçois
receut,recevoir
derueiement,desveement
forsenant,forcener
accuseir,accuser
auoient,avoir1
demandeit,demander
torture,torture
hortoit,heurter
ueoient,voir1
loisoir,loisir2
aconstumeies,accoutumer
uiez,vieux
penseir,penser
noueles,nouveau
maluaises,mauvais
mellerent,mêler
uin,venir
morteiz,mortel1
boiures,boire1
solunc,selon
constume,coutume
offerz,offrir
benir,bénir
Enhelement,isnellement
porteir,porter1
plaisible,plaisible
paisible,paisible
apparlat,aparler
uos,vous
uolsistes,vouloir
teiz,tel
conuenroit,convenir
uostres,votre
Aleiz,aller
uoz,votre
quereiz,quérir
poeiz,pouvoir2
auoir,avoir1
repairat,repairer
solteit,seuleté
sourain,souverain
esgardeor,égardeur
ouertement,ouvertement
destrainz,destreindre
conspireuent,conspirer
dissemblanz,dissembler
trespassaist,trépasser
uigor,vigueur
paisibleteit,paisibleté
declinast,décliner
oelh,œil
contemplation,contemplation
laissast,laisser
troueroit,trouver
mouement,mouvement
meneit,mener
ueant,voir1
uaions,voyer3
Disons,dire1
lointaine,lointain
deguastat,déguster
parzon,parçon
aerst,aerdre
citains,citain
paut,paître
uerroit,voir1
leguns,lëun
retorneiz,retourner
lowiz,louer2
porueuz,pourvoir
faiteor,faiteur
porpensanz,pourpenser
depuliat,dépouiller
apostele,apostole
meneiz,mener
cartre,charte
uoirement,voirement
enuoiet,envoyer
deliurat,délivrer1
Erode,Hérode
Iuis,Juif
glacement,glacement
leueit,lever
Poruec,poruec
uaableteit,vagabilité
chait,choir
desloiat,délier
rauit,ravir
extasi,extasie
oeure,œuvre
colhit,cueillir
gardat,garder
deuenz,devenz
closures,closure
ardors,ardeur1
respondes,répondre
deut,devoir2
Alsi,aussi
aesme,aesmer
engueil,engal
maluais,mauvais
auneiz,äunee
alcun,aucun
aidiet,aider
trauaz,travail1
oisous,oiseux
pluisemes,plusemes
uoisin,voisin
ochisons,ochaison
miedre,meilleur
gardeir,garder
parsiwanz,parsuivre
souentes,souvent
parfiz,parfait
trespasseir,trépasser
silence,silence
uont,aller
preechieres,prêcheur
conuoitet,convoiter
uiure,vivre1
Cristus,Christus
gaains,gain1
batailhes,bataille
passions,passion
soulement,seulement
ensprent,emprendre2
Damais,Damas
persecution,persécution
eschapeir,échapper
fun,fun
corbilhe,corbeille
uolt,vouloir
ius,jus2
laissiet,laisser
Paulum,Paul
cremut,crémir
tesmonget,témoigner
Ihesu,Jésus
desireir,désirer
combateres,combatteur
enclostres,encloître
batailhe,bataille
ciz,cist
uolentiers,volontiers
uiz,huis
resuscitat,ressusciter
ensenges,enseigner
manifestations,manifestation
desclarcist,desclarcir
parleirs,parler
tesmoins,témoin
ordene,ordre
narration,narration
creissoit,croître
seruise,service
assembleit,assembler1
iloc,illuec
edifiat,édifier
doze,douze
astalat,astaller
iuiat,juger
couenablement,convenablement
doneir,donner
norrir,nourrir
sperance,espérance
esclates,éclate
Eutitius,Euthicius
Maurum,Maur
Tertullus,Tertullus
patrices,patrice
Placidum,Placide
Maurus,Maur
iouenes,jeune1
ualoit,valoir
aidieres,aideur
Placidus,Placide
enfantins,enfantin
esteir,ester
enuiron,environ
abaissiet,abaisser
alcunes,aucun
terrienes,terrien1
trespassables,trespassable
somons,semondre
abeit,abbé
chosat,choser1
auisonkes,avisonques
somonte,semonte
tierc,tiers
uaier,voyer3
nuncie,noncer
establit,établir
uieng,venir
amenderai,amender
houre,heure
stablie,établir
fineie,finer1
psalmodie,psalmodie
enfezons,enfançon
traoit,traire
fringe,frange
secreiement,secrément
Pompeien,Pompeïanus
ueeiz,voir1
dissent,dire1
Az,à.lequel
Orons,orer
uoiez,voir1
oreit,orer
Pompeianus,Pompeïanus
stant,ester
uerge,verge1
auogleteit,aveugleté
soffrit,souffrir
enhortement,enhortement
auant,avant
osat,oser
sengerie,songerie
meneie,mener
trauilhouse,travailleux
puisier,puiser
maement,mêmement
gries,grief2
descendanz,descendre
cremor,crémeur
freire,frère
uinrent,venir
Traueilhouse,travailleux
mueir,muer
conforteiz,conforter
montat,monter
orat,orer
parfineie,parfiner
repairiet,repairer
besonge,besogne
trouereiz,trouver
caueiz,caver1
ameneir,amener
denget,daigner
troueirent,trouver
suant,suer1
caueit,caver1
raempliz,raemplir
suffianment,suffisamment
fluist,fluir
plantiuousement,plantureusement
deriuet,dériver1
Gothes,Goth
poures,pauvre
conuersion,conversion1
ferement,ferrement
falcastres,faucastre
talheroit,tailler
cortiz,courtil
nettoier,nettoyer
riue,rive
talhieuet,tailler
spessece,épaissesse
esforcement,efforcement
uertut,vertu
sailhanz,saillir
parfundece,parfondesse
ferrement,ferrement
tremblanz,trembler
nunzat,noncer
penance,penance
ensengier,enseigner
oanz,ouïr
Gothe,Goth
entrat,entrer
Voi,voir1
labore,labourer
contristeiz,contrister
astisoit,ester
abaissanz,abaisser
encheant,enchoir
unde,onde
saete,sayette1
estisanz,ester
uochat,vocher
hastiuement,hâtivement
cur,courir
Merueilhouse,merveilleux
useie,user
demandeie,demander
beneizon,bénéisson
quidanz,cuider
cheuiaz,cheveu
rauissable,ravissable
atochat,attoucher
regardat,regarder
presumir,présumer
meruilhiez,merveiller
cremit,crémir
racontat,raconter
raconteir,raconter
sachable,sachable
tenzon,tançon
entrechaniable,entrechangeable
humiliteit,humilité
uient,venir
iugieres,jugeur
astoie,être1
regardai,regarder
meneir,mener
racontes,raconter
aideront,aider
edification,édification
boif,boire1
soele,soûler
enfaiz,infaire
eschalfeit,échauffer
deguerpissoient,déguerpir
seculeir,séculier
dontoient,dompter
sueif,souef
iou,joug
rachateor,racheteur
desirent,désirer
uoisine,voisin
Florences,Florentius
aiouz,aïeul
Florence,Florentius
diakene,diacre
apaisenteir,apaisanter
uisitation,visitation
renomeie,renommée
estaige,étage
uochiez,vocher
entrelaissement,entrelaissement
enspris,emprendre2
failes,faille1
auogleiz,aveugler
parmeneiz,parmener
enuoiat,envoyer
benizon,bénéisson
faisement,faisement
atapissoit,atapir
pestilence,pestilence
repunse,repondre
corbeaz,corbeau
aconstumeit,accoutumer
selue,selve
gete,jeter
iteil,tel
ouerte,ouvrir1
eiles,aile
crociteir,croqueter
uoloir,vouloir
obeir,obéir
comanz,command1
pares,parès
segurs,sécur
gette,jeter
troueir,trouver
atarianz,atarger
pardefin,pardefin
spaze,espace
hores,heure
geteit,jeter
acconstumeit,accoutumer
ueanz,voir1
prouoire,provoire
Florentius,Florentius
cortil,courtil
meschines,meschine
queiles,quel
entrechaniablement,entrechangeablement
iouant,jouer
enflammeroient,enflammer
peruersiteit,perversité
couise,covise
chaement,choiement
cremanz,craindre
tenres,tendre1
parpensanz,parpenser
ordinat,ordiner
oratoires,oratoire1
prouoz,prévôt
aioinz,adjoindre
destornat,détourner
haenges,haenge
espowentablement,épouvantablement
solier,solier1
conissoit,connaître
uoies,voie
aleit,aller
esioissoit,éjouir
parmanant,permanoir
moblement,moblement
oure,heure
soliers,solier1
esteuet,ester
detriulanz,detribler
quidat,cuider
nuncier,noncer
Retorne,retourner
persiwoit,parsuivre
estinz,éteindre
griez,grief2
guaemenz,gément
esioiz,éjouir
auint,advenir
enioinst,enjoindre
iteiz,tel
mandanz,mander
presumat,présumer
ioie,joie
meruilhouses,merveilleux
meruilhier,merveiller
pirre,pierre
Helyseu,Elisée
Helye,Elie
plorement,plorement
Dauid,David
uoi,voir1
parpoise,parpeser
aemplit,aemplir
elliz,élire
Iohans,Jean
Vraie,vrai
uenant,venir
planteit,plenté
auons,avoir1
sugez,sujet1
Ione,Jona
orgailhous,orgueilleux
releueir,relever
uerroient,voir1
despiteroient,dépiter
ameir,aimer
mystere,mystère
uoient,voir1
poesteit,poësté
demostrat,démontrer
casteaz,château
Cassins,Cassin
saim,sein
rezoit,recevoir
drezanz,dresser
Apollo,Apollon
uilains,vilain
cultiueiz,cultiver
Enuiron,environ
cultiuement,coutivement
cregut,croître
forseneie,forcener
multiteiz,multité
escomengiez,escommenger2
detriulat,detribler
ydle,idole
destruist,détruire
alteil,autel1
Apollion,Apollon
alteiz,autel1
Iohan,Jean
foid,foi1
multitudine,multitudine
demoreuet,demeurer
continueie,continuer
predication,prédication
taisieblement,taisiblement
soffranz,souffrir
aportat,apporter
criors,crieur2
plaindoit,plaindre
uoiz,voix
ueissent,voir1
apparissoit,apparoir
corporeiz,corporel
ueuz,voir1
forseneir,forcener
flammanz,flammer1
respondoit,répondre
laidenges,laidenge
ioinst,joindre
Maloiz,maléir
parsius,parsuivre
demandeir,demander
uoilhanz,vouloir
okisons,ochaison
uictoire,victoire
uolentrius,volontiers
habitacles,habitacle
proposerent,proposer
leueir,lever
edifice,édifice
mouoir,mouvoir
ioint,joindre
malaisibleteiz,malaisibleté
uenroit,venir
orant,orer
boteroit,bouter1
arier,arrière
poissent,pouvoir
faisanz,faire
leueie,lever
enheleteit,isnelleté
plout,plaire
regard,regard
foissent,fouir
foant,fouir
tresperzarent,transpercer
eissir,issir
edifices,édifice
deguasteiz,dégâter
gettant,jeter
estindant,éteindre
frinteiuent,frienter
boteiz,bouter1
frinte,friente
flechat,flécher
escherniz,escharnir
fantasial,fantasïal
somunst,semondre
ensengnaissent,enseigner
flammes,flamme1
edifioient,édifier
demorat,demeurer
eschernissanz,escharnir
enseniat,enseigner
laboranz,labourer
demeneiz,démener
uisousement,voisosement
mandeie,mander
acomplit,accomplir
filh,fils
apressanz,appresser
contristeit,contrister
afflit,afflire
detriulement,detriblement
studoierent,étudier1
portaist,porter1
deschireit,déchirer
osses,osse
detriuleit,detribler
geteir,jeter
plyace,plïace
oreir,orer
nate,natte
giut,gésir
enchalzanment,enchauçanmet
Veeiz,voir1
merueilhouse,merveilleux
halegre,allègre
uailhant,valoir
parferoit,parfaire
laidengier,laidenger
ualoir,valoir
eissoient,issir
respeus,répons
prenderoient,prendre
boiure,boire1
soniousement,soigneusement
gardeit,garder
demoreir,demeurer
tardiwe,tardif
sauoient,savoir1
religiose,religieux
tard,tard
queilz,no_lem
maniastes,manger
menteiz,mentir
entrastes,entrer
preistes,prendre
beustes,boire1
hanaz,hanap
osteil,hôtel1
mangieres,manger
boires,boire1
reconissant,reconnaître
chairent,choir
tremblant,trembler
regehistrent,rejehir
entendanz,entendre
froient,faire
geuns,jeun1
aioinst,adjoindre
sorcriute,surcroître
auenget,advenir
taut,taire
espaze,espace
somonst,semondre
maniaissent,manger
proposeit,proposer
paruenir,parvenir
enuieit,envier1
lasseuet,lasser
preit,pré
ueues,voir1
rapareilhier,repareillier
reposeir,reposer
puissons,pouvoir2
haliegre,allègre
paremplir,paremplir
oreilhes,oreille
blandissoient,blandir1
enhorteiz,enhorter
somunte,semonte
maniat,manger
uespres,vêpre
paruint,parvenir
presenteiz,présenter
reprouat,réprouver1
maloiz,maléir
aleuet,aller
enhorteir,enhorter
enhortat,enhorter
sormontat,surmonter
conissanz,connaître
enferme,enferme1
Elyseu,Elisée
entrailhes,entrailles
Totyle,Totila
taces,taire
Totila,Totila
oist,ouïr
restiut,rester
deuoit,devoir2
mandeit,mander
uenist,venir
senzfoge,senzfege
efforzat,efforcer2
espier,épier1
cheualiers,chevalier
Riggo,Riggo
chalcemenz,chaussement
uestir,vêtir
roiaz,royal
uestures,vêture
porsiwance,poursuivance
aherdre,aerdre
Vult,Vult
Ruderic,Ruderic
Blidin,Blidin
foindant,feindre
Totyles,Totila
quidiez,cuider
enbeliz,embellir
acompangiez,accompagner
multiteit,multité
seruanz,servant
entreiz,entrer
abie,abbaye
oiz,ouïr
criat,créer
eschernir,escharnir
uenoient,venir
esterneit,esternir
leuant,lever
retorneit,retourner
nunzarent,noncer
tremblable,tremblable
depris,déprendre1
Totyla,Totila
oseiz,oser
serianz,sergent1
Pluisors,plusieurs
malz,mal1
apaisente,apaisanter
iniquiteit,iniquité
enterras,entrer
trespasseras,trépasser
meir,mer
regneras,régner
espowenteiz,épouvanter
crueiz,cruel
Sicile,Sicile
iugement,jugement
eueskes,évêque
Camisine,Canuse
perdition,perdition
Parmei,parmi
citeiz,cité
habiteie,habiter
degasteie,dégâter
spoudres,esfoudre
turbelhons,tourbillon
teremuet,terremuet
lasseie,lasser
fleschirat,fléchir
cleir,clair1
ueons,voir1
mureaz,mural2
abatues,abattre1
destruites,détruire
glises,église
uielhece,vieillesse
souentins,soventin
trebuchemenz,trébuchement
Honoreiz,Honoré
racontement,racontement
parceue,percevoir
Aquine,Aquin
traueilhiez,travailler
Constance,Constantin
martres,martyr
uolrent,vouloir
santeit,santé
demosteroient,démontrer
espandanz,épandre
botat,bouter1
porsis,pourseoir1
saneit,saner
maniue,manger
presumes,présumer
konkes,
auras,avoir1
presumit,présumer
uioleir,violer1
espowenteir,épouvanter
nouele,nouveau
prious,prieur1
menors,mineur1
ordenes,ordène
oblieiz,oublier
aprochat,approcher
traueilhier,travailler
escoust,escourre2
Cilz,cil
tresperzat,trespercer
secreies,secret
diuiniteit,divinité
consilhiers,conseiller1
couenable,convenable
seuent,savoir1
aposteles,apostole
demosteroit,démontrer
oreilhe,oreille
apparelhat,appareiller1
descourit,découvrir
descouertes,découvrir
comprendable,comprendable
entrechaniables,entrechangeable
naist,naître
questions,question
prophetes,prophète
leures,lèvre
nunzai,noncer
iugemenz,jugement
Paules,Paul
affermet,affermer1
comprendables,comprendable
brieteit,brieté
respondut,répondre
deuotement,dévotement
siwent,suivre
deuotion,dévotion
apeseit,apaiser
corrumpable,corrompable
repuns,repondre
parfitement,parfaitement
trespercent,trespercer
tesmongent,témoigner
aherdent,aerdre
aherdant,aerdre
escriture,écriture
repunses,repondre
descouertures,découverture
annuncent,annoncer
annunzai,annoncer
aiostat,ajouter
Iceaz,cil
pau,peu
conu,connaître
conissances,connaissance
concordet,concorder
prophetaz,prophétal
apostolaz,apostolat
parleit,parler
annunciet,annoncer
humaines,humain
conutes,connaître
obiection,objection
aouerte,aouvrir
ioindes,joindre
Theoprobus,Théoprobe
conuertiz,convertir
ahier,arrière
familiariteit,familiarité
Iciz,cist
amerement,amèrement
fineies,finer1
ie,je
appareilhai,appareiller1
sauons,savoir1
nuiterneil,nuitrenel
reposanz,reposer
nouelement,nouvellement
Lumbar,Lombard
feol,féal1
garderoit,garder
Paulon,Paul
acompangiet,accompagner
Exhilareiz,Exhilaratus
conus,connaître
conuertit,convertir
uaisselez,vaisseau
apeleit,appeler
flaisches,flasque1
reponst,repondre
boiues,boire1
abaisse,abaisser
troueras,trouver
proueir,prouver
abaissie,abaisser
serpent,serpent
espaurit,épeurir
ommes,homme
conuertie,convertir
foies,fie
enuoier,envoyer
amonicion,admonition
choseir,choser1
iniquiteiz,iniquité
choseiz,choser1
astoi,être1
presis,prendre
mesis,mettre
abaissat,abaisser
repentit,repentir
norrissemenz,nourrissement
defendeor,défendeur
manioit,manger
orguelh,orgueil
taisibles,taisible
torneir,tourner
maniant,manger
Ensenge,enseigner
Manes,manois
tolist,tolir
coit,coi
demandeiz,demander
enfleiz,enfler
aouert,aouvrir
cleirement,clairement
sonassent,sonner
Campainge,Campanie
destraindoit,destreindre
frumenz,froment
aloweiz,allouer1
studiat,étudier1
amendeir,amender
floibeteit,faibleté
mesurable,mesurable
chosement,chosement
sorleueir,surlever
siuant,suivre
sais,sac1
racontant,raconter
aprisent,apprendre
doteir,douter
abundance,abondance
entreuaz,entreval
emplissoit,emplir
spirs,espir
uuet,vouloir
spiret,espirer1
Natan,Nathan
defendit,défendre1
Helyseus,Elisée
porkes,parquoi
Laisse,laisser
disposeit,disposer
dispensation,dispensation
sustrait,soustraire
prophetanz,prophéter
sorlieuet,soulever
gardet,garder
troeuent,trouver
haiant,avoir1
affermes,affermer1
parsiu,parsuivre
kanke,quanque
aluet,alleu1
deuist,devoir2
edifier,édifier
proiant,prier
consentanz,consentir
astaleiz,astaller
uenrai,venir
demosterrai,démontrer
refectoir,réfectoire
doiuiez,devoir2
necessaires,nécessaire
atendant,attendre1
apparilhierent,appareiller1
sembleuent,sembler1
aiorneuet,ajourner
prouost,prévôt
apparuit,apparoir
deuroient,devoir2
subtilment,subtilement
raconterent,raconter
Nekedent,nequedent
astablit,établir
Peire,père
atendins,attendre1
uenroies,venir
auoies,avoir1
demosteroies,démontrer
deuriens,devoir2
uenis,venir
aparui,apparoir
dormanz,dormir
enseniai,enseigner
oistes,ouïr
oant,ouïr
meruilhierent,merveiller
habitations,habitation
reuelation,révélation
uoldroie,vouloir
enseniast,enseigner
oroient,ouïr
reconistroient,reconnaître
parqueranz,parquérir
tesmoniant,témoigner
porteiz,porter1
Iudeie,Judée
Caldeie,Chaldée
rapareilhat,rappareiller
Abacuc,Habacuc
moment,moment
corporeilment,corporellement
dinneir,dîner1
reconteroit,reconter
reposant,reposer
institution,institution
spiritueile,spirituel
spiritueilment,espirituellement
terst,terdre
uuelh,vouloir
uuide,vide
leuoit,lever
chaoient,choir
comandant,commander
manazant,menacer
dotablement,doutablement
pendanment,pendanment
conuersoient,converser1
neies,naître
deforaine,deforain
alkanz,alquant
noblece,noblesse
enfanteir,enfanter
uilteit,vileté
despitent,dépiter
ramenbrent,ramembrer
restraint,restreindre
deforaines,deforain
prouochieuent,provoquer
souent,souvent
corrocement,courroucement
porueues,pourvoir
soffroit,souffrir
Amendeiz,amender
uostre,votre
amendeiz,amender
escomenge,escommenger2
escomengement,excommengement
manezant,menacer
iceles,cil
mueies,muer
ensevelies,ensevelir
celebroit,célébrer
diakenes,diacre
alcuns,aucun
acomenget,acommengier
offrir,offrir
parmanoir,permanoir
uiuoient,vivre1
tolroit,tolir
amendassent,amender
ensengiet,enseigner
obleie,oublie1
offrist,offrir
escomengies,escommenger2
oblations,oblation1
sacrifie,sacrifier
crieit,crier
acomengent,acommengier
dotanment,doutamment
osteit,ôter
reprisent,reprendre
meruilhouse,merveilleux
uiuant,vivant
ueable,voyable
ciez,ciel
desloies,délier
tinent,tenir
faitres,faiteur
iugier,juger
enfermeteiz,enfermeté1
fermeteiz,fermeté
Auoc,avec
concordanment,concordamment
manandie,manandie
eissuz,issir
enseueliz,ensevelir
geteiz,jeter
getteit,jeter
entereit,enterrer
deniaist,daigner
reuerence,révérence
metteiz,mettre
Parpoises,parpeser
Ihesum,Jésus
esmerueilh,émerveiller
mobleteit,mobilité
mobiliteit,mobilité
choseuet,choser1
assidueiement,assidûment
somonoit,semondre
paresteir,parester
engresses,engrès
affliz,afflire
aireiz,aïré
dragons,dragon
deuoreir,dévorer
palpianz,palpier
crieir,crier
Coreiz,courir
coreiz,courir
palpiant,palpier
remenerent,remener
departeroit,départir
parmeist,permanoir
siuoit,suivre
quide,cuider
doiuet,devoir2
taisir,taisir
Antoine,Antoine
cheanz,choir
pouz,peau
enfloit,enfler
repunre,repondre
croissante,croître
restabliz,rétablir
poure,pauvre
tairai,taire
Pelerins,Pèlerin
necessiteit,nécessité
necessiteiz,nécessité
creencier,créancier
sauz,sou1
doiue,devoir2
espasce,espace
occupeiz,occuper
huige,huche1
treze,treize
proior,prieur2
rendist,rendre
despenses,dépense
repairrai,repairer
Vns,un
aduersaire,adversaire
haenge,haenge
entrechaniableteiz,entrechangeableté
sembleuet,sembler1
siure,suivre
lepre,lèpre
ampole,ampoule
afflioit,afflire
Campaine,Campanie
diuers,divers
besonianz,besogner
cellier,cellier
Agapitus,Agapit
ententiuement,ententivement
proianz,prier
corrociez,courroucer
gettassent,jeter
inobedience,inobédience
pesantumes,pesantume
pirres,pierre
oiles,huile
assembleiz,assembler1
obeissant,obéir
mescreandise,mécréandise
fineiz,finer1
chosemenz,chosement
oreuet,orer
toneaz,tonneau
uuiz,vide
couerz,couvrir
parsteuet,parester
couerture,couverture
sorleueie,soulever
croissant,croître
commoue,commouvoir
moilhieuet,mouiller
pauiment,pavement
finat,finer1
leement,liément
inobedient,inobédient
saluablement,salüablement
demostreuet,démontrer
mostreie,montrer
ammonition,admonition
anaises,enaise
uuit,vide
meide,mede1
gueruise,guervise
uas,aller
Elleuos,esvous
uois,aller
potion,potion
uielhart,vieillard
trauilhat,travailler
crueilment,cruellement
trauilhiet,travailler
caneie,canée
escost,escourre2
maligne,maligne
uoldroi,vouloir
uolenteit,volonté
deuote,dévot
cascunes,chacun
merueilhouses,merveilleux
onkes,onques
receurent,recevoir
Thabitam,Tabitha
suscitat,susciter
Ananie,Ananie
Saphiram,Saphire
mentirent,mentir
chosant,choser1
orast,orer
desploierai,déployer
clarcirat,claircir
loiez,lier
Galla,Galla
Arriene,arien
senzfegerie,sensfegerie
uniuersale,universel
arst,ardre
chalre,chaure
cruelteit,cruauté
auarisce,avarice
conuoitanz,convoiter
rapine,rapine
deschiroit,déchirer
diuerses,divers
regehit,rejehir
creut,croire
tormentant,tourmenter
entrelaissie,entrelaisser
rauies,ravir
afflire,afflire
estraindanz,étreindre
renes,rêne
cheual,cheval
lisant,lire1
Galle,Galle
bolissant,bouillir
deruerie,desverie
peruerse,pervers
regardeit,regarder
teil,tel
espawentement,épouvantement
rend,rendre
lezon,leson
flechiet,flécher
rene,rêne
desloiet,délier
comenzast,commencer
espauriz,épeurir
remeneit,remener
ralanz,raller
atochant,attoucher
seruent,servir
amiablement,amiablement
merueilhes,merveille
repressat,represser
espauentable,épouvantable
loiure,liure
astraint,astreindre
innocent,innocent1
ensenget,enseigner
ioinderai,joindre
angoissous,angoisseux
ueueteit,veuveté
turbleiz,troubler
retorneuet,retourner
ueueiz,vevé
Rend,rendre
Toli,tolir
uien,venir
resuscite,ressusciter
uoleiz,vouloir
parstiut,parester
iuranz,jurer
resuscitast,ressusciter
paruenuz,parvenir
flekit,fléchir
genoz,genou1
corselet,corselet
palmes,palme
tendit,tendre2
proiet,prier
toloite,tolir
parfineies,parfiner
repairant,repairer
tremblat,trembler
meruilhous,merveilleux
debotement,déboutement
palpiet,palpier
esterneiz,esternir
proposeies,proposer
proues,prouver
uuelent,vouloir
soror,sœur
halz,haut
aguilhon,aiguillon
saintefie,saintefier
descendit,descendre
loenges,louange
tardiue,tardif
ioies,joie
clarteiz,clarté
entretissues,entretistre
eslistre,esclistre
tonoile,tonnoille1
undeie,ondée
ploge,pluie
linteil,linteau
espandit,épandre
fluez,fluet
seuit,suivre
conuenance,convenance
momenz,moment
esclistres,esclistre
tonoiles,tonnoille1
retorneir,retourner
espargnet,épargner
proiai,prier
uolsis,vouloir
pues,pouvoir2
delaissie,délaisser
reua,raller
greit,gré1
ueilhable,veillable
soeleirent,soûler
altrien,autriien
esgardons,égarder
conuoitoit,convoiter
cariteiz,charité
raleie,raller
elleuos,esvous
trespercier,trespercer
colon,coulon1
conioianz,conjouir
hymnes,hymne
portaissent,porter1
appareilhiet,appareiller1
deseuerroit,dessevrer
luisit,luire1
concolhiz,concueillir
dessuz,dessus
Seruandus,Servandus
estoriz,estorer
contreies,contrée
Liberio,Libère
hanteuet,hanter
doctrine,doctrine
espanderoient,épandre
altrienement,autriienement
ioissant,jouir
gosteroient,goûter
ueaz,viaus
suspirant,soupirer
demandeuet,demander
souraines,souverain
paruoiables,parvoiable
aprochemenz,approchement
continuoit,continuer
reposeuent,reposer
uigiles,vigile
nuitreneile,nuitrenel
deuanciet,devancer
deproianz,déprier
tempriue,temprif
eschaciet,eschasser2
resclarcir,réclarcir
uencoit,vaincre
colhiz,cueillir
soleilh,soleil
enfichoit,enficher
aguece,agüesse
splendiant,splender
Capue,Capoue
rondele,rondelle
porteie,porter1
aiosteir,ajouter
grandece,grandesse
crior,crieur2
Seruandum,Servandus
recomenciet,recommencer
meruilhant,merveiller
auenues,advenir
Cassin,Cassin
Theoprobo,Théoprobe
enuoiast,envoyer
sauist,savoir1
demandanz,demander
montement,montement
merueilhier,merveiller
soloilh,soleil
esprouai,éprouver
congeteir,conjecter
Fermement,fermement1
uoit,voir1
bries,bref
creeit,créer
deuentriene,devantrien
alaschiez,alaisier
alaisie,alaisier
regardet,regarder
eshalcie,exhausser
comprent,comprendre
comprendre,comprendre
alaisiez,alaisier
rauiz,ravir
grieteit,grièveté
deforains,deforain
estroites,étroit1
utlement,utilement
auois,avoir1
tardiueteit,tardiveté
criut,croître
espositions,exposition
studiousement,studieusement
resclarcit,réclarcir
moienement,moyennement1
riugle,règle
ualhant,valoir
discretion,discrétion
sermon,sermon
ueskit,vivre1
alcanz,alquant
comandanz,commander
courissent,couvrir
ensenianz,enseigner
eisteroit,issir
ourist,ouvrir1
fieures,fièvre
aigre,aigre1
engreuissoit,engrevir
guarnit,garnir
reciuement,recèvement
sustenanz,soutenir
floibes,faible
estiut,ester
sorleueies,surlever
darrain,derrain
sofflat,souffler
reuelations,révélation
semblante,sembler
orient,orient
esterneie,esternir
lampes,lampe1
conteir,conter
beirs,baron
cleirs,clair1
ameiz,aimer
montet,monter
estorat,estorer
habitat,habiter
restablie,rétablir
reposeuet,reposer
lassemenz,lassement
erreuet,errer1
matineie,matinée
sentons,sentir
demonstrent,démontrer
benefices,bénéfice
enfermes,enferme1
doteit,douter
demostreir,démontrer
affichie,afficher
defalir,défaillir
oance,oyance
ueriteiz,vérité
aoiseroit,aoisier
conforteres,conforteur
uenrat,venir
eist,issir
uenget,venir
scelhioient,séeler
sustrai,soustraire
demosterai,démontrer
aprendereiz,apprendre
tendons,tendre2
rapareilhons,rappareiller
parleir,parler
secles,siècle
ancïenur,anciennour
prut,preu
colur,couleur1
Noé,Noé
Abraham,Abraham
vailant,vaillant
frailes,frêle
vat,aller
remanant,remanoir
si',si4
st,être
ampairét,empirer
salver,sauver
nostra,notre
anceisur,ancessor
cristïentét,chrétienté
citét,cité
nobilitét,nobilité
hoc,o4
"
               ",le
nnum,nom
pedre,père
cons,comte
vailante,vaillant
honurede,honorer
tuta,tout
cuntretha,contrée
converserent,converser
ansemble,ensemble
longament,longuement2
amfant,enfant
cumandement,commandement
humilitét,humilité
fecunditét,fécondité
sourent,savoir
bont,bon
batesma,baptême
regenerer,régénérer
Fud,être1
baptizét,baptiser
Alexis,Alexis
suëf,souef
nurrir,nourrir
emperethur,empereur
prenget,prendre
moyler,moillier
acatet,acheter
filie,fille1
pulcela,pucelle
nethe,naître
parentét,parenté
conpta,comte
ciptét,cité
honurer,honorer
amfanz,enfant
adaisement,aaisement
espuset,épouser
belament,bellement
anuitét,anuiter
pedres,père
colcer,coucher
cumand,command1
corocier,courroucer
cambra,chambre
esguardat,égarder
seinor,seigneur
terrestre,terrestre
pecét,péché
apresset,appresser
vithe,vie
mostret,montrer
quet,que
turnét,tourner
Oz,ouïr
espus,époux
raens,raiembre
precïus,précieux
icés,cist
parfit',parfait
fraisle,frêle
durable,durable
cesta,cist
lethece,liesse
revert,revertir
tristur,tristeur
mustrethe,montrer
espethe,épée
comandethe,commander
ensur,ensur
contrethe,contrée
dreitement,droitement
deveit,devoir2
alöét,allouer1
sigle,sigle
Dreit,droit2
Lalice,Lalice
arivet,arriver
sainement,sainement
eisit,issir
acertes,à.certes
converset,converser
cesset,cesser
Alsis,Alsis
imagine,image
qued,que
virgine,virgine2
salvetét,sauveté
sainta,saint
portét,porter
almosnes,aumône
estra,étrange
ancumbrét,encombrer
departit,départir
almosne,aumône
lui',lui
poverins,poverin
revendrai,revenir
pedra,pierre
medra,mère
espusethe,épouser
alét,aller
dols,deuil
demenét,démener
deplainz,déplaint
citiét,cité
devenut,devenir
Pechét,péché
graime,graim
sé,son4
meilurs,meilleur
serganz,sergent1
truverent,trouver
sedant,seoir
aconurent,aconnoistre
mudede,muer
medisme,même
dunethe,donner
returnerent,retourner
anterciét,entercier
lothet,louer1
sons,son4
provenders,provendier1
almosners,aumônier
firet,faire
pourent,pouvoir
graim,graim
estot,estovoir
ker,car
Aleïs,Alexis
contrede,contrée
esguarethe,égarer
ierc,être
lede,lié
kers,cher
marrement,marrement
despeiret,déparer
neül,nul
ornement,ornement
aturnat,atourner
ledement,liément
Cambra,chambre
ela,elle1
estras,être3
parede,parer
ledece,liesse
demenede,démener
depredethe,dépréer
sas,son4
curtines,courtine1
deramedes,desramer
aturnede,atourner
Dama,dame1
turtrele,tourterelle
ansembl',ensemble
guardarai,garder
plainums,plaindre
seinur,seigneur
altra,autre
pothent,pouvoir
anganer,enganer
seat,sept
penat,peiner
quor,coeur
afermét,affermer1
istrat,issir
citiéd,cité
servitor,serviteur
serveit,servir
ume,homme
imagena,image
Fai,faire
quert,quérir
coisir,choisir
imagene,image
Revint,revenir
costre,costeur
antercier,entercier
esluiner,éloigner
esample,exemple
onurent,honorer
onurer,honorer
icest',cist
revoil,revouloir
ancumbrer,encombrer
Ensur,ensur
edrers,errier2
andreit,endroit
Tarson,Tarson
espeiret,espérer
ariver,arriver
ailurs,ailleurs
redutet,redouter
recunuissent,reconnaître
encumbrent,encombrer
guvernes,gouverner
ploüst,plaire
volisse,vouloir
icesta,cist
prendrunt,prendre
poëste,poeste
jos,je.le
creid,croire
trairunt,traire
huec,o4
desirret,désirer
guerpide,guerpir
bailie,baillie1
conuistrunt,connaître
Eist,issir
ancuntret,encontrer
numet,nommer
degrét,degré
grabatum,grabaton
empur,empour
amferm,enferme1
guardrat,garder
guard,garder
soferai,souffrir
amanvet,amanevir
bosuinz,besoin
contra,contra/contre
mesaler,mesaller
Sovent,souvent
espusede,épouser
unces,onques
aviserent,aviser
Soventes,souvent
eil,el1
aturnét,atourner
paist,paître
um,on
relef,relief
tabla,table
vïande,viande
herberc,auberc
povrins,poverin
musgode,musgode
engraisser,engraisser
acomunier,accommunier
conseilers,conseiller1
esforcer,efforcer
maisnede,maisnie
lavadures,lavure
corucet,courroucer
escarnissent,escharnir
tenent,tenir
egua,eau
moilent,mouiller
linçol,linceul
giens,giens
parduinst,pardonner
Iloc,illuec
eisi,ainsi
apartenanz,appartenant
ahanz,ahan
Trente,trente
penét,peiner
guereduner,guerdonner
angreget,engréger
anfermetét,enfermeté1
servant,servant
apelét,appeler
Quer,quérir
enca,enque
parcamin,parchemin
penne,penne1
cartra,charte
demustrer,démontrer
reconuissent,reconnaître
usque,usque
cumandét,commander
agravét,aggraver1
recesset,recesser
sameine,semaine
sacrarie,sacraire
amvïét,envoyer
prest',prêt2
glorie,gloire
summunse,semonce
quergent,quérir
depreient,déprier
fundet,fondre
perissent,périr
fregundent,fréquenter
dute,doute
idunc,donc
apostolie,apostole
desconfortet,déconforter
anglutet,engloutir
empereör,empereur
Acharies,Arcadius
Anories,Honorius
oraisun,oraison
guarirunt,guérir
deprient,déprier
pïetét,piété
anseinet,enseigner
ol,où.le
anditét,enditer
trovereiz,trouver
returnent,retourner
blastenger,blastengier
doüses,devoir
desconseilét,déconseiller
celét,celer
pechét,péché
creient,croire
helberc,auberc
enquer,enquérir
menestrels,ménestrel
neüls,nul
sedent,seoir
plurus,pleureux
seinors,seigneur
preient,préer
dementres,dementiers
aneme,âme
nunçat,noncer
conseilét,conseiller
cristïens,chrétien
lungament,longuement2
conversét,converser
suzlevet,sublever
dum,dont
puing,poing
espelt,épelir
esmeriz,esmarrir
trovét,trouver
avums,avoir
na,ne1.le
ureisuns,oraison
afflictïuns,affliction
Mercit,merci
coneümes,connaître
conuissum,connaître
pechethuor,pécheur
vocét,vocher
amperedor,empereur
consent,consentir
jugedor,jugeur
busuinus,besogneux
apostolies,apostole
anames,âme
baillir,baillir
mesters,métier
Dune,donner
dirrat,dire
trovrat,trouver
puisum,pouvoir
grarir,gräir
alascet,alaschier
cancelers,chancellier
esculterent,écouter
truvede,trouver
refuït,refuir
dolerus,douloureux
repairasses,repairer
reconfortasses,réconforter
crïer,crier
apresentét,aprésenter
pecables,péchable
avoglét,aveugler
vedud,voir1
dolenta,dolent
dolurs,douleur
andurede,endurer
consireres,consirée
pluredes,pleurer
enquor,encore
acurede,acorer
ereditez,hérédité
decés,décès
enorét,honorer
enpur,empour
canuthe,chenu
retenude,retenir
anpur,empour
aveies,avoir
aparude,apparaître
aname,âme
absoluthe,absoudre
Tei,toi
cuvenist,convenir
espede,épée
ceindra,ceindre
tui,ton2
guverner,gouverner
tons,ton2
parentez,parenté
emperedur,empereur
alïenes,alien
toen,tien
perneies,prendre
doüsses,devoir
demenat,démener
antendit,entendre
curante,courir
forsenede,forcener
crïant,crier
eschevelede,écheveler
pasmede,pâmer
dejeter,déjeter
maiseler,maiseler
estoüst,estovoir
oüs,avoir
enhadithe,enhaïr
avoglie,aveuglir
cunuisseie,connaître
vedisse,voir1
jetet,jeter
regret,regretter
portai,porter
quem,que.me
vedeies,voir1
merveile,merveille
mezre,mezre
porteüre,porture
lunga,long
venude,venir
malfeüde,maufëu
mens,mon1
quors,coeur
avilas,aviler
vels,viaus
parlasses,parler
confortasses,réconforter
bor,bor
juventa,jouvente
fuïs,fuir
erc,être
desirruse,désireux
ned,naître
angussuse,angoisseux
goiuse,joyeux1
doleruse,douloureux
domoret,demourer
Seinurs,seigneur
Aidiez,aider
sazit,sasier
vertiz,vertir
longa,long
demurere,demeurée
atendude,attendre
laisas,laisser
eguarede,égarer
desirrét,désirer
guardét,garder
revenisses,revenir
felunie,félonie
lastét,lasté
kiers,cher
bela,beau
purirat,pourrir
atendeie,attendre
buce,bouche1
vostra,votre
soüsse,savoir
geüd,gésir
lung',long
amfermetét,enfermeté1
soüsent,savoir
vedve,veuve
servirei,servir
guvernet,gouverner
plurat,pleurer
alasserent,alasser
conreierent,conréer
acustumerent,accoutumer
felix,félis
enorerent,honorer
crit,cri
doilet,douloir
nostr',notre
adjutorie,adjutoire
preiuns,prier
tolget,tolir
cantant,chanter
aiet,avoir1
somondre,semondre
commourent,commouvoir
tota,tout2
turbes,tourbe1
quons,comte
entrarote,entrerote
ultra,outre2
poduns,pouvoir
donét,donner
poples,peuple1
ampirie,empire1
bailissent,baillir
seniurs,seigneur
querreuns,quérir
aveirs,avoir2
largas,large
menude,menu
discumbrement,décombrement
rovent,rover
bailide,baillie1
tengent,tenir
gracïet,gracier
oec,o4
oneurét,honorer
anema,âme
alüez,allouer2
atendeiz,attendre
preiums,prier
trinitét,trinité
poissum,pouvoir
regner,regner
Surz,sourd
leprus,lépreux
orbs,orbe2
neuls,nul
palazinus,palasineux
languerus,langoureux
alget,aller
malendus,malandos
nul',nul
sanctét,santé
Alquant,aucant
aquant,alquant
mustrét,montrer
seniur,seigneur
empirie,empire
apertes,apert1
receivent,recevoir
Alques,auques
podeste,poeste
derumpent,dérompre
Boneface,Boniface
martir,martyr
attement,atement
posent,poser
Felix,félis
herberget,héberger
podestét,poësté
avirunét,avironner2
voillent,vouloir
ancensers,encensier
oriés,oré1
candelabres,candélabre
albes,aube2
sarqueu,cerceuil
cantent,chanter
pluisur,plusieurs
desevrassent,désevrer
gemmes,gemme
sarqueus,cerceuil
poser,poser
poëstét,poësté
atarger,atarger
doloserent,doulouser
atempredes,attemprer
plainstrent,plaindre
lairmes,larme
voilent,vouloir
enfodir,enfouir
congét,congé
plaidiz,plaidis
ralerent,raller
cumpainie,compagne
honorethe,honorer
salvedes,sauver
dirre,dire1
homo,homme
vide,vie
replenithe,replenir
ensor,ensur
malfeüz,maufëu
esmes,être1
avoglez,aveugler
veduns,voir1
ancumbrez,encombrer
oblïer,oublier
doüssum,devoir
ralumer,rallumer
Aiuns,avoir
acat,acheter
ipse,no_lem
verbe,no_lem
dimes,dire
Pater,no_lem
noster,no_lem
amen,no_lem
Hora,or2
dic,dire1
vera,voir2
raizun,raison
Jesú,Iesus
Christi,Christ
passïun,passion
affanz,ahan
remembrar,remembrer
salvad,sauver
Trenta,trente
Per,par1
obred,oeuvrer
verus,voir2
sosteg,soustenir
Peccad,péché
negun,nesun
unque,onques
aucis,occire
vida,vie
passïuns,passion
redenps,raiembre
aproismed,approismer
cho,ce1
redemptïons,rédemption
ciutat,cité
afanz,ahan
susteg,soutenir
perveing,parvenir
Betfage,Bethphagé
vil',ville
Olivet,Olivier
enveied,envoyer
adducere,aduire
roved,rover
asnez,âne
amenaz,amener
mantelz,manteau
ant,avoir1
parad,parer1
aprestunt,apprêter
·ss',se1
humilitad,humilité
Jesús,Iesus
rex,roi1
monted,monter
mulz,moult
canted,chanter
aveien,avoir1
Lazer,Lazare
moniment,monument
jagud,gésir
pudenz,puant
co,comme
audid,ouïr
ve,venir
podenz,potent
revivere,revivre
'xirent,issir
rames,rame1
olivers,olivier1
issid,issir
Canten,chanter
Fili,filius
Davít,David
fili,filius
Palis,paile
palis,paile
mantenls,manteau
davant,devant
extendent,étendre1
·ssos,son4
Gran,grand
folcs,fouc
aredre,arrière
davan,devant
van,aller
laudant,louer1
Ensobre,ensor
enfan,enfant
osanna,hosanna
clamant,clamer
ciptad,cité
·lla',le
sgarded,esgarder
piu,piu
suspiret,soupirer
olz,oeil
lagrimez,lacrimer
Hjerussalem,Jérusalem
gai,gar
pechet,péché
Pensar,penser
poz,pouvoir2
pensar,penser
permet,permettre
orgolz,orgueil
Venrant,venir
venrant,venir
·tt',te
asaldran,assaillir
inimic,ennemi
entorn,entour
arberjaran,héberger
crebantaran,cravanter
penas,peine
aucidront,occire
belz,beau
·ssubr',sur1
laiseront,laisser
caitiu,chétif
totas,tous
menad,mener
eren,être1
cognoguist,connaître
salvar,sauver
receubist,recevoir
ag,avoir1
percoidat,percogiter
templum,templum
intret,entrer
marchedant,marchand
·trobed,trouver
monstred,montrer
pavors,peur
Judeus,Juif
dobpla,double
corda,corde
·lz,le
firend,férir1
marched,marché
desfazend,défaire
Felo,félon
Judeu,Juif
vidren,voir1
conselz,conseil
demandan,demander
sennior,seigneur
tradissant,trahir
Judes,Judas
Escarïoth,Iscariote
vengra,venir
rebost,repost
darez,donner
tradrai,trahir
ademplirai,aemplir
promisdrent,promettre
tradisse,trahir
chera,cher
merz,merz
ven,vendre
Hanc,ainc
magis,mais1
audis,ouïr
dizen,dire1
Pasches,Pâques
cena,cène
faita,faire
leved,lever
manjer,manger
fedels,fidèle
laved,laver
ped,pied
saccrament,sacrement
commandez,commander
passiün,passion
sanctificat,sanctifier
fidels,fidèle
sacïet,sasier
Escharïoh,Iscariote
una,un
sopa,souper1
enflet,enfler
og,avoir1
manjed,manger
gola,gueule
Semper,sempres
nuncer,noncer
pietad,piété
Sobre,sur1
condurmir,condormir
sopar,souper1
sab,savoir1
Contra,contre
padir,pâtir
garnid,garnir
Alo,aluec
Pedre,Pierre
perchoindad,parconter
neiara,nier1
Pedres,Pierre
adunad,ataïner
epsa,es2
gurpira,guerpir
Christus,Christ
Gehsemani,Gethsémani
anez,aner
seder,seoir
rovet,rover
evan,avant
orar,orer
marrimenz,marrement
condormirent,condormir
ades,adès
veg,venir
esveled,éveiller
bein,bien
manded,mander
anned,aner
sudor,sueur1
dunques,donc
suded,suer1
sags,sang
current,courir
sanctas,saint
gutes,goutte
·sos,son4
repadred,repairer
benlement,bellement
conforted,conforter
compannie,compagnie
vidra,voir1
zo,ce1
querent,quérir
adun,adonc
Jesúm,Iesus
querem,quérir
Nazarenum,Nazareth
Eu,je
aquel,icel
cadegrent,choir
Terce,tiers
demanded,demander
chedent,choir
trassudad,tressuer
aproismad,approismer
ensenna,enseigne
prendet,prendre
bassaerei,baiser2
veggra,venir
tend,tendre2
refuded,réfuter
tradetur,traditeur
baisair,baiser1
doned,donner
Amicx,ami
que',quoi
trades,trahir
to,tout2
baisol,baiser1
naz,naître
tradas,trahir
cobetad,covoitié
Armand,armant
esterent,ester
evirum,environ
No,ne1
defended,défendre1
·ssusted,suter
anels,agneau
venjar,venger
estrais,extraire
consegued,consuivre
serv,serf
fellon,félon
aurelia,oreille
excos,escourre2
red,rendre
saned,saner
Lïadens,lier
mans,manoir2
ladron,larron1
menem,mener
gurpissen,guerpir
fedel,fidèle
segwen,suivre
veder,voir1
voldrat,vouloir
Anna,Anne
nomnavent,nommer
furet,être1
adunouent,aduner
annouent,aduner
oicisesant,occire
envenguz,envenir
nëul,nul
pontifex,pontife
conjuret,conjurer
ipsum,ipse
dissest,dire1
pura,pur
fied,foi1
respon,répondre
crident,crier
Maior,majeur
medeps,même
avem,avoir1
duncques,donc
cubrirent,couvrir
colejar,coloyer
prisdrent,prendre
ensobre,ensor
fisdret,faire
Petre,Pierre
fog,feu1
useire,huissière1
aeswardevet,esgarder
esfreded,effrayer
jalz,coq1
cantes,chanter
reswardet,regarder
recognostre,reconnaître
Petrus,Pierre
alo,aluec
amarament,amèrement
ploret,pleurer
laissed,laisser
pïeted,piété
esclairez,éclairer
Pilat,Pilate
menet,mener
acusand,accuser
soa,son4
Pilaz,Pilate
Erod,Hérode
enviet,envoyer
abanz,avant
voliet,vouloir
passïon,passion
paierent,payer
jorn,jour
Herodes,Hérode
pensed,penser
feisis,faire
vises,fois
apeled,appeler
soned,sonner
acusent,accuser
denat,daigner
despeis,despire
escarnit,escharnir
vestiment,vêtement
Pilad,Pilate
retramist,tramettre
consentunt,consentir
fellun,félon
Vida,vie
perdonent,pardonner
ladrun,larron1
Aucid,occire
aucid,occire
Barrabánt,Barrabas
alta,haut
cruz,croix
claufisdrent,clofichier
Crucifige,crucifier
crucifige,crucifier
ensems,ensens
aucidrai,occire
forsfaiz,forfaire
farai,faire
flagellar,flageller
poisses,puis
laisarai,laisser
annar,aner
Ensems,ensens
fellunt,félon
laises,laisser
viure,vivre1
amics,ami
emperador,empereur
posche,pouvoir2
neger,nier1
sia,être1
tals,tel
gurpis,guerpir
recebent,recevoir
conducent,conduire
purpure,pourpre1
man,main1
raus,ros1
misdrent,mettre
cab,gab
asisdrent,asseoir
excrebantent,escravanter
saludent,saluter
escarn,escharn
escarnid,escharnir
vestent,vêtir
avan,avant
pasïun,passion
Femnes,femme
detras,detriès
seguan,suivre
ploran,pleurer
gaimentan,gaimenter
redre,retro
femnes,femme
Audez,écouter
fillies,fille1
Jerusalém,Jérusalem
obs,ues
assaz,assez
perveng,parvenir
Golgota,Golgotha
ciptat,cité
gurpit,guerpir
chamisae,chemise
custurae,couture1
faitice,faitis
auseren,oser
deramar,desramer
gitad,jeter
vestimenz,vêtement
signa,signer
huna,une
vertet,vérité
fidel,fidèle
devent,devoir2
regnaz,règne
caritad,charité
uniz,unir
laisai,laisser
mesclen,mêler
nostrae,notre
tenden,tendre2
levad,lever
penden,pendre
lasruns,larron1
fan,faire
cridaizun,crïaison
ladruns,larron1
escarnie,escharnir
Respondet,répondre
ren,règne
forsfist,forfaire
colpas,coulpe
oidi,hui2
torned,tourner
pïament,piuement
appelled,appeler
·t,te
mercet,merci
cu,comme
Respon,répondre
mentid,mentir
venras,venir
confessïon,confession
perdones,pardonner
laudam,louer1
perdone,pardonner
celz,cil
pecaz,péché
vetdest,vider
nona,none
meidi,midi
cubrid,couvrir
solelz,soleil
luna,lune
post,post
·ffilz,fils
suspensus,suspendre
fure,être1
perving,parvenir
escrided,écrier
Hebraice,Hébreu
Helí,Eli
gulpist,guerpir
felluns,félon
chi',qui1
sta,ester
iki,iqui/ici
azit,acète
fortmen,fortement
recridet,recrier
spiritus,spiritus
anet,aner
anma',âme
durament,durement
crollet,crouler
fendient,fendre
sepulcra,sépulcre
obrirent,ouvrir1
exut,issir
inter,inter
Dei,Dieu
cortine,courtine1
pend,pendre
jusche,jusque
fend,fendre
croz,croix
Mariae,Marie
prisdret,prendre
agre,aigre
Ela,elle1
vedes,voir1
resurdra,ressourdre
nem,non
perro,pero
traverset,traverser
mortalz,mortel1
Symëonz,Siméon
percogded,percogiter
Joseps,Joseph
preiat,prier
chamsils,chainse
envolopet,envelopper
Nicodemus,Nicodemus
·ll',le
unguement,onguement
hi,y2
enter,entre
mirra,myrrhe
aloén,aloès
quasi,quasi
liuras,livre2
pimenc,piment
aromatizen,aromatiser
cuschement,cuschement
pausen,poser
monument,monument
jag,gésir
anc,ains
virgo,virgo
peched,péché
munument,monument
praeiam,prier
terz,tiers
pareistra,paraître
emblar,embler
auran,avoir1
diran,dire1
revisquet,revivre
agud,avoir1
errors,erreur1
aurem,avoir1
pece,péché
maiors,maire1
Armaz,armer
vassalz,vassal
liuret,livrer
charns,chair
aucise,occire
pero,pero
Qua,que
·l',le
enfern,enfer
asalit,assaillir
Satanán,Satan
venquit,vaincre
vertud,vertu
Etqui,iqui
era,être1
primers,premier1
enffant,enfant
etqui,iqui
estevent,estever
carnals,charnel
anaz,aner
vengues,venir
solses,soudre1
comuna,commun
Argent,argent
aur,or1
mas,mon1
eg,ex
arberget,héberger
mattin,matin
esclairaz,éclairer
cars,cher
portavent,porter1
unguemenz,onguement
dessend,descendre
focs,feu1
ardenz,ardre
neus,noif
custod,custode
espauriren,épeurer
quaisses,quasi
vengren,venir
sobl',sur1
elz,eux
vengre,venir
peddre,pierre
angel,ange
No',ne1
crement,crémer1
requeret,requérir
Anaz,aner
complit,complir
quun,quant
loc,lieu1
jac,gésir
annuncaz,annoncer
Petdrun,Pierre
oblidez,oublier
Galilea,Galilée
allo,aluec
vetran,voir1
Elles,elle1
equi,ici/iqui
tornades,tourner
senpr',sempres
encontradas,encontrer
reconnossent,reconnaître
adorent,adorer
redemptor,rédempteur
seindrae,seigneur
veduz,voir1
furae,être1
veiades,voie
Primera,premier1
sancta,saint
sep,sept
·dïables,diable
forsmisdret,formettre
Empres,emprès
duaes,deux
Petdres,Pierre
conjaudit,congaudir
vesprae,vêpre
ser,soir
revidren,revoir
Emaus,Emmaüs
sopet,souper2
adunent,aduner
dicen,dire1
vïus,vif
menaven,mener
raizon,raison
·ttrestoz,trèstout
Pax,pax
vobis,vos
passus,patior
vedez,voir1
peds,pied
mo,mon1
plages,player
Fortment,fortement
espaventat,épouvanter
credent,croire
aia,avoir1
aparegues,apparoir
Mel,miel
peison,poisson
manget,manger
veritad,vérité
confirmet,confirmer
peisons,poisson
tostaz,doter
deïtat,déité
comptar,conter
quaranta,quarante
semblanz,semblant2
monstret,montrer
emsembl',ensemble
regnum,regnum
roa,rover
allar,aller
babtizar,baptiser
trinitad,trinité
credan,croire
salv,sauf
cretran,croire
seran,être1
damnat,damner
Signes,signe
faran,faire
quals,quel
Lingues,langue
noves,neuf1
parlaran,parler
encalceran,enchasser
beven,boire1
veren,venin
sobrae,sur1
malabdes,malade
metran,mettre
sanitad,santé
rendran,rendre
donches,donc
Holivet,Olivier
numnat,nommer
benedis,bénir
nuvols,nuée
collit,cueillir
vedent,voir1
·ddextris,dextra
·se,se1
·sset,seoir
judicar,juger
tornet,tourner
dezen,dixième
Spiritus,spiritus
Sanctus,sanctus
sobr',sur1
ched,choir
enflamet,enflammer
fugs,feu1
aserad,assurer
sabent,savoir1
parlar,parler
veng,venir
dobten,douter
lengatges,langage
parlan,parler
virtuz,vertu
annuncian,annoncer
contrastar,contrester
fazen,faire
podestad,poësté
Espandut,épandre
convertent,convertir
popl',peuple1
Satanás,Satan
Alcanz,alquant
levar,lever
espades,espade
degollar,degoler
·llos,le
escorcer,écorcher
trebucher,trébucher
gradilie,grille1
toster,toster
·ppetdres,pierre
lapider,lapider
vencera,vaincre
creisent,croître
esvegurad,esvigorer
adhoraz,adorer
pugnes,pugne
pugnar,pugner
devem,devoir2
voluntez,volonté
aiam,avoir1
fini,fin
lon,loin
prob,proche1
facam,faire
gurpissem,guerpir
som,son4
aias,avoir1
pechedors,pécheur
·mmespraes,méprise
pitad,pitié
retdrae,rendre
graciae,gratia
gloriae,gloria
Spiritum,spiritus
laudar,louer1
nunc,nunc
AMEN,amen
sacent,savoir1
veront,voir1
oront,ouïr
eskievin,échevin
Brisce,Brice
warder,garder
arenterent,arrenter
Felipon,Philippe
Mousket,Mousket
flamens,flamand
Sain,saint
Remi,Rémi
tiermines,termine
Candeler,chandeleur
fieste,fête
entrant,entrer
derier,derrière
Wibiert,Wibiert
Maude,Maulde
Tornai,Tournai
moru,mourir
eskievins,échevin
Cars,Car
Vake,Vake
Wibiers,Wibiert
Morelporte,Morelporte
Borgnes,Borgne
Jakemes,Jacques
Warisons,Warison
d,devoir2
States,States
Vilers,Vilers
Ades,Adam
Parlemens,Parlement
Apriés,après
cierte,cert
Soh,Sohier
Maroi,Maroi
Mosket,Mousket
flamenc,flamand
tiermes,terme
eskeuwe,échoir
eskiev,échevin
Sohier,Sohier
Phelipphon,Philippe
Mouschet,Mousket
ciertainnement,certainement
canon,chanoine
arenta,arrenter
sereur,soeur
Bilehet,Bilehet
warde,garde1
miols,mieux
cierkemanee,cerquemaner
reconeut,reconnaître
Nicolon,Nicolas
Colemer,Colemer
Jakemon,Jacques
Huon,Hues
Mahiu,Mahieu
Biec,Biec
Anette,Anette
estaule,estable1
escris,écrit
livrés,livrer
.M CC XXXVI.,1236
Avesnes,Avesnes
conossance,connaissance
ceus,cil
loiaument,loyalement
Moustereul,Montreuil
novenbre,novembre
winaige,vinage
Guise,Guise
fiencé,fiancer
vendaige,vendage
destourbee,détourber
loet,louer1
fiencié,fiancer
pouors,pouvoir1
garandise,garantise
vorront,vouloir
vendaiges,vendage
Watier,Watier
signeur,seigneur
seeller,sceller
tesmoniage,témoignage
Incarnations,incarnation
fas,faire
çaus,cil
Mousteruel,Montreuil
abbeie,abbaye
trese,treize
paresis,parisis
winage,vinage
vendage,vendage
Watiers,Watier
houmage,hommage1
noumé,nommer
noumés,nommer
assens,assens
mesfaire,méfaire
cunme,comme
païe,payer
denees,donner
seelees,sceller
sael,sceau
.CC.,deux-cents
Jou,je
Caisnoit,Quesnoy
Ewras,Evrart
castelains,châtelain
Leuse,Leuze
faisoumes,faire
sawoir,savoir1
Nich,Nicolas
Prés,près
Tournai,Tournai
escluse,écluse
ventaile,vantaille
moulin,moulin
Lanbrechies,Lambrechies
Longement,longuement2
c,content1
estris,estrif
houmes,homme
boines,bon
fourmee,former
maintenut,maintenir
demeurje,demeurer
iretaulement,héritablement
tiesmoignage,témoignage
asens,assens
ancisseurs,ancêtre
bi,bien
nouvielement,nouvellement
praiel,préau
Nicholai,Nicolas
deviers,devers
W,Watier
Ewra,Evrart
Stie,Etienne
recounois,reconnaître
dro,droit1
tiesmoing,témoin
poestet,poësté
coume,comme
Hesselin,Hesselin
Coupegnies,Coupegnies
Hadon,Hadon
Viheries,Wihéries
Carpentier,Charpentier
Robuet,Robuet
Gaureng,Gaurain
Ewrart,Evrart
Stieven,Etienne
maieur,maire1
Colart,Colart
Vihe,Wihéries
maiieur,maire1
Roussiel,Roussiel
Haniske,Haniske
Ang,Angi
preudoumes,prudhomme
ciste,cist
estale,estable1
eslongement,eslongement
end,en2
saiel,sceau
sie,sien
wit,huit
moutier,moutier1
Ramecrois,Ramecroix
dalés,delez
puch,puits
Hues,Hues
Casteillon,Châtillon
Blois,Blois
faisomes,faire
venront,venir
Bochart,Bouchart
heritablement,héritablement
Estreuem,Etroeungt
apandances,appendance
pramdre,prendre
forages,forage
tonliz,tonlieu
estelages,étalage
hale,halle
apartenances,appartenance
do,de.le
Decollace,décollace
Bocharz,Bouchart
receues,recevoir
contanment,comptamment
fëauté,féauté
acensesist,accensir
acensiroist,accensir
lb.,libra
fusseint,être1
Boloigne,Boulogne
pramdra,prendre
Lamdercies,Landrecies
Guiz,Guy
meuvent,mouvoir
Estruen,Etroeungt
asenement,assignement1
parfere,parfaire
decheoist,déchoir
conmune,commun
anseigné,enseigner
asegnee,assigner
fetement,faitement
loees,louer1
otroiees,octroyer
ferm,ferme2
.M CC XXX VIII.,1238
març,mars1
amprés,emprès
Riuant,Rianwez
Wes,WEZ
faich,faire
chias,cil
Bonesperance,Bonne-Espérance
Foyllien,Feuillien
parroche,paroisse
Corcelles,Courcelles
plais,plaid
conmuns,commun
.xxvi.,vingt-six
encontr,encontre2
enn',en1
delivreit,délivrer1
aboneir,abonner
maeur,maire1
eskevins,échevin
.Ixii.,soixante-deux
boniers,bonnier
quittemen,quittement
rendunt,rendre
.lij.,cinquante-deux
boniere,bonnière
mesureis,mesurer
entrepresures,entreprésure
endemene,endomaine
Mostiers,Moustier
parchoniers,parçonnier
Ravie,Rèves
melle,mêler
.Ixij.,soixante-deux
aboneis,abonner
queis,quel
frankement,franchement1
maintenier,mainteneur
vorrunt,vouloir
justicier,justicier2
doient,devoir2
franch,franc2
avoet,avoué
faissoient,faire
avuoés,avoué
honmes,homme
sace,savoir1
bo,bois
aront,avoir1
usuaire,usuaire
avoier,avoir1
paieront,payer
sarteir,sarter
calenge,challenge
coustum,coutume
enki,enqui2
sartage,sartage
quitte,quitte
selvage,servage
reclameir,réclamer
enscangiés,échanger
signerie,seigneurie
justige,justice
Hainau,Haunaut
rechoivre,recevoir
devera,devoir2
amendes,amende
eskeoent,échoir
voisissent,vouloir
poroent,pouvoir2
accensiseurs,accensisseur
moituiers,métayer
forfais,forfait
deveroent,devoir2
pr,prendre
Hai,Haunaut
apelaissent,appeler
rapeleir,rappeler
autr,autre
quatorze,quatorze
bonier,bonnier
ausmone,aumône
preudomes,prudhomme
mesimes,mettre
Oston,Ostes
Montegni,Montigny
Williame,Guillaume
provost,prévôt
masuiers,masuyer
droitures,droiture
masuier,masuyer
devoent,devoir2
avoent,avoir1
endemenes,endomaine
preis,pré
vingt,vingt
devan,devant
warandir,garantir
Fosses,Fosse
Actum,ago
anno,annus
.M CC XXXIX.,1239
mense,mensis
julio,julius
Sacent,savoir1
verunt,voir1
Waudrut,Waudru
Thumas,Thomas
Lioniés,Lionnet
Brossele,Bruxelles
ordené,ordonner
Hal,Hal
wastines,gâtine
raspailles,rapaille
bruieres,bruyère
pertienent,partenir
demeurent,demeurer
comunement,communément
tresfons,tréfonds
venrunt,venir
trués,treü
Lionés,Lionnet
fief,fief
hiretage,héritage
prendant,prendre
nomé,nommer
conqueroit,conquérir
assente,assente2
conquerroit,conquérir
signeurs,seigneur
raquerre,racquérir
paiant,payer
racat,rachat1
raisnavle,raisnable
foit,foi1
parceniers,parçonnier
vivier,vivier
només,nommer
grevance,grevance
fuece,fouir
carbeniere,charbonnière
miniere,minière
metal,métal
quarriere,carrière
preut,preu
venroient,venir
envenroient,envenir
forestier,forestier1
forestiers,forestier1
parcenier,parçonnier
meterunt,mettre
jurra,jurer
nomet,nommer
atendera,attendre1
secunt,second1
taillage,taillage
premerainement,premerainement
vendages,vendage
estaules,estable1
peuist,pouvoir2
noncié,noncer
castelain,châtelain
ainchois,ainçois
confermee,confermer
saials,sceau
sollempnelment,solennellement
scires,sire
Espinoi,Epinoy
Anthoing,Antoing
faç,faire
Wautiers,Gaucher
Estainkike,Steenkerque
ligement,ligement
poesté,poësté
Wames,Wasmes
Maubrai,Maubray
entirement,entièrement
raporté,rapporter
houme,homme
aïreter,ahériter
segneurs,seigneur
oumage,hommage1
segnourie,seigneurie
conjurement,conjurement
aïretee,ahériter
Boucegnies,Bouchegnies
Espinoit,Epinoy
Antoing,Antoing
dounet,donner
ciunc,cinq
rasieres,rasière
apriés,après
deciés,décès
Mainsens,Mainsent
Audoumeriel,Audoumeriel
rasiere,rasière
sart,sart
Geroul,Geroul
Gillos,Gillot
Condet,Condé
havos,havot1
Houdart,Houdart
Genestroit,Genestroit
Maroie,Marie
Waus,Vaulx
Pire,Pire
confermees,confermer
Audenarde,Audenarde
fach,faire
Arnous,Arnould
Nocre,Nokere
Wakines,Wakken
ordena,ordonner
Aelis,Aelis
testamenteresse,testamenteresse
souverainement,souverainement
ouvrast,œuvrer
Ustasse,Eustache
Rues,Roeulx
Robiert,Robert
Precheurs,prêcheur
Ustasce,Eustache
Menours,mineur1
dounees,donner
perpetuement,perpétuement
testamenteur,testamenteur
ordoneroient,ordonner
deviseroient,deviser
Nicholon,Nicolas
gracie,grâce
vesque,évêque
Cambrai,Cambrai
volentet,volonté
testamenteurs,testamenteur
gree,gréer
hospital,hôpital
Lessines,Lessines
pourveeres,pourvoyeur
quelcunques,quelconque
pourvir,pourvoir
Guion,Guy
renderes,rendeur
testamenteres,testamenteur
rendages,rendage
sara,savoir1
anchissours,ancêtre
chis,cist
Maubuege,Maubeuge
sexante,soixante
Fuignies,Feignies
sour,sur1
fianchie,fiancer
enviers,envers2
oblige,obliger
serment,serment
prich,prier
Haynau,Haunaut
souvraine,souverain
noumees,nommer
conferme,confermer
saiele,sceller
destraingne,destreindre
saelees,sceller
dounee,donner
Signeur,seigneur
jun,juin
Margherite,Marguerite
feel,féal1
chancelees,canceller
planees,planer1
cunchies,conchier1
torsfais,torfait
souvrainement,souverainement
Ustacie,Eustache
Preecheurs,prêcheur
Meneurs,mineur1
ordeneroient,ordonner
ordenanche,ordonnance
quicunkes,quiconque
pourveir,pourvoir
Fignies,Feignies
sairement,serment
destraigne,destreindre
saielees,sceller
noumee,nommer
foiable,féable
loons,louer1
approvons,approuver
confermons,confermer
proumetons,promettre
successeurs,successeur
tesmoignage,témoignage
Orke,Orcq
achaté,acheter
Gilion,Gilles
Wastebrot,Wastebrot
tiere,terre1
werpie,guerpir
eschievins,échevin
Cerch,Chercq
Willaume,Guillaume
Preis,pré
Renier,Renier
Loskegnuel,Loskignuel
Iwain,Ivain
Aubegni,Aubigny
Maton,Maton
eschievin,échevin
mesentendre,mésentendre
alongement,allongement
cyrographies,chirographe
oïs,ouïr
.M CC.,1200
.XLIIII.,quarante-quatre
uitembre,octobre
Bailluel,Beloeil
ciaus,cil
Bailleuel,Beloeil
artisiens,artésien
casscun,chacun
covenence,convenance
fianciet,fiancer
defausise,défaillir
euist,avoir1
sengnor,seigneur
Eustacie,Eustache
saielee,sceller
Namur,Namur
Sengnor,seigneur
.XLV.,quarante-cinq
Werchin,Verchain
Beliant,Bélian
aquis,acquérir
bounier,bonnier
Jeham,Jean
Kakesot,Kakesot
Harvaing,Harveng
tenance,tenance
venlotés,volonté
otrois,octroi
estawele,estable1
dennees,donner
march,mars1
Balluel,Beloeil
ancisseur,ancêtre
presissciemes,prendre
Elegnies,Ellignies
talle,taille
demandascie,demander
corouees,corvée
queles,quel
trouvet,trouver
ancissceur,ancêtre
amenrir,amoindrir
lib.,libra
artiziens,artésien
tierme,terme
kierue,charrue
manouvriers,manoeuvrier
manuevre,manoeuvre1
boins,bon
devandis,devant-dit
octembre,octobre
Nicholes,Nicolas
Fontaines,Fontaine
veeront,voir1
signor,seigneur
Charlon,Charles
reporté,reporter
Ernol,Arnould
Castre,Castre
Ybiert,Ibert
Boissieres,Boissières
Wathier,Watier
Castres,Castre
canone,chanoine
Soignies,Soignies
Nalinnes,Nalinnes
Godefroit,Godefroid
Porte,Porte
Lerne,Leernes
Carbonieres,Charbonnière
enseignement,enseignement
asmone,aumône
devans,devant
Colars,Colart
reporta,reporter
movoient,mouvoir
retenus,retenir
ués,ues
deviset,deviser
tesmain,témoin
Sart,Sart
Riu,Riu
Haygneret,Haygneret
Eustaisses,Eustache
Williaumes,Guillaume
Charnieres,Carnières
costres,coustre
Lorens,Laurent
Wathiers,Watier
Sceune,Sceune
Hayllés,Hayllés
Piéton,Pieton
Wallegrape,Wallegrape
estauble,estable1
saial,sceau
Signor,seigneur
Henris,Henri
Sare,Sarah
castelaine,châtelain
Bethleem,Bethléem
tieroir,terroir
Haverec,Havré
apiele,appeler
Foucart,Foucart
oier,hoir
warandirons,garantir
venrai,venir
saeler,sceller
castelainne,castellane
abet,abbé
Brocroie,Broqueroie
.XLVII.,quarante-sept
Sachent,savoir1
Lasdre,Ladre
Hainnau,Haunaut
euissent,avoir1
officiaus,official1
Jakemart,Jacquemart
Condeth,Condé
Marien,Marie
molin,moulin
Jemapis,Jemappes
plaidiet,plaider
enspargnier,épargner
despens,dépens
misent,mettre
arbitres,arbitre1
Boutoul,Boutoul
eskevin,échevin
tierch,tiers
arbitre,arbitre1
nonmeroient,nommer
nonmerent,nommer
Estines,Estinnes
discorde,discorde
fremee,fermer
fiancie,fiancer
moitiet,moitié
isteroit,issir
tesmoingnajes,témoignage
ausmosne,aumône
tesmongnajes,témoignage
nonmee,nommer
florie,fleurir
diues,dijuès
devens,devant
iiij.,quatre
Noel,noël
syuvanment,suivamment
conmencier,commencer
Pasques,pâques
enquise,enquérir
osi,aussi
Jakemars,Jacquemart
recouneut,reconnaître
demandoient,demander
asenti,assentir1
clanmoient,clamer
cuite,quitte
arierages,arrérage
clanmoit,clamer
quereles,querelle
abbes,abbé
pendi,pendre
Phelippres,Philippe
Boutous,Bouton
doien,doyen
Rohart,Rohart
prestat,prêter
Marchiet,Marché
paiemens,paiement
defaute,défaute
danme,dame1
Ide,Ide
Williaume,Guillaume
abbet,abbé
pendist,pendre
dans,dan
Selevestres,Sylvestre
Robiers,Robert
Fevres,Fèvre
jurés,juré
ordenet,ordonner
Jaukeme,Jacques
deluns,deluns
Cheiere,chaire
fuvrier,février
.XLVII,quarante-sept
Roucheforth,Rochefort
damme,dame1
Julianne,Julienne
cognisance,connaissance
doee,douer
porvir,pourvoir
pessier,passer1
vuet,vouloir
fourage,forage
chevakeüres,chevauchure
garandir,garantir
tempest,tempest
lib,libra
defaloit,défaillir
rechiut,recevoir
defauroit,défaillir
puelent,pouvoir2
Rocheforth,Rochefort
aost,août
Bliars,Bliart
Bucillies,Bucilly
Flores,Flores
Vermans,Vermand
abeïe,abbaye
al',à.le
Eustaisse,Eustache
saelet,sceller
Rouchefort,Rochefort
mavais,mauvais
viers,vers2
enstaubles,instable2
saiaus,sceau
Barbechon,Barbençon
fieth,fief
greet,gréer
bonement,bonnement
otroiet,octroyer
apeller,appeler
avoeth,avoué
aïreté,ahériter
Gobiert,Gobert
Bercillies,Bersillies
Porcial,Porcial
Thieri,Thierri
Billon,Billon
Goï,Gouy
estaubles,estable1
Nativitet,nativité
Damme,dame1
Ausnoit,Launois
cials,cil
Calone,Calonne
canones,chanoine
.xii. d.,douze
xxxix.,trente-neuf
Escaut,Escaut
clamet,clamer
sosf,suffisant
paiet,payer
.M CC XLVIII.,1248
Pincet,Pincet
Templeuve,Templeuve
paieir,payer
grange,grange
dimerecce,dîmeresse
Baallart,Baellart
Baudon,Baude
Bevre,Bevre
sient,seoir
Libiert,Libert
Baudes,Baude
franke,franc2
wages,gage
Prin,Prin
provendereç,provendier2
estavle,estable1
aslongement,allongement
oublit,oubli1
cyrografes,chirographe
orés,ouïr
Porkier,Porkier
Gosson,Gosses
Loskignuel,Loskignuel
Lambiert,Lambert
Airdenborc,Aardenburg
Faitiç,Faitiç
Jhesucrist,Jésus-Christ
.M.,mille1
ghieskereç,jachère
Raoul,Raoul
Navieur,Navieur
Wicart,Wicart
Daride,Daride
quartier,quartier1
Cerc,Chercq
Sarain,Sarah
Estievenon,Etienne
Holaig,Hollain
Wicars,Wicart
werpi,guerpir
Estievenes,Etienne
violt,vouloir
apielés,appeler
douné,donner
nouviel,nouveau
bouniers,bonnier
ahaniule,ahanible
seze,seize
Langessain,Lanquesaint
Nespliers,Nespliers
Ysier,Isières
Rainsenmont,Rainsenmont
Timercamp,Timercamp
journeus,journée
Campaingne,Campaigne
Kaisne,Kesne
Reniersart,Reniesart
journel,journal
Tumbes,Tombes
Manirsart,Manirsart
Roiaules,Roiaules
Bosket,Bosket
Bruisle,Bruille
Ewillon,Ewillon
Rimersart,Rimersart
Petingnien,Petegem
Lengessain,Lanquesaint
manages,ménage
manage,ménage
Martingni,Martigny
Loenois,Laonnois
Autés,Autels
Tieraisce,Thiérache
appendanches,appendance
sau,sauf
vivera,vivre1
fianchies,fiancer
confermie,confermer
saielie,sceller
constraingne,contraindre
paisiulement,paisiblement
duraule,durable
Signour,seigneur
semmedi,samedi
jul,juillet
CANTIQUES,cantique
HYMNES,hymne
SYMBOLES,symbole
ETC,et.ceterus
CANTICUM,canticum
YSAIE,Isaias
PROPHETE,prophète
regeïrai,rejehir
curruciez,courroucer
cunvertiz,convertir
cunfortas,conforter
Etetu,es2.tu
salveres,sauveur
fiançusement,fïançosement
crendrai,craindre
salud,salut
espuiserez,épuiser
fonteines,fontaine
dirrez,dire1
Regeïsiez,rejehir
cuneüdes,connaître
puples,peuple1
sues,sien
invenciuns,invention
remembres,remembrer
haltz,haut
Cantez,chanter
anunciez,annoncer
Esleece,esliesser
habitatiun,habitation
Syon,Sion
EZECHIE,Ezechias
REGIS,rex
maienetet,moyenneté
irrai,aller
remasille,remasille
Damne,dan
esguarderai,égarder
generaciuns,génération
toleite,tolir
desturnethe,détourner
tabernacle,tabernacle
pasturs,pasteur
Trenchethe,trancher
ordiseie,ourdir
suztrençad,sous-trancher
Ies,ies
desque,desque
finiras,finir
esperowe,espérer
detriblant,detribler
sicume,sicomme
pulchin,poussin
crierai,crier
purpenserai,pourpenser
columbe,colombe1
Ateneuid,atténuer
esguardanz,égarder
haltesce,hautesse
seofre,souffrir
respund,répondre
respondrat,repondre
methesme,même
repurpenserai,repourpenser
vescuth,vivre1
espirit,esprit
castieras,châtier
vivifieras,vivifier
Aaste,es2.tu
peais,paix
deliveras,délivrer1
degetas,déjeter
enferns,enfer
regeïrat,rejehir
loerat,louer1
atendrunt,atteindre
Vivanz,vivre1
nedes,neïs
coneüde,connaître
salf,sauf
salmes,psaume
canteruns,chanter
Seignur,seigneur
ANNE,Anna
MATRIS,mater
SAMUELIS,Samuel
Eslethesçad,esliesser
exalciez,exaucer
Assamplie,essamplir
esledeçai,esliesser
salvable,salvable
voillez,vouloir
multiplier,multiplier
glorianz,glorier
Desseivrent,dessevrer
sciences,science
aprestées,apprêter
cogitatiuns,cogitation
surmuntez,surmonter
enfeorm,infirme
Raemplid,raemplir
paein,pain
aloerent,allouer1
fameillus,fameilleux
saüled,soûler
Jesque,jusque
barhaine,brehaing
enfantat,enfanter
enfeormethe,infirmer
mortified,mortifier
vivifiet,vivifier
demeinne,démener
rameinned,ramener
enrichist,enrichir
humiliet,humilier
Esdrecant,esdresser
busunnus,besogneux
ordeure,ordure
eslevet,élever
secet,seoir
soler,solier1
tienged,tenir
carne,carne
posat,poser
guarderat,garder
taisierunt,taire
fortece,fortesse
esforciez,efforcer1
heom,homme
crendrunt,craindre
adversarie,adversaire
tonerad,tonner
jugerat,juger
dunrat,donner
exalcerat,exaucer
corne,corne1
MOYSl,Moyses
Cantuns,chanter
gloriosement,glorieusement
magnifiez,magnifier
muntethur,monteur1
dejetat,déjeter
glorifierai,glorifier
exalcerai,exaucer
ensemen,ensement
cumbatere,combatteur
poanz,pöant
curres,curre
Pharaün,Pharaon
degetat,déjeter
eslit,élire
suzplungiet,sosplongier
Ruge,rouge
abysme,abîme
cuvrirent,couvrir
sicum,sicomme
magnifiethe,magnifier
enfortece,enfortece
deposas,déposer1
adversaries,adversaire
enveias,envoyer
devorat,dévorer
stuble,éteule
spirit,esprit
fuire,fure
asemblethes,assembler1
Estuit,ester
decuranz,décourir
assemblet,assembler1
parsiverai,parsuivre
comprenderai,comprendre
aemplie,aemplir
trairai,traire
glaive,glaive
ocirat,occire
Sufflat,souffler
espirize,esprit
covrit,couvrir
suzplungied,sosplongier
plum,plomb
sainteed,saintée
espoventables,épouvantable
loables,louable
estendis,étendre1
Duitre,ducteur
miserecorde,miséricorde
raensis,raiembre
portas,porter1
Munterent,monter
iriet,irer
purvindrent,pourvenir
habiteür,habiteur
Philistum,Philistie
Lores,lors
conturbet,conturber
Edom,Edom
Moab,Moab
teon,tien
redirent,raidir
abiteür,habiteur
Canaan,Canaan
Seient,être1
moables,muable
trespast,trépasser
purseïs,pourseoir1
merras,mener
planteras,planter
eritet,hérité
feorm,ferme2
uveras,œuvrer
saintuarie,saintuaire
parmenabletet,permanableté
Entrez,entrer
Pharaon,pharaon
ramenat,ramener
secchece,séchesse
milliu,milieu
ABBACUC,Habacuc
oiance,oyance
criens,craindre
vivifie,vivifier
coneüd,connaître
recorderas,recorder1
soleire,soleire
Pharan,Pharan
ovrit,ouvrir2
splendor,splendeur
Isterat,issir
mesurat,mesurer
terrae,terre1
Esguarde,égarder
desliat,délier
detriblé,detribler
Incurvé,incurver
eires,aire1
turbées,turber
Madian,Madian
flums,flum
fuirur,fureur
indignatiun,indignation
Ichi,ici
munteras,monter
salvatiun,salvation
Esdreçanz,esdresser
esdreceras,esdresser
seremenz,serment
lignethes,lignée
lesquels,lequel
parlas,parler
decireras,déchirer
dolurent,douloir
gurz,gord
trespassat,trépasser
Dunat,donner
bysme,abîme
soleiz,soleil
sajettes,sayette1
splendur,splendeur
fuildrantte,fulgurant
fremissement,frémissement
dechalceras,dechauchier
esbaïras,ébahir
Eissuz,issir
denuas,dénuer
fundement,fondement1
maldesis,maudire
cumbateürs,combatteur
venanz,venir
esturbeillun,estourbillon
deperdre,déperdre
esjoïsement,éjouissement
devure,dévorer
Veie,voie
palud,palud
eawes,eau
conturbez,conturber
tremblerent,trembler
Intrent,entrer
purreture,pourriture
esbuillisset,esbouillir
repous,repondre
tribulatiun,tribulation
munte,monter
flurirat,fleurir
Mentirat,mentir
aporterunt,apporter
Serat,être1
trenchie,trancher
berzil,bercil
serad,être1
cresces,crèche
esjoïrai,éjouir
esleecerai,esliesser
salveür,sauveur
poserat,poser
meies,mien
haltesces,hautesse
demerrat,démener
venquerere,vainqueur
psalmes,psaume
MOYSI,Moyses
oiet,ouïr
Creisset,croître
decurge,décourir
rosée,rosée1
parlemen,parlement
Ensement,ensement
ovres,œuvre
parfaites,parfait
jugemenz,jugement
fetheilz,fidèle
dreiturers,droiturier
Peccherent,pécher
ordeures,ordure
Generatiuns,génération
felunesse,félonesse
parverse,pervers
renz,rendre
dune,donner
ices,cist
savant,savant
Dum,donc
meesme,même
pursist,pourseoir1
Remembre,remembrer
purpense,pourpenser
sengles,sangle2
generatiuns,génération
Demande,demander
annuncerat,annoncer
maiurs,majeur
dirrunt,dire1
departeit,départir
Altisme,hautisme
desevrout,dessevrer
Establit,établir
numbre,nombre
Jacob,Jacob
funels,funel
heriditet,hérédité
desertethe,désert2
hisdur,hideur
sultivetet,soutiveté
enseignat,enseigner
purnele,prunelle
Sicume,sicomme
aigles,aigle
purvocanz,provoquer
pulcins,poussin
voletanz,voleter
Espandit,épandre
duitre,ducteur
manjast,manger
cams,champ
suçast,sucer
olie,huile
Bure,beurre
oeilles,ouaille
graisse,graisse
aignels,agneau
multuns,mouton
bucs,bu
furment,froment
beust,boire1
Engraissiez,engraisser
recalcitrat,récalcitrer
engraissiez,engraisser
esaimez,ensäimer
ensampliz,essamplir
deguerpit,déguerpir
dessevrat,dessevrer
Purvocerent,provoquer
abominatiuns,abomination
iracundie,iracondie
commoürent,commouvoir
sacrifierent,sacrifier
cunuisseient,connaître
Nuvel,nouveau
fressissant,freschissant
cultiverent,cultiver
engendrat,engendrer
deguerpissis,déguerpir
oblias,oublier
creatur,créateur
comoüz,commouvoir
purvocherent,provoquer
repundrai,repondre
desrainetez,derraineté
generatiun,génération
purverse,pervers
fitheil,fidèle
entrainnerent,entraîner
vanitet,vanité
purvocherai,provoquer
entarierai,entariier
Fuus,feu1
ardrat,ardre
derainetez,derraineté
devorerat,dévorer
germine,germe1
fundemenz,fondement1
assemblerai,assembler1
sajetes,sayette1
aemplirai,aemplir
Serunt,être1
deguastet,dégâter
devorerunt,dévorer
Denz,dent1
detraianz,détraire
rampanz,ramper
guasterat,gâter
Juvencel,jouvenceau
ensembleement,ensemblément
aleitant,allaiter
vieil,vieux
Cesser,cesser
purlugnai,pourloigner
enorguillissent,enorgueillir
desissent,dire1
cunseil,conseil
cuintise,cointise
soüssent,savoir1
entendissent,entendre
purveïssent,pourvoir
faiterement,faitement
parsivent,parsuivre
caceassent,chasser
conclust,conclure
jugeür,jugeur
vigne,vigne
Sodomiens,Sodomien
suzciteains,soscitëain
Gomorre,Gomorrhe
raisimet,raisimet
Fiel,fiel
draguns,dragon
venim,venin
serpenz,serpent
sanable,sanable
Dumne,donc.ne1
signez,signer
Meie,mien
regueredurrai,reguerdonner
cururst,courir
perdiciun,perdition
Jugerat,juger
aurat,avoir1
Verrat,voir1
enfermethé,infirmer
fistrent,faire
aveient,avoir1
sacrifices,sacrifice
desquels,de.lequel
manjoent,manger
graises,graisse
beveient,boire1
Esdrecent,esdresser
ajudent,aider
necessitet,nécessité
Veiez,voir1
sanerai,saner
leverai,lever
aguiserai,aiguiser
fuldre,foudre1
spethe,épée
ravirunt,ravir
haïrent,haïr
reguerredurrai,reguerdonner
eniverai,enivrer
caitivitet,captivité
denué,dénuer
venjerat,venger
reguerredunerat,reguerdonner
pardunable,pardonnable
YMNUS,hymnus
TRIUM,tres
PUERORUM,puer
Beneïssiez,bénir
wevres,œuvre
beneïssez,bénir
souressalciez,surexhausser
Beneïssez,bénir
Soleilz,soleil
esteilles,étoile
rousée,rosée1
Beneïssed,bénir
freidours,froideur
rousées,rosée1
rimée,rimée2
freidure,froidure
neifs,noif
jurs,jour
fuildre,foudre1
Beneïsse,bénir
lout,louer1
souressalzt,surexhausser
germnanz,germer
funtaines,fontaine
fluives,fleuve
baleines,baleine1
moües,mouvoir
bisses,biche1
hummes,homme
Israhel,Israël
suressalzt,surexhausser
preveire,provoire
trei,trois
Azarie,Azarie
Mysahel,Misaël
suressalciez,surexhausser
Beneïssums,bénir
Fil,fils
lowm,louer1
suressalçum,surexhausser
Beneeiz,bénir
firmament,firmament
glorious,glorieux
TE,tu
DEUM,deus
loüms,louer1
regehïsums,rejehir
parmenable,permanable
henoured,honorer
poestez,poësté
cherubin,chérubin
seraphin,séraphin
ordnes,ordène
cessable,cessable
Sabaot,Sabaoth
majesté,majesté
lowed,louer1
numbres,nombre
enblanchiz,emblanchir
regehist,rejehir
enourable,honorable
confortable,confortable
parmenables,permanable
receus,recevoir
turnas,tourner
hisdour,hideur
Virgne,vierge
aguillun,aiguillon
aüvris,ouvrir1
reignes,règne
siez,seoir
jugiere,jugeur
gierre,guyer
sucur,secourir
servanz,servant
rachatez,racheter
precius,précieux
gueredunez,guerdonner
Salf,sauf
towe,tien
herité,hérité
guverne,gouverner
essalce,exaucer
parmenableté,permanableté
beneïssum,bénir
loüm,louer1
Deigne,daigner
pecchié,péché
Aies,avoir1
senun,selon
ceo,ce1
esperames,espérer
jeo,je
esperé,espérer
parmanable,permanable
PROPHETIA,prophetia
ZACHARIAE,Zacharias
Beneeid,bénir
revisdad,revisder
raençun,rançon
seon,sien
people,peuple1
esdreçad,esdresser
meisun,maison
Sicum,sicomme
parlad,parler
Salud,salut
trestud,trèstous
jurad,jurer
mein,main2
servums,servir
seinteed,saintée
Alt,haut
apareiler,appareiller1
pardun,pardon
pechied,péché
entrailes,entrailles
visitad,visiter
neisand,naître
Enluminer,enluminer
esdrecier,esdresser
SANCTAE,sanctus
MARIAE,Maria
Magnified,magnifier
esjoïd,éjouir
espirid,esprit
Ker,car
reguardad,regarder
estevus,es2.vous
adecertes,à.certes
beneürée,bienheurer
puisanz,puissant
lignede,lignée
lignedes,lignée
puisance,puissance
desparpeilat,desparpiller
orguilus,orgueilleux
deposad,déposer1
esalcead,exaucer
fameilanz,fameilleux
emplid,emplir
leisad,laisser
veins,vain
Receut,recevoir
recorded,recorder1
semence,semence
SIMEONIS,Simeon
leises,laisser
selunc,selon
apareilas,appareiller1
Lumiere,lumière
revelation,révélation
puple,peuple1
Israël,Israël
GLORIA,gloria
IN,in
EXCELSIS,excelsum
suveraines,souverain
halteces,hautesse
aourums,aorer
Glorifiums,glorifier
Graeces,grâce
faimes,faire
Damnes,dan
celestres,céleste
engenuid,engénoïr
agnels,agneau
tols,tolir
depreiement,dépriement
souls,seul
Altismes,hautisme
Certeinement,certainement
ORATIO,oratio
DOMINICA,dominicus
seintefiez,saintefier
tuns,tien
Avienget,advenir
chaskejurnel,chasquejornal
pardune,pardonner
detes,dette
pardununs,pardonner
deturs,detteur
meines,mener
tenteisun,tentaison
Meis,mais1
SYMBOLUM,symbolum
APOSTOLORUM,apostolus
Jeo,je
criatur,créateur
uniel,uniel
Seinur,seigneur
conceüz,concevoir
Espirit,esprit
ntien,
Pilate,Pilate
crucifiez,crucifier
seveliz,sevelir
Desce,descendre
relevad,relever
Muntad,monter
iluc,illuec
catholica,catholique
communiun,communion
remissiun,rémission
pecchiez,péché
resurrecciun,résurrection
COMUNE,commun
FEI,foi1
unques,onques
vult,vouloir
busuin,besoin
tienge,tenir
Laquele,lequel
perirat,périr
ternité,ternité
unité,unité
unurum,honorer
confundanz,confondre
substance,substance
desevranz,dessevrer
Fiz,fils
divinited,divinité
uele,ivel2
majested,majesté
Quels,quel
Perres,père
taels,tel
cried,créer
Espirid,esprit
Pardurables,perdurable
Seind,saint
nequedent,nequedent
puanz,puissant
Espiriz,esprit
feitierement,faitement
seinurs,seigneur
senglement,sanglement
chrestiene,chrétien
debuté,débouter
deveed,dévéer
engendrez,engendrer
eisuz,issir
Dunches,donc
trinited,trinité
dereins,derrain
greindre,graindre
meindre,moindre
ueles,ivel2
surdite,susdit
ternitez,ternité
unitez,unité
hunurer,honorer
Ternité,ternité
sented,sentir
busuinable,besognable
encarnatiun,incarnation
fedeilment,fidèlement
creied,croire
dreituriere,droiturier
creüms,croire
regehissuns,rejehir
Jesus,Jésus
sustance,substance
sicles,siècle
Parfaiz,parfait
reidnable,raisnable
humeine,humain
permenand,permanoir
Ewels,égal
divinité,divinité
humanited,humanité
tresturnement,trestournement
pernance,prenance
humanité,humanité
cunfusiun,confusion
alme,âme
suffrid,souffrir
peainnes,peine
avenement,avènement
demenies,démener
reisun,raison
fuu,feu1
fedeilement,fidèlement
crerrad,croire
salfs,sauf
purrad,pouvoir2
PSALMUS,psalmus
CLI,cent cinquante-et-un
salme,psaume
demeniement,demeinement
Goliath,Goliath
Ebreus,hébreu
heue,avoir1
setante,septante
entrepreturs,entreprêteur
petringneth,peterinet
jusnes,jeune1
peisseie,paître
oueiles,ouaille
meins,moins
orgne,orgue
afaiterent,affaiter
saltier,psautier
annunciad,annoncer
Mesmes,même
meme,même
paroït,paroïr
ueiles,ouaille
uinst,oindre
unccion,onction
maldist,maudire
simulacres,simulacre
spée,épée
colpai,couper
repruce,reproche
Hengist,Hengist
Seisun,Saxon
fermetez,fermeté
dechacié,déchasser
realmes,royaume
Kent,Kent
Icest,cist
Plenier,plénier
Cantuorbiri,Canterbury
arcevesquéd,archevêché
Rouecestre,Rochester
evesquéd,évêché
Sudsexe,Sussex
apeléd,appeler
Cicestre,Chichester
siéd,sié
Westsexe,Wessex
Wiltune,Wilton
demeine,demaine2
Nuneins,nonnain
Wincestre,Winchester
citéd,cité
evesquiéd,évêché
Salesbire,Salisbury
Ambresbire,Amesbury
Essexe,Essex
durét,durer1
durad,durer1
Estengle,East-Anglia
numé,nommer
cuntrees,contrée
onuré,honorer
Norfulke,Norfork
Sufolke,Suffolk
recunte,reconter
legistres,légiste
Mercïens,Mercien
Citez,cité
Viles,ville
burcs,bourg
apendeit,appendre
Dorkecestre,Dorchester
Leïrcestre,Leicester
setme,septième
Everwic,York
Cateneis,Caithness
Norhumberlant,Northumberland
Cumberlant,Cumberland
Loeneis,Lothian
onurs,honneur
sujez,sujet2
Sitost,sitôt
.xxxv.,trente-cinq
engleis,anglais
scire,shire
numum,nommer
schire,shire
Cunté,comté
numerai,nommer
numer,nommer
Iloches,illuec
arcevesquiét,archevêché
Dorobelle,*Dorobelle
Cantorbire,Canterbury
äurnee,aorner1
evesqual,evesqual
sié,sié
Surrie,Surrey
Hamtesire,Hampshire
Berkesire,Berkshire
Wiltesire,Wiltshire
Salebire,Salisbury
Dorsete,Dorset
oitime,octième
Sumersete,Somerset
Welles,Wells
Achemannestrate,Achemannestrate
Devenesire,Devonshire
nofme,neuvième
Essecestre,Exeter
Cornuaille,Cornouailles
pruz,preux
Corinëus,Corineus
herbergat,héberger
jeanz,géant
enchaçat,enchasser
unzime,onzième
Middelsexe,Middlesex
duzime,douzième
Lundres,Londres
antiquité,antiquité
Suffoke,Suffolk
trezime,treizième
Norfolke,Norfolk
quatorzime,quatorzième
Norwiz,Norwich
Tiedfort,Thetford
Cantebruge,Cambridge
quinzime,quinzième
acunté,acompter
Ely,Ely
mareis,marais
fuisun,foison
Suventesfeiz,souventesfois
peissun,poisson
volatille,volatile
veneisun,venaison
sezime,seizième
renumé,renommé2
evesquiez,évêché
apendent,appendre
cuntez,comté
Norhamtune,Northampton
Herteford,Hertford
Huntindone,Huntingdon
Bedeford,Bedford
Bukingeham,Buckingham
Oxeneford,Oxford
enviruné,environner
Humbre,Humber
Gloucestre,Glocestre
Wirecestre,Wincestre
Hereford,Hereford
reduté,redouter
Salopesire,Shropshire
uitme,huitième
Cestresire,Cheshire
Cestre,Chester
Warewic,Warwick
nof,neuf2
Stafford,Stafford
aprof,apruef
Derebi,Derby
Notingehame,Nottingham
Norreis,Norrois
antiquitét,antiquité
arcevesquét,archevêché
lungur,longueur
Toteneis,Totnes
Desci,deci
Sifaitement,sifaitement
descrist,décrire
Belins,Belinus
Norhumberlande,Northumberland
iiii,quatre
aturné,atourner
Durelme,Durham
evesqué,évêché
Westmerilant,Westmorland
derain,derrain
nuvel,nouveau
mustré,montrer
arcevesquiez,archevêché
Oxenefort,Oxford
Gloecestre,Glocestre
peusse,pouvoir2
travailler,travailler
Guales,Galles
Wales,Galles
renumez,renommé2
Carwein,Caerwent
Karliun,Carlion
Snaudun,Snowdon
evesquez,évêché
arcevesquez,archevêché
Karliuns,Caerleon
arcevesquié,archevêché
Bangor,Bangor
recetez,récepter
Clamorgan,Glamorgan
deserté,déserter1
savom,savoir1
pallium,pallium
deraisnad,déraisner
Premierement,premièrement
Seisuns,Saxon
Vencu,vaincre
Engleis,Anglais
Saverne,Savern
Waleis,galois3
cunquistrent,conquérir
grieves,grief2
Galeis,galois3
enchacerent,enchasser
suventesfeiz,souventesfois
vengerent,venger
Apertement,apertement1
Artur,Arthur
recoverunt,recouvrer
Toldrunt,tolir
romaine,romain
rendrunt,rendre
Bretaine,Bretagne
repelerunt,rappeler
tarrum,taire
parlerum,parler
Faire,faire
occident,occident
Ikenild,Icknield-Way
Seissuns,Saxon
Erningestrate,Ermin-Street
apeluns,appeler
cuneud,connaître
north,nord
suth,sud
Watlingestrate,Watling-Street
purprent,pourprendre
encumbrus,encombreux
Fosse,Fosse
cumence,commencer
Totenes,Totnes
Kateneis,Caithness
.Viii.,huit
Quikunques,quiconque
dechaciez,déchasser
Descrit,décrire
aïtant,atant
larruns,laisser
Bos,Bos
irra,aller
irrunt,aller
Petreïus,Pétreïus
mainteneit,maintenir
puinst,poindre
Dissi,deci
chevalchot,chevaucher
guvernot,gouverner
cunut,connaître
joinst,joindre
chaeir,choir
Merveilles,merveille
peüssiez,pouvoir2
Romein,Romain
rescusse,rescousse
estrusse,estrousser
faillies,faillir
Petreïum,Pétreïus
rescurre,rescourre
securre,secourir
Estur,estour
medlee,mêlée
pleier,plier
falser,fausser
Seles,selle
Humes,homme
nafrer,navrer
Avisunkes,avisonques
cuniseit,connaître
capleïz,chaplis
Walwein,Gauvain
enpeint,empeindre
caplë,chapeler1
bute,bouter1
desrute,dérouter1
turne,tourner
Romeins,Romain
adiue,aider
adossé,adosser
remunté,remonter
recumencié,recommencer
meinteneür,mainteneur
guverneür,gouverneur
chevetaine,chevetaine1
defensable,défensable
cunestable,connétable
abatant,abattre1
pernent,prendre
despuillent,dépouiller
runt,ravoir1
prisuns,prison2
presenté,présenter
Altres,autre
Arthur,Arthur
venqueit,vaincre
fieu,fief
creistreit,croître
guardes,garde2
Purparlé,pourparler
tramettra,tramettre
aparailla,appareiller1
merra,mener
cunduira,conduire
Chador,Cador
Borel,Borel
Beduer,Bédoier
buteillier,bouteiller
Rova,rover
cunveassent,convoyer
meneür,meneur
muvereient,mouvoir
deveient,devoir2
devancissent,devancir
poeient,pouvoir2
rescusissent,rescourre
Sertorius,Sextorius
Libe,Libye
Evander,Evandre
Caricius,Caricïus
Catellus,Catellus
Vulteïus,Gualerteius
sumuns,semondre
Chevetaine,chevetaine1
cundueient,conduire
dreites,droit2
saveient,savoir1
espleitié,exploiter
cuvenable,convenable
enbuschement,embouchement embûchement embûche
coiement,coiement
agueit,aguetter
dutoent,douter
chevalchoent,chevaucher
Chevalchoent,chevaucher
sieweient,suivre
feseient,faire
detriés,detriès
crolle,crouler
tremble,trembler
Hardiement,hardiment
defendirent,défendre1
tumulte,tumulte
livrerent,livrer
cumanderent,commander
laissierent,laisser
cesserent,cesser
espuruner,éperonner
justé,jouxter
descunfire,déconfire
puineient,poindre
reteneient,retenir
aloent,aller
veneient,venir
defendeient,défendre1
cureient,courir
quereient,quérir
cunreiz,conroi
establirent,établir
Cornualeis,Cornouaillais
Herupeis,Hurepoix
conrei,conroi
ordeneement,ordonnément
ocistrent,occire
Hyrelgas,Hyrelgas
Periron,Periron
nisun,nesun
Aliduc,Aliduc
Tyntaiol,Tintagel
Mauric,Mauric
Chadorkeneneis,Cador.Cananeis
Bret,Bret
Gualeis,Gallois
Mans,Mans
cunteneit,contenir
amonestot,admonester
gule,gueule
esmaiant,esmayer
perdeient,perdre
Jas,jà.le
voleient,vouloir
descunfit,déconfire
Guitard,Guitard
guardot,garder
forriers,fourrier1
Esteient,être1
Ovoc,avec
forier,fourrier1
entendeient,entendre
descunfiseient,déconfire
Guitart,Guitard
meisnees,maisniee
Espurunant,éperonner
beissees,baisser
deschevalchierent,déchevaucher
redrescierent,redresser
huniz,honnir
Quidoent,cuider
siewist,suivre
espeir,espoir1
avivent,aviver
estrivent,estriver
descuverz,découvrir
vertir,vertir
vengié,venger
chacierent,chasser
ateinstrent,atteindre
feinstrent,feindre
Esquanz,alquant
esquanz,alquant
returné,retourner
Ensanglanté,ensanglanter
espirant,expirer
cumandé,commander quémander
chargierent,charger
enveerent,envoyer
estreitement,étroitement1
pramistrent,promettre
cumbateit,combattre
veintreit,vaincre
descunfiture,déconfiture
esmaïe,esmayer
cumencie,commencer
meschaeit,méchoir
cunquereit,conquérir
Anguissus,angoisseux
Pensa,penser
duta,douter
riere,rièreban
atendreit,attendre1
enprés,emprès
dutot,douter
guaainot,gagner
Cunseil,conseil
Hostum,Autun
Lengres,Langres
trespassera,trépasser
sumundre,semondre
muveir,mouvoir
herbergierent,héberger
seeit,seoir
Dessi,deci
greinur,graindre
sujorner,séjourner
celeement,celément
devancir,devancir
dissi,deci
Erré,errer1
Soeïse,Saussy
passot,passer1
Ostum,Autum
alot,aller
ordener,ordonner
prestement,prestement
recuilissent,recueillir
Herneis,harnais
sembler,sembler1
esfreient,effrayer
Moruid,Moruit
Gloëcestre,Gloucester
Dut,devoir2
turnerai,tourner
Turneient,tourner
Puigniez,poindre
ateigniez,atteindre
Ociez,occire
legiun,légion
veable,voyable
privee,privé
nurrie,nourrir
portot,porter1
gumfanun,gonfalon
chevetaines,chevetaine1
meitié,moitié
cumanda,commander
serreient,être1
cumbatreient,combattre
ferissent,férir1
envaïssent,envahir
Cinc,cinq
esling,eslinc
numbrez,nombrer
Auguissel,Aguisel
Chartein,Chartres
cunreee,conréer
Aschil,Aschil
Daneys,Danois
Noreis,Norrois
Hoel,Hoël
cuarde,couarder
Raparaillies,rappareiller
Key,Keu
justisiers,justicier1
buteilliers,bouteiller
Estrueis,Estrueis
Angevins,Angevin
Chinoneis,Chinonais
Holdin,Hodin
cumandee,commander
guiee,guyer
Yugeïn,Jugeïn
Jonathas,Jonatas
Dorecestre,Dorchester
Corsalen,Cursalem
Urgen,Urgent
arbelastiers,arbalétrier
cunrei,conroi
nurriz,nourrir
buntez,bonté
cunquez,conquêt
prueise,prouesse
creist,croître
avive,aviver
purpens,pourpenser
regiuns,région
glorifi,glorifier
cunquerrez,conquérir
prendrez,prendre
prüesces,prouesse
Saciez,savoir1
ventreiz,vaincre
Tributaires,tributaire
treü,treü
ameinent,amener
neent,néant
dutant,douter
desesperer,désespérer
faldrez,faillir
fuirez,fuir
respundirent,répondre
aramir,aramir
Serremenz,serment
plevir,plevir
Lucius,Luce
Espaine,Espagne
enparentez,emparenter
Meins,moins
Lemgres,Langres
turna,tourner
quida,cuider
Meüe,mouvoir
rute,route
estuveit,estovoir
returnereit,retourner
Returner,retourner
deignot,daigner
semblereit,sembler1
ateindreient,atteindre
ducs,duc1
cunquereür,conquéreur
enurs,honneur
vivrunt,vivre1
Hunte,honte
Gentil,gentil1
resembler,ressembler
erité,hérité
guerpist,guerpir
saciez,savoir1
empeiriez,empirer
Pruz,preux
poüm,pouvoir2
passum,passer1
robeür,robeur1
laruncel,larroncel
deveie,devoir2
quidoent,cuider
fuïsse,fuir
tresturnant,trestourner
enbatu,embattre
ferrum,férir1
siewum,suivre
Metum,mettre
engresté,engresseté
destruium,détruire
aparaillie,appareiller1
rengie,ranger
Entremedlé,entremêler
teneient,tenir
serveient,servir
trenteines,trentaine
quarenteines,quarantaine
seisanteines,soixantaine
centeines,centaine
legiuns,légion
Departirent,départir
romeine,romain
purpris,pourprendre
corneïz,cornet1
greilles,grêle3
suneïz,sonner
Serreement,serrément
süef,souef
aprismier,approismer
Saetes,sayette1
descuvrir,découvrir
trubble,troubler
medle,mêler
briser,briser
dunoent,donner
cruis,crois
voloent,voler
furbiz,fourbir
perillus,périlleux
medlé,mêler
Cuard,couard1
cunseillier,conseiller2
desturbe,détourber
turbe,tourbe1
buter,bouter1
Hanstes,hanste
retrois,retrois
Traire,traire
fiebles,faible
craventer,cravanter
muranz,mourir
defuler,défouler
Rumpre,rompre
peitrals,poitrail
Lungement,longuement2
entrecumbatirent,entrecombattre
entreferirent,entreférir
ruserent,rëuser
recuvrerent,recouvrer
cunquereient,conquérir
maltalent,maltalent
enbatirent,embattre
agraventant,acravanter
argue,arguer
duné,donner
nafré,navrer
refine,refiner
suvine,souviner
retenissent,retenir
restreinsissent,restreindre
parsiewissent,parsuivre
pru,preu
guaris,guérir
talentif,talentif
braidif,braidif
esparnier,épargner
fioent,fier2
menoent,mener
encuntree,encontrer
Mede,Médie
Boccus,Bocus
paens,païen
duté,douter
Sarazins,Sarrasin
glayve,glaive
descunfiz,déconfire
amot,aimer
cumë,comme
Libie,Libye
apresmez,approismer
Sertor,Sertor
preisiez,priser1
paene,païen
defendant,défendre1
Porté,porter1
orin,aurein
halbercs,haubert
asembla,assembler1
entercié,entercier
amesurez,amesurer
troisse,trouver
enversent,enverser
chaeiz,choir
Destre,dextre
turné,tourner
enpeinst,empeindre
ateinst,atteindre
fendi,fendre
quassa,casser
halberc,haubert
falsa,fausser
Gesqu',jusque
trencha,trancher
Lu,le
braist,braire
aïrus,aïreux
vigurus,vigoureux
Juste,jouxte1
decolpé,découper
Alum,aller
palteniers,pautonier
puteins,putain
Unt,avoir1
ocium,occire
cristïenté,chrétienté
asaier,essayer
noises,noise1
estenceler,étinceler
Endreit,endroit
Alfrike,Afrique
Alfricans,Africain
ociant,occire
Flamens,Flamand
Bruge,Bruges
Lens,Lens
Turna,tourner
Alifatin,Alifatima
entrecumbatu,entrecombattre
entreferu,entreférir
Lygier,Ligier
Buluine,Boulogne
Justa,jouter
Balluc,Balluc
Cursal,Cursal
Urgent,Urgent
marchiseit,marchir1
surre,sore
gumfanuns,gonfalon
rusant,rëuser
cunduiant,conduire
bunté,bonté
curteisie,courtoisie
Sieweient,suivre
Presse,presse1
perçoent,percer
chaçoent,chasser
graventoent,cravanter
jambeter,jambeter
egle,aigle
Kymar,Kinmarc
Triguel,Tringuel
feseit,faire
rua,ruer
Jaguz,Jaguz
Bodloan,Boloan
secunz,second1
Richomarcus,Richomarus
Boclovius,Boclovïus
prüesce,prouesse
esteient,être1
aspresce,âpresse
Essart,essart
veneit,venir
embatirent,embattre
suppristrent,sousprendre
damagier,dommager
leün,lion
Entré,entrer
destruient,détruire
Cops,coup
buté,bouter1
esforçant,efforcer2
cumbatist,combattre
encuntré,no_lem
cuneü,connaître
Juefnes,jeune1
Engignus,engigneux
quidot,cuider
Halcent,hausser
entregrievent,entregrever
entretastent,entretâter
asteles,estelle
estenceles,étincelle
rasemblerent,rassembler
sucuru,secourir
resortir,ressortir1
resbaldir,resbaudir
purprendre,pourprendre
cundui,conduire
Siewez,suivre
recreie,recroire
Remenbrez,remembrer
veintrai,vaincre
Testes,tête
colper,couper
Calibuerne,Excalibur
gravente,cravanter
destreint,destreindre
Ocist,occire
plaier,player
Mires,mire1
guarra,guérir
plaiera,player
berbiz,brebis
cunseü,consuivre
sevré,sevrer
ensanglanter,ensanglanter
Polidetes,Poliditès
Bithynie,Bithynie
paenie,païenie
Merveillus,merveilleux
envaïz,envahir
Espees,épée
sujorne,séjourner
urne,orne1
poënt,pouvoir2
encuntrer,no_lem
engresse,engrès
Fierement,fièrement
entrecumbateient,entrecombattre
ocieient,no_lem
aparant,apparoir
serreit,être1
cumpaine,compagne
muntaine,montagne1
halbers,haubert
Detriés,detriès
fendirent,fendre
defulant,défouler
ruissels,ruisseau
gisir,gésir
muncels,monceau
joius,joyeux
orguil,orgueil
Graces,grâce
Rei,roi1
Cerchier,chercher
enterrer,enterrer
abeïes,abbaye
enur,honneur
enveia,envoyer
requerreit,requérir
Altretel,autretel
enveereit,envoyer
Chynon,Chinon
cumpassa,compasser
Kynon,Chinon
murut,mourir
Enterrez,enterrer
boscage,bocage1
hermitage,ermitage
Bayues,Bayeux
seignurie,seigneurie
enseveli,ensevelir
Terrüene,Thérouanne
Lygiers,Ligier
Burguine,Bourgogne
ivern,hiver
sujorna,séjourner
apaia,apayer
Mungyeu,Mont-joux
voleit,vouloir
Modred,Mordred
humages,hommage1
vilainie,vilenie
cristïene,chrétien
Femme,femme
guardast,garder
afermast,affermer1
idles,île
merreit,mener
vengereit,venger
cunquest,conquêt
preisereit,priser1
perdeit,perdre
cunquerre,conquérir
repairereit,repairer
irreit,aller
Witsant,Wissant
parjurie,parjure1
pleinant,plaindre
Witsand,Wissant
Cheldric,Cheldric
Seisuine,Saxe
Oit,huit
aparaillies,appareiller1
chargies,charger
graanté,créanter
Henguist,Hengist
Vortiger,Voltiger
Aseür,assûr
culpable,coupable
eschiper,esquiper
numbrer,nombrer
Romenel,Romenel
serrement,serment
deforcent,déforcer
saetes,sayette1
Pances,panse
percent,percer
adercent,adresser
cuvrir,couvrir
chancelent,chanceler1
Traïturs,traître
umes,homme
colpez,couper
Escocë,Écosse
poëstis,poesteif
sablun,sablon1
terrein,terrain1
egal,égal
concultis,conqueutiz
saveit,savoir1
Quidez,cuider
cunduie,conduire
perneit,prendre
pensot,penser
fuï,fuir
apuit,appuyer
receveir,recevoir
citheeins,citoyen
feelté,féauté
poeir,pouvoir1
meintendrunt,maintenir
porterunt,porter1
sujor,séjour
nevou,neveu
siewant,suivre
sumunant,semondre
asiegier,assiéger
alogier,aloger
Semblant,semblant1
turnereit,tourner
eschapereit,échapper
curu,courir
meschaeir,méchoir
Mesfait,méfaire
crienst,craindre
Asembla,assembler1
priveement,privément
Cumbatre,combattre
Hamtune,Hampton
Estiermans,esturman
pramesses,promesse
luiers,loyer
enpeindre,empeindre
venqui,vaincre
Ewein,Yvain
Duna,donner
humage,hommage1
Niés,neveu
clamot,clamer
osot,oser
Membra,membrer
vergundé,vergonder
espusee,épouser
avilee,aviler
pensive,pensif
fuïe,fuir
Nune,nonne
abbeïe,abbaye
verguine,vergogne
Cornewaille,Cornouailles
envea,envoyer
Paens,païen
Yreis,Irois
haeient,haïr
cremeient,crémir
Cumë,comme
vengiez,venger
peise,peser1
enteise,entoiser
Grand,grand
parjuire,parjure1
abandun,abandon
Camble,Camel
cuverte,couvrir
cuillie,cueillir
Roünde,rond
munde,monde1
Avalon,Avalon
mediciner,médiciner
Maistre,maître1
Wace,Wace
dutuse,douteux
dutera,douter
Avalun,Avalon
Incarnatiun,incarnation
Damage,dommage
Cador,Cador
Costentin,Constantin
Livra,livrer
preisanz,priser1
esluinement,éloignement
novelment,nouvellement
alïez,allier1
blandiz,blandir1
Retenu,retenir
dunees,donner
mustier,moutier1
decola,décoller1
autiel,autel1
Amphibal,Amphibal
siewi,suivre
mucier,musser
Estanhenges,Estanhenges
Cunan,Conan
Orguillus,orgueilleux
preisa,priser1
laissot,laisser
entremedler,entremêler
entremedloent,entremêler
guerrioent,guerroyer1
Aveit,avoir1
guereia,guerroyer1
eir,hoir
Vortyporus,Vortiporus
Saidne,Saxon
cumençail,commençaille
esvertua,évertuer
Soldeiers,soudoyer1
aüna,aüner
Malgo,Malgo
bealté,beauté
Surmunta,surmonter
Larges,large
escharni,escharnir
deshonuré,déshonorer
huni,honnir
sule,seul
Sodomite,Sodomite
Cariz,Cariz
Dolenz,dolent
maleürus,malheureux
haïnus,haineux
surverse,sorverse
adverse,adverse
Gurmunt,Gormont
destructiun,destruction
Gurmunz,Gormont
paeine,païen
duna,donner
juvenur,jovenor
Otria,octroyer
prophetiza,prophétiser
Merlins,Merlin
lus,loup
marrins,marin1
Mariniers,marinier
estiermans,stierman
calans,chaland1
cuneüz,connaître
numez,nommer
Mena,mener
aviruna,avironner2
idle,île
naviant,navier
venquant,vaincre
Yrlande,Irlande
Seidnes,Saxon
chalengié,challenger
guerrié,guerroyer1
Twancastre,Twancastre
Lyndesie,Lindsey
Octa,Octa
cunversa,converser1
recunuistreient,reconnaître
triewes,trêve
tendreient,tenir
pramis,promettre
Humages,hommage1
mureit,mourir
afiebliseit,affaiblir
Northumberlande,Northumberland
maneient,manoir2
repeiroent,repairer
Gurmund,Gormont
Entretant,entre-temps
tramistrent,tramettre
dunerent,donner
servireient,servir
Treü,treü
durreient,donner
cunuistreient,connaître
paen,païen
cristïen,chrétien
abaissier,abaisser
Saisuine,Saxe
Afermé,affermer1
cuvenance,convenance
Seidne,Saxon
injuire,injure
issil,exil1
cunduient,conduire
Maisuns,maison
muines,moine
cuntralient,contrarier
eissillier,exiler2
Femmes,femme
Enfanz,enfant
berz,bers
esbüeler,ébouler
Aveirs,avoir2
preies,proie
purpernant,pourprendre
Clerc,clerc
esvesque,évêque
Celles,celle
abeies,abbaye
descunfortent,déconforter
Fuient,fuir
manant,manoir2
païsant,paysan
vavassur,vavasseur
fient,fier2
Chambres,chambre
püent,pouvoir2
Kariz,Cariz
Cirecestre,Cirencester
suppris,sousprendre
Ysembard,Isembart
aillurs,ailleurs
refui,refui
Lowis,Louis
renea,renier
mescreüz,mécroire
Criatur,créateur
paenur,païenor
paveilluns,pavillon
Tentes,tente1
guastee,gâter
Perieres,perrière
berfreiz,beffroi
asaillirent,assaillir
enginz,engin
cuntrefacent,contrefaire
Mairiens,merrain
cleies,claie
entrelacent,entrelacer
Kernels,créneau
refunt,refaire
afaitent,affaiter
ovrent,œuvrer
Bretesches,bretèche
apareillent,appareiller1
veilent,veiller
defenses,défense
Engin,engin
defendu,défendre1
peinent,peiner
Entur,entour
kernels,créneau
livra,livrer
sujur,séjour
giseit,gésir
jueit,jouer
dormeit,dormir
asaillies,assaillie
mettent,mettre
podneïz,poignis
palateïz,paletis
platir,platir
enteitent,entoitier
espleitent,exploiter
espreïst,éprendre
Oëz,ouïr
Muissuns,moisson2
reiz,retz
glu,glu
croisés,croissier
repundre,repondre
Esprises,éprise
tundre,tondre
muissuns,moisson2
Merveilluse,merveilleux
Laissierent,laisser
mussuns,moisson2
soleient,souloir
nier,nïer
muidluns,meulon
sevrundes,sevronde
maisuns,maison
nurri,nourrir
eschalfa,échauffer
Flambe,flambe
cunreerent,conréer
tresturna,trestourner
Triés,très
triés,très
preisie,priser1
eissillie,exiler2
cunquise,conquérir
oisels,oiseau
meinte,maint
abeye,abbaye
restorees,restaurer
abitees,habiter
ruines,ruine
guastines,gâtine
guasté,gâter
Sednes,Saxon
recuillie,recueillir
encovie,encovir
remenbrer,remembrer
Englelande,Anglelande
espositiuns,exposition
Brutus,Brutus
novels,nouveau
abiteürs,habiteur
Novels,nouveau
language,langage
tresturnerent,trestourner
nomerent,nommer
assentir,assentir1
sulement,seulement
suget,sujet2
entreguerrierent,entreguerroyer
rapaierent,rapayer
curuné,couronner
Altel,autel1
sacré,sacrer
dedié,dédier
Enfant,enfant
baptizié,baptiser
crestïenté,chrétienté
Gregoire,Grégoire
apostoire,apostole
Augustin,Augustin
acumpaignié,accompagner
Quarante,quarante
preisié,priser1
Tanet,Thanet
Kantuorbire,Canterbury
ennura,honorer
Aldebert,Aldebert
Baptisiez,baptiser
creï,croire
Regeneree,régénérer
baptizie,baptiser
cunverti,convertir
sermunant,sermonner
Mustiers,moutier1
put,put
travailla,travailler
aturner,atourner
puralé,poraler
avironé,avironner2
anunciant,annoncer
prueceinement,prochainement
sermuna,sermonner
anuncia,annoncer
sermunot,sermonner
parlot,parler
pendeient,pendre
Cues,queue1
raies,raie2
cues,queue1
enveierent,envoyer
desenur,déshonneur
avilance,avilance
perpetuelment,perpétuellement
escharnirent,escharnir
Cué,cöer
eschar,eschar
laidi,laidir
luees,lieue
west,ouest
aresturent,arrêter
Chalt,chaud
Purpensot,pourpenser
aparu,apparoir
purposement,proposement
cuntien,contenir
seürement,sûrement
serfs,serf
pleis,plaire
Overte,ouvrir1
graantee,créanter
esguarda,égarder
uré,orer
agenuilla,agenouiller
fichié,ficher
veine,veine1
cuvri,couvrir
canel,canal
anceis,ainçois
Herbergie,héberger
cultivee,cultiver
cureit,courir
funteine,fontaine
surdeit,sourdre
Augustins,Augustin
cunforta,conforter
Cernel,Cernel
Cerno,cerno
cernis,cerno
ebreu,hébreu
ajusté,ajuster
Vei,voir1
abscisiun,abscision
Faite,faire
compositiun,composition
remenbrance,remembrance
oüm,ouïr
Saver,savoir1
demustra,démontrer
Saissun,Saxon
desira,désirer
sacrez,sacrer
abeÿe,abbaye
Ancïenement,anciennement
Dionot,Dionot
Departiz,départir
cumpaignies,compagnie
cuvenz,convent
labur,labeur
viveient,vivre1
susteneient,soutenir
primat,primat1
subjectiun,sujétion
cunfermement,confermement
tresturné,trestourner
adversaire,adversaire
geté,jeter
Cristïens,chrétien
Desdeing,dédain
semblë,sembler1
entremet,entremettre
parçonerie,parçonerie
Aldeberd,Aldebert
mustra,montrer
desdeigna,dédaigner
Elfrid,Elfrid
Dyonot,Dionot
clergié,clergé
professiun,profession
geldes,guilde
Brochinal,Brochinal
Mandé,mander
cuntr',contrester
Descunfiz,déconfire
religius,religieux
chanuine,chanoine
meïsmement,mêmement
Preier,prier
meistre,maître1
Eüssent,avoir1
religiun,religion
Hermite,ermite
citheein,citoyen
Querre,quérir
noalz,noals
tueïz,tuëiz
decolerent,décoller1
estuers,estordre
Martirs,martyr
cumfessors,confesseur
Bledric,Blederic
Esse,Exe
Adelstan,Adelstan
Tambre,Tambre
esluina,éloigner
Chatwan,Cadwan
Northwales,Nord+Galles
Margadud,Margadud
Suthwales,Sud+Galles
Malverne,Malvern
Aedelstan,Adelstan
destreinst,destreindre
Waie,Wye
Seisnes,Saxon
asemblé,assembler1
Cadwan,Cadwan
Serjanz,sergent1
Sunt,être1
encumbre,encombrer
destruira,détruire
chacera,chasser
defent,défendre1
Prendra,prendre
deseritera,déshériter
cuarz,couard1
avendreit,advenir
cumbateient,combattre
griefment,grièvement
entrehaeient,entrehaïr
cunseillié,conseiller2
esguart,égard
nort,nord
Greinur,graindre
Edwine,Edwin
Chadwallein,Cadwalan
chalcié,chausser1
apparaillié,appareiller1
puindre,poindre
Armoriche,Armorique
Chadwan,Cadwan
Chadwalein,Cadwalan
Chastels,château
Curuner,couronner
curz,cour
otreiast,octroyer
cunsentist,consentir
beneïz,bénir
curunez,couronner
maneit,manoir2
cunseillereit,conseiller2
parlereit,parler
loereit,louer1
respundreit,répondre
Duglas,Douglas
purveeir,pourvoir
seeir,seoir
passoent,passer1
cunseilz,conseil
portoent,porter1
Sumeil,sommeil
Brienz,Brian
Aedwine,Edwin
requereit,requérir
curuz,courroux
Suspira,soupirer
suspira,soupirer
emfla,enfler
Espessement,épaissement2
lerma,larmer
muidliez,mouiller
arusee,arroser
Brien,Brian
plures,pleurer
Curusciez,courroucer
curusçus,courrouceux
Briens,Brian
desfist,défaire
retaillier,retailler
abeissier,abaisser
Irïement,irément
respundu,répondre
cungié,congé
curunera,couronner
toldreit,tolir
ovoc,avec
abatreit,abattre1
cremeit,crémir
desfié,défier
irus,ireux
emflez,enfler
Serra,être1
eissil,exil2
entreguereient,entreguerroyer
Terres,terre1
saisissent,saisir
guaster,gâter
deseriter,déshériter
Sei,soi
Cadwalein,Cadwalan
desbareta,débarater
Chatwalein,Cadwalan
boscages,bocage1
tresturs,trestour
Alad,aller
alad,aller
henura,honorer
purprist,pourprendre
guasta,gâter
raïnst,raiembre
enditee,enditer
Virecestre,Winchester
Pelliz,Pellit
astronomie,astronomie
volanz,voler
cunisseit,connaître
entremeteit,entremettre
Nés,nef1
compainie,compagnie
siglant,cingler2
defendeit,défendre1
devinot,deviner
Serjant,sergent1
Guerpies,guerpir
eritez,hérité
Salomun,Salomon
siglé,cingler2
Gernerui,Guernesey
culchant,coucher
terrë,terre1
enferté,enferté
ague,aigu
returne,retourner
desirier,désirer
Preié,prier
desirus,désireux
Garçons,garçon
vadlez,valet1
Levriers,lévrier
Quistrent,quérir
plaines,plaine
faleises,falaise
muntaines,montagne1
avirunerent,avironner2
daim,daim
chevrol,chevreuil
braün,braon
Larder,larder
gusta,goûter1
guari,guérir
mettrë,mettre
Kidalet,Kidalet
Dinan,Dinan
ruine,ruine
enura,honorer
avancera,avancer
sujorné,séjourner
purchacees,pourchasser
mainees,maisniee
enveé,envoyer
tapinage,tapinage
aparaillé,appareiller1
enterunt,entrer
ariverunt,arriver
Turnent,tourner
Barbeflué,Barfleur
Suthamtune,Southampton
ferrin,ferrin
burdun,bourdon1
lungs,long
esmuluz,émoudre
luin,loin
Veiant,voir1
desguisant,déguiser
semblot,sembler1
peneant,penant
apuiant,appuyer
clopignant,clopiner
tapi,tapir
fardus,farde
mendis,mendi
cuneüe,connaître
quereit,quérir
cunuisse,connaître
cluignié,cligner
partienge,partenir
Pellit,Pellit
trespassot,trépasser
freür,frayeur2
aguaita,aguetter
butant,bouter1
cuintement,cointement
enterciez,entercier
demuçant,démusser
espleita,exploiter
Demandant,demander
demure,demeurer
Die,dire1
revendra,revenir
remaindra,remanoir
damagé,dommager
guarnissiez,garnir
guarni,garnir
Quei,quel
naceles,nacelle
Salomuns,Salomon
cusins,cousin
Peanda,Penda
aseeir,asseoir
Entrer,entrer
cuntees,conter
Pendu,pendre
succurre,secourir
curius,curieux
ligance,ligence
curteise,courtois
blandi,blandir1
suffert,souffrir
gastant,gâter
clamé,clamer
realtez,royauté
reduta,redouter
Helfelde,Helfelde
tençun,tançon
Osfriz,Osfrid
Orkenie,Orcanie
alaitanz,allaiter
valeir,valoir
eirs,hoir
maneirs,manoir1
Osriz,Osrid
baptistire,baptistère
nevuz,neveu
Oswald,Oswald
guerria,guerroyer1
fuieit,fuir
travaillier,travailler
Partie,partie
apareil,appareil1
fuereit,fuir
sieweit,suivre
Hevenfeld,Heavenfield
Celestiel,célestiel
aürez,aorer
Batez,battre
cupes,coulpe
repentez,repentir
humblement,humblement
aviengë,advenir
purrunt,pouvoir2
genuilluns,genouillons
Aürerent,aorer
Disciplines,discipline
venies,veine2
enbatre,embattre
eschaï,échoir
Jamés,jamais
otz,ost
Oswalt,Oswald
vedves,veuve
guastees,gâter
voides,vide
Oswi,Oswi
afieblie,affaiblir
apovrie,appauvrir
envaïsseit,envahir
submist,soumettre1
guardee,garder
defendi,défendre1
cunseillast,conseiller2
guereiast,guerroyer1
graantot,créanter
osereit,oser
cumencier,commencer
enfraindre,enfreindre
querreit,quérir
otriereit,octroyer
Pentecuste,pentecôte
curuner,couronner
dresça,dresser
Essoine,essoine
cunuissiez,connaître
Seissuine,Saxe
enveié,envoyer
purchace,pourchasser
purra,pouvoir2
esmoveir,émouvoir
pesot,peser1
chacerai,chasser
Jon,je.en2
Pose,pose
cumença,commencer
pose,pose
prenge,prendre
freis,frais2
amerunt,aimer
tendrunt,tenir
Membre,membrer
felunies,félonie
tricheries,tricherie
cruelté,cruauté
poïez,pouvoir2
larrïez,laisser
poëz,pouvoir2
Laissiez,laisser
cuvenir,convenir
pelice,pelicier1
ust,user
autrë,autre
estrangler,étrangler
defoler,défouler
tenud,tenir
rapelez,rappeler
cungiez,congé
grucereit,grocer
surquidez,surcuider
damaga,dommager
escordement,escordement
plaiseit,plaire
durreit,donner
cuncorde,concorde
triewe,trêve
munta,monter
engroissa,engrosser
espeissa,épaisser
orguilla,orgueiller
Leal,loyal
dreituriers,droiturier
Quarantë,quarante
engrota,engroter
quivre,cuivre1
tresjeter,tresjeter
apareillement,appareillement
Chadwaladres,Cadwalader
falte,faute
trovissiez,trouver
achater,acheter
partut,partout
peissuns,paisson1
salvagines,sauvagine1
veneisuns,venaison
fuilles,feuille
erbes,herbe
Mortalité,mortalité
corrumpu,corrompre
meisuns,maison
marchiez,marché
charues,charrue
Manjant,manger
chaeient,choir
Sudement,soudement
langur,langueur
mureient,mourir
Muerent,mourir
emfant,enfant
Muert,mourir
muillier,moillier
remeindre,remanoir
sultives,soltif
guastes,gast1
esgardastes,égarder
fuisuner,foisonner
fuïrent,fuir
Chalewadres,Cadwalader
Alain,Alain
Salemun,Salomon
lïement,liément
cunrea,conréer
Failliz,faillir
guast,gast1
laborast,labourer
Unze,onze
laboreurs,laboureur
nasquirent,naître
restorer,restaurer
laborer,labourer
Sessuine,Saxe
Viengent,venir
esforceement,efforciement
guaainier,gagner
espessement,épaissement2
multiplierent,multiplier
desturbast,détourber
custumes,coutume
lages,lague
Voldrent,vouloir
Kaer,Kaer
Suiz,Suiz
Tref,Tref
Tune,Tune
Map,Map
gualeis,galois3
Sune,Sune
Swiz,Suiz
bretanz,breton
parleüre,parlure
barunies,baronnie
seignuries,seigneurie
Tindrent,tenir
cumpasserent,compasser
Premier,premier1
enoinz,enoindre
Plusur,plusieurs
bastard,bâtard
Edward,Edward
urer,orer
graanta,créanter
Yne,Ine
Kalewadres,Cadwalader
revertir,revertir
poplee,peupler
eire,erre1
aparaillier,appareiller1
demustrement,démontrement
pleiseit,plaire
Laissast,laisser
Ireit,aller
beneürez,bienheurer
recuvereient,recouvrer
prophecie,prophétie
acumplie,accomplir
vendreit,venir
Serreient,être1
presentees,présenter
merveillant,merveiller
contrubla,controubler
anuncement,annoncement
Alein,Alain
Recunta,raconter
almaires,armoire
gramaires,grammaire
hystoires,histoire
pruver,prouver
visiun,vision
cuncordot,concorder
Aquile,Aquile
Sibille,Sibille
Yvor,Ivor
Yni,Ini
uxor,oisour
passerez,passer1
defalte,défaute
Serge,Serge
Quil,qui1.le
cheri,chérir
honura,honorer
cumfés,confès
nuesme,neuvième
terrïen,terrien1
posez,poser
paraïs,paradis
remasilles,remasille
apelums,appeler
septentrion,septentrion
peüssent,pouvoir2
forslignié,forligner
Gualun,Galon
Galaes,Galaes
lignee,lignée
Bruti,Brutus
incarnatiun,incarnation
redemptiun,rédemption
